2026-03-03 19:00:02 [] INFO  - Starting WebappApplicationTests using Java 21.0.7 with PID 7276 (started by Дима in C:\Users\Дима\Downloads\webappII\webapp)
2026-03-03 19:00:02 [] DEBUG - Running with Spring Boot v4.0.0, Spring v7.0.1
2026-03-03 19:00:02 [] INFO  - No active profile set, falling back to 1 default profile: "default"
2026-03-03 19:00:03 [] INFO  - Bootstrapping Spring Data JPA repositories in DEFAULT mode.
2026-03-03 19:00:03 [] INFO  - Finished Spring Data repository scanning in 53 ms. Found 3 JPA repository interfaces.
2026-03-03 19:00:04 [] INFO  - HHH000204: Processing PersistenceUnitInfo [name: default]
2026-03-03 19:00:04 [] INFO  - HHH000412: Hibernate ORM core version 7.1.8.Final
2026-03-03 19:00:04 [] INFO  - No LoadTimeWeaver setup: ignoring JPA class transformer
2026-03-03 19:00:04 [] INFO  - HikariPool-1 - Starting...
2026-03-03 19:00:04 [] INFO  - HikariPool-1 - Added connection org.postgresql.jdbc.PgConnection@758d4aa9
2026-03-03 19:00:04 [] INFO  - HikariPool-1 - Start completed.
2026-03-03 19:00:04 [] WARN  - HHH000342: Could not obtain connection to query JDBC database metadata
org.hibernate.boot.registry.selector.spi.StrategySelectionException: Unable to resolve name [org.hibernate.dialect.PostgresSQLDialect] as strategy [org.hibernate.dialect.Dialect]
	at org.hibernate.boot.registry.selector.internal.StrategySelectorImpl.selectStrategyImplementor(StrategySelectorImpl.java:83)
	at org.hibernate.boot.registry.selector.internal.StrategySelectorImpl.resolveStrategy(StrategySelectorImpl.java:163)
	at org.hibernate.boot.registry.selector.internal.StrategySelectorImpl.resolveStrategy(StrategySelectorImpl.java:118)
	at org.hibernate.engine.jdbc.dialect.internal.DialectFactoryImpl.constructDialect(DialectFactoryImpl.java:122)
	at org.hibernate.engine.jdbc.dialect.internal.DialectFactoryImpl.buildDialect(DialectFactoryImpl.java:87)
	at org.hibernate.engine.jdbc.env.internal.JdbcEnvironmentInitiator$1.execute(JdbcEnvironmentInitiator.java:388)
	at org.hibernate.engine.jdbc.env.internal.JdbcEnvironmentInitiator$1.execute(JdbcEnvironmentInitiator.java:356)
	at org.hibernate.jdbc.WorkExecutor.executeReturningWork(WorkExecutor.java:56)
	at org.hibernate.jdbc.AbstractReturningWork.accept(AbstractReturningWork.java:32)
	at org.hibernate.resource.transaction.backend.jdbc.internal.JdbcIsolationDelegate.doWorkAndCommit(JdbcIsolationDelegate.java:89)
	at org.hibernate.resource.transaction.backend.jdbc.internal.JdbcIsolationDelegate.delegateWork(JdbcIsolationDelegate.java:64)
	at org.hibernate.engine.jdbc.env.internal.JdbcEnvironmentInitiator.getJdbcEnvironmentUsingJdbcMetadata(JdbcEnvironmentInitiator.java:355)
	at org.hibernate.engine.jdbc.env.internal.JdbcEnvironmentInitiator.getJdbcEnvironment(JdbcEnvironmentInitiator.java:149)
	at org.hibernate.engine.jdbc.env.internal.JdbcEnvironmentInitiator.initiateService(JdbcEnvironmentInitiator.java:127)
	at org.hibernate.engine.jdbc.env.internal.JdbcEnvironmentInitiator.initiateService(JdbcEnvironmentInitiator.java:82)
	at org.hibernate.boot.registry.internal.StandardServiceRegistryImpl.initiateService(StandardServiceRegistryImpl.java:133)
	at org.hibernate.service.internal.AbstractServiceRegistryImpl.createService(AbstractServiceRegistryImpl.java:262)
	at org.hibernate.service.internal.AbstractServiceRegistryImpl.initializeService(AbstractServiceRegistryImpl.java:237)
	at org.hibernate.service.internal.AbstractServiceRegistryImpl.getService(AbstractServiceRegistryImpl.java:214)
	at org.hibernate.boot.model.relational.Database.<init>(Database.java:44)
	at org.hibernate.boot.internal.InFlightMetadataCollectorImpl.getDatabase(InFlightMetadataCollectorImpl.java:255)
	at org.hibernate.boot.internal.InFlightMetadataCollectorImpl.<init>(InFlightMetadataCollectorImpl.java:207)
	at org.hibernate.boot.model.process.spi.MetadataBuildingProcess.complete(MetadataBuildingProcess.java:185)
	at org.hibernate.jpa.boot.internal.EntityManagerFactoryBuilderImpl.metadata(EntityManagerFactoryBuilderImpl.java:1395)
	at org.hibernate.jpa.boot.internal.EntityManagerFactoryBuilderImpl.populateSessionFactoryBuilder(EntityManagerFactoryBuilderImpl.java:1475)
	at org.hibernate.jpa.boot.internal.EntityManagerFactoryBuilderImpl.build(EntityManagerFactoryBuilderImpl.java:1457)
	at org.springframework.orm.jpa.vendor.SpringHibernateJpaPersistenceProvider.createContainerEntityManagerFactory(SpringHibernateJpaPersistenceProvider.java:66)
	at org.springframework.orm.jpa.LocalContainerEntityManagerFactoryBean.createNativeEntityManagerFactory(LocalContainerEntityManagerFactoryBean.java:433)
	at org.springframework.orm.jpa.AbstractEntityManagerFactoryBean.buildNativeEntityManagerFactory(AbstractEntityManagerFactoryBean.java:416)
	at org.springframework.orm.jpa.AbstractEntityManagerFactoryBean.afterPropertiesSet(AbstractEntityManagerFactoryBean.java:396)
	at org.springframework.orm.jpa.LocalContainerEntityManagerFactoryBean.afterPropertiesSet(LocalContainerEntityManagerFactoryBean.java:409)
	at org.springframework.beans.factory.support.AbstractAutowireCapableBeanFactory.invokeInitMethods(AbstractAutowireCapableBeanFactory.java:1864)
	at org.springframework.beans.factory.support.AbstractAutowireCapableBeanFactory.initializeBean(AbstractAutowireCapableBeanFactory.java:1813)
	at org.springframework.beans.factory.support.AbstractAutowireCapableBeanFactory.doCreateBean(AbstractAutowireCapableBeanFactory.java:603)
	at org.springframework.beans.factory.support.AbstractAutowireCapableBeanFactory.createBean(AbstractAutowireCapableBeanFactory.java:525)
	at org.springframework.beans.factory.support.AbstractBeanFactory.lambda$doGetBean$0(AbstractBeanFactory.java:333)
	at org.springframework.beans.factory.support.DefaultSingletonBeanRegistry.getSingleton(DefaultSingletonBeanRegistry.java:371)
	at org.springframework.beans.factory.support.AbstractBeanFactory.doGetBean(AbstractBeanFactory.java:331)
	at org.springframework.beans.factory.support.AbstractBeanFactory.getBean(AbstractBeanFactory.java:201)
	at org.springframework.context.support.AbstractApplicationContext.finishBeanFactoryInitialization(AbstractApplicationContext.java:966)
	at org.springframework.context.support.AbstractApplicationContext.refresh(AbstractApplicationContext.java:620)
	at org.springframework.boot.SpringApplication.refresh(SpringApplication.java:765)
	at org.springframework.boot.SpringApplication.refreshContext(SpringApplication.java:454)
	at org.springframework.boot.SpringApplication.run(SpringApplication.java:321)
	at org.springframework.boot.test.context.SpringBootContextLoader.lambda$loadContext$2(SpringBootContextLoader.java:148)
	at org.springframework.util.function.ThrowingSupplier.get(ThrowingSupplier.java:58)
	at org.springframework.util.function.ThrowingSupplier.get(ThrowingSupplier.java:46)
	at org.springframework.boot.SpringApplication.withHook(SpringApplication.java:1474)
	at org.springframework.boot.test.context.SpringBootContextLoader$ContextLoaderHook.run(SpringBootContextLoader.java:573)
	at org.springframework.boot.test.context.SpringBootContextLoader.loadContext(SpringBootContextLoader.java:148)
	at org.springframework.boot.test.context.SpringBootContextLoader.loadContext(SpringBootContextLoader.java:114)
	at org.springframework.test.context.cache.DefaultCacheAwareContextLoaderDelegate.loadContextInternal(DefaultCacheAwareContextLoaderDelegate.java:247)
	at org.springframework.test.context.cache.DefaultCacheAwareContextLoaderDelegate.lambda$loadContext$0(DefaultCacheAwareContextLoaderDelegate.java:167)
	at org.springframework.test.context.cache.DefaultContextCache.put(DefaultContextCache.java:172)
	at org.springframework.test.context.cache.DefaultCacheAwareContextLoaderDelegate.loadContext(DefaultCacheAwareContextLoaderDelegate.java:160)
	at org.springframework.test.context.support.DefaultTestContext.getApplicationContext(DefaultTestContext.java:128)
	at org.springframework.test.context.web.ServletTestExecutionListener.setUpRequestContextIfNecessary(ServletTestExecutionListener.java:200)
	at org.springframework.test.context.web.ServletTestExecutionListener.prepareTestInstance(ServletTestExecutionListener.java:139)
	at org.springframework.test.context.TestContextManager.prepareTestInstance(TestContextManager.java:260)
	at org.springframework.test.context.junit.jupiter.SpringExtension.postProcessTestInstance(SpringExtension.java:203)
	at org.junit.jupiter.engine.descriptor.ClassBasedTestDescriptor.lambda$invokeTestInstancePostProcessors$1(ClassBasedTestDescriptor.java:423)
	at org.junit.jupiter.engine.descriptor.ClassBasedTestDescriptor.executeAndMaskThrowable(ClassBasedTestDescriptor.java:428)
	at org.junit.jupiter.engine.descriptor.ClassBasedTestDescriptor.lambda$invokeTestInstancePostProcessors$0(ClassBasedTestDescriptor.java:422)
	at java.base/java.util.stream.ForEachOps$ForEachOp$OfRef.accept(ForEachOps.java:184)
	at java.base/java.util.stream.ReferencePipeline$3$1.accept(ReferencePipeline.java:197)
	at java.base/java.util.stream.ReferencePipeline$2$1.accept(ReferencePipeline.java:179)
	at java.base/java.util.stream.ReferencePipeline$3$1.accept(ReferencePipeline.java:197)
	at java.base/java.util.ArrayList$ArrayListSpliterator.forEachRemaining(ArrayList.java:1708)
	at java.base/java.util.stream.AbstractPipeline.copyInto(AbstractPipeline.java:509)
	at java.base/java.util.stream.AbstractPipeline.wrapAndCopyInto(AbstractPipeline.java:499)
	at java.base/java.util.stream.ForEachOps$ForEachOp.evaluateSequential(ForEachOps.java:151)
	at java.base/java.util.stream.ForEachOps$ForEachOp$OfRef.evaluateSequential(ForEachOps.java:174)
	at java.base/java.util.stream.AbstractPipeline.evaluate(AbstractPipeline.java:234)
	at java.base/java.util.stream.ReferencePipeline.forEach(ReferencePipeline.java:596)
	at org.junit.jupiter.engine.descriptor.ClassBasedTestDescriptor.invokeTestInstancePostProcessors(ClassBasedTestDescriptor.java:422)
	at org.junit.jupiter.engine.descriptor.ClassBasedTestDescriptor.lambda$instantiateAndPostProcessTestInstance$0(ClassBasedTestDescriptor.java:334)
	at org.junit.platform.engine.support.hierarchical.ThrowableCollector.execute(ThrowableCollector.java:74)
	at org.junit.jupiter.engine.descriptor.ClassBasedTestDescriptor.instantiateAndPostProcessTestInstance(ClassBasedTestDescriptor.java:333)
	at org.junit.jupiter.engine.descriptor.ClassBasedTestDescriptor.lambda$testInstancesProvider$1(ClassBasedTestDescriptor.java:322)
	at java.base/java.util.Optional.orElseGet(Optional.java:364)
	at org.junit.jupiter.engine.descriptor.ClassBasedTestDescriptor.lambda$testInstancesProvider$0(ClassBasedTestDescriptor.java:321)
	at org.junit.jupiter.engine.execution.TestInstancesProvider.getTestInstances(TestInstancesProvider.java:27)
	at org.junit.jupiter.engine.descriptor.TestMethodTestDescriptor.lambda$prepare$0(TestMethodTestDescriptor.java:127)
	at org.junit.platform.engine.support.hierarchical.ThrowableCollector.execute(ThrowableCollector.java:74)
	at org.junit.jupiter.engine.descriptor.TestMethodTestDescriptor.prepare(TestMethodTestDescriptor.java:126)
	at org.junit.jupiter.engine.descriptor.TestMethodTestDescriptor.prepare(TestMethodTestDescriptor.java:70)
	at org.junit.platform.engine.support.hierarchical.NodeTestTask.lambda$prepare$0(NodeTestTask.java:144)
	at org.junit.platform.engine.support.hierarchical.ThrowableCollector.execute(ThrowableCollector.java:74)
	at org.junit.platform.engine.support.hierarchical.NodeTestTask.prepare(NodeTestTask.java:144)
	at org.junit.platform.engine.support.hierarchical.NodeTestTask.execute(NodeTestTask.java:110)
	at java.base/java.util.ArrayList.forEach(ArrayList.java:1596)
	at org.junit.platform.engine.support.hierarchical.SameThreadHierarchicalTestExecutorService.invokeAll(SameThreadHierarchicalTestExecutorService.java:42)
	at org.junit.platform.engine.support.hierarchical.NodeTestTask.lambda$executeRecursively$2(NodeTestTask.java:180)
	at org.junit.platform.engine.support.hierarchical.ThrowableCollector.execute(ThrowableCollector.java:74)
	at org.junit.platform.engine.support.hierarchical.NodeTestTask.lambda$executeRecursively$1(NodeTestTask.java:166)
	at org.junit.platform.engine.support.hierarchical.Node.around(Node.java:138)
	at org.junit.platform.engine.support.hierarchical.NodeTestTask.lambda$executeRecursively$0(NodeTestTask.java:164)
	at org.junit.platform.engine.support.hierarchical.ThrowableCollector.execute(ThrowableCollector.java:74)
	at org.junit.platform.engine.support.hierarchical.NodeTestTask.executeRecursively(NodeTestTask.java:163)
	at org.junit.platform.engine.support.hierarchical.NodeTestTask.execute(NodeTestTask.java:116)
	at java.base/java.util.ArrayList.forEach(ArrayList.java:1596)
	at org.junit.platform.engine.support.hierarchical.SameThreadHierarchicalTestExecutorService.invokeAll(SameThreadHierarchicalTestExecutorService.java:42)
	at org.junit.platform.engine.support.hierarchical.NodeTestTask.lambda$executeRecursively$2(NodeTestTask.java:180)
	at org.junit.platform.engine.support.hierarchical.ThrowableCollector.execute(ThrowableCollector.java:74)
	at org.junit.platform.engine.support.hierarchical.NodeTestTask.lambda$executeRecursively$1(NodeTestTask.java:166)
	at org.junit.platform.engine.support.hierarchical.Node.around(Node.java:138)
	at org.junit.platform.engine.support.hierarchical.NodeTestTask.lambda$executeRecursively$0(NodeTestTask.java:164)
	at org.junit.platform.engine.support.hierarchical.ThrowableCollector.execute(ThrowableCollector.java:74)
	at org.junit.platform.engine.support.hierarchical.NodeTestTask.executeRecursively(NodeTestTask.java:163)
	at org.junit.platform.engine.support.hierarchical.NodeTestTask.execute(NodeTestTask.java:116)
	at org.junit.platform.engine.support.hierarchical.SameThreadHierarchicalTestExecutorService.submit(SameThreadHierarchicalTestExecutorService.java:36)
	at org.junit.platform.engine.support.hierarchical.HierarchicalTestExecutor.execute(HierarchicalTestExecutor.java:52)
	at org.junit.platform.engine.support.hierarchical.HierarchicalTestEngine.execute(HierarchicalTestEngine.java:58)
	at org.junit.platform.launcher.core.EngineExecutionOrchestrator.executeEngine(EngineExecutionOrchestrator.java:246)
	at org.junit.platform.launcher.core.EngineExecutionOrchestrator.failOrExecuteEngine(EngineExecutionOrchestrator.java:218)
	at org.junit.platform.launcher.core.EngineExecutionOrchestrator.execute(EngineExecutionOrchestrator.java:179)
	at org.junit.platform.launcher.core.EngineExecutionOrchestrator.execute(EngineExecutionOrchestrator.java:108)
	at org.junit.platform.launcher.core.EngineExecutionOrchestrator.lambda$execute$0(EngineExecutionOrchestrator.java:66)
	at org.junit.platform.launcher.core.EngineExecutionOrchestrator.withInterceptedStreams(EngineExecutionOrchestrator.java:157)
	at org.junit.platform.launcher.core.EngineExecutionOrchestrator.execute(EngineExecutionOrchestrator.java:65)
	at org.junit.platform.launcher.core.DefaultLauncher.execute(DefaultLauncher.java:125)
	at org.junit.platform.launcher.core.DefaultLauncher.execute(DefaultLauncher.java:114)
	at org.junit.platform.launcher.core.DefaultLauncher.execute(DefaultLauncher.java:93)
	at org.junit.platform.launcher.core.DelegatingLauncher.execute(DelegatingLauncher.java:48)
	at org.junit.platform.launcher.core.InterceptingLauncher.lambda$execute$0(InterceptingLauncher.java:41)
	at org.junit.platform.launcher.core.ClasspathAlignmentCheckingLauncherInterceptor.intercept(ClasspathAlignmentCheckingLauncherInterceptor.java:25)
	at org.junit.platform.launcher.core.InterceptingLauncher.execute(InterceptingLauncher.java:40)
	at org.junit.platform.launcher.core.DelegatingLauncher.execute(DelegatingLauncher.java:48)
	at org.junit.platform.launcher.core.SessionPerRequestLauncher.execute(SessionPerRequestLauncher.java:67)
	at com.intellij.junit5.JUnit5IdeaTestRunner.startRunnerWithArgs(JUnit5IdeaTestRunner.java:57)
	at com.intellij.rt.junit.IdeaTestRunner$Repeater$1.execute(IdeaTestRunner.java:38)
	at com.intellij.rt.execution.junit.TestsRepeater.repeat(TestsRepeater.java:11)
	at com.intellij.rt.junit.IdeaTestRunner$Repeater.startRunnerWithArgs(IdeaTestRunner.java:35)
	at com.intellij.rt.junit.JUnitStarter.prepareStreamsAndStart(JUnitStarter.java:231)
	at com.intellij.rt.junit.JUnitStarter.main(JUnitStarter.java:55)
Caused by: org.hibernate.boot.registry.classloading.spi.ClassLoadingException: Unable to load class [org.hibernate.dialect.PostgresSQLDialect]
	at org.hibernate.boot.registry.classloading.internal.ClassLoaderServiceImpl.classForName(ClassLoaderServiceImpl.java:90)
	at org.hibernate.boot.registry.selector.internal.StrategySelectorImpl.selectStrategyImplementor(StrategySelectorImpl.java:79)
	... 134 common frames omitted
Caused by: java.lang.ClassNotFoundException: Could not load requested class: org.hibernate.dialect.PostgresSQLDialect
	at org.hibernate.boot.registry.classloading.internal.AggregatedClassLoader.findClass(AggregatedClassLoader.java:198)
	at java.base/java.lang.ClassLoader.loadClass(ClassLoader.java:593)
	at java.base/java.lang.ClassLoader.loadClass(ClassLoader.java:526)
	at java.base/java.lang.Class.forName0(Native Method)
	at java.base/java.lang.Class.forName(Class.java:534)
	at java.base/java.lang.Class.forName(Class.java:513)
	at org.hibernate.boot.registry.classloading.internal.ClassLoaderServiceImpl.classForName(ClassLoaderServiceImpl.java:87)
	... 135 common frames omitted
	Suppressed: java.lang.ClassNotFoundException: org.hibernate.dialect.PostgresSQLDialect
		at java.base/jdk.internal.loader.BuiltinClassLoader.loadClass(BuiltinClassLoader.java:641)
		at java.base/jdk.internal.loader.ClassLoaders$AppClassLoader.loadClass(ClassLoaders.java:188)
		at java.base/java.lang.ClassLoader.loadClass(ClassLoader.java:526)
		at org.hibernate.boot.registry.classloading.internal.AggregatedClassLoader.findClass(AggregatedClassLoader.java:202)
		... 141 common frames omitted
	Suppressed: java.lang.ClassNotFoundException: org.hibernate.dialect.PostgresSQLDialect
		at java.base/jdk.internal.loader.BuiltinClassLoader.loadClass(BuiltinClassLoader.java:641)
		at java.base/jdk.internal.loader.ClassLoaders$AppClassLoader.loadClass(ClassLoaders.java:188)
		at java.base/java.lang.ClassLoader.loadClass(ClassLoader.java:526)
		at org.hibernate.boot.registry.classloading.internal.AggregatedClassLoader.findClass(AggregatedClassLoader.java:202)
		... 141 common frames omitted
	Suppressed: java.lang.ClassNotFoundException: org.hibernate.dialect.PostgresSQLDialect
		at java.base/jdk.internal.loader.BuiltinClassLoader.loadClass(BuiltinClassLoader.java:641)
		at java.base/jdk.internal.loader.ClassLoaders$AppClassLoader.loadClass(ClassLoaders.java:188)
		at java.base/java.lang.ClassLoader.loadClass(ClassLoader.java:526)
		at org.hibernate.boot.registry.classloading.internal.AggregatedClassLoader.findClass(AggregatedClassLoader.java:202)
		... 141 common frames omitted
2026-03-03 19:00:04 [] ERROR - Failed to initialize JPA EntityManagerFactory: Unable to create requested service [org.hibernate.engine.jdbc.env.spi.JdbcEnvironment] due to: Unable to resolve name [org.hibernate.dialect.PostgresSQLDialect] as strategy [org.hibernate.dialect.Dialect]
2026-03-03 19:00:04 [] WARN  - Exception encountered during context initialization - cancelling refresh attempt: org.springframework.beans.factory.BeanCreationException: Error creating bean with name 'entityManagerFactory' defined in class path resource [org/springframework/boot/hibernate/autoconfigure/HibernateJpaConfiguration.class]: Unable to create requested service [org.hibernate.engine.jdbc.env.spi.JdbcEnvironment] due to: Unable to resolve name [org.hibernate.dialect.PostgresSQLDialect] as strategy [org.hibernate.dialect.Dialect]
2026-03-03 19:00:04 [] INFO  - HikariPool-1 - Shutdown initiated...
2026-03-03 19:00:05 [] INFO  - HikariPool-1 - Shutdown completed.
2026-03-03 19:00:05 [] INFO  - 

Error starting ApplicationContext. To display the condition evaluation report re-run your application with 'debug' enabled.
2026-03-03 19:00:05 [] ERROR - Application run failed
org.springframework.beans.factory.BeanCreationException: Error creating bean with name 'entityManagerFactory' defined in class path resource [org/springframework/boot/hibernate/autoconfigure/HibernateJpaConfiguration.class]: Unable to create requested service [org.hibernate.engine.jdbc.env.spi.JdbcEnvironment] due to: Unable to resolve name [org.hibernate.dialect.PostgresSQLDialect] as strategy [org.hibernate.dialect.Dialect]
	at org.springframework.beans.factory.support.AbstractAutowireCapableBeanFactory.initializeBean(AbstractAutowireCapableBeanFactory.java:1817)
	at org.springframework.beans.factory.support.AbstractAutowireCapableBeanFactory.doCreateBean(AbstractAutowireCapableBeanFactory.java:603)
	at org.springframework.beans.factory.support.AbstractAutowireCapableBeanFactory.createBean(AbstractAutowireCapableBeanFactory.java:525)
	at org.springframework.beans.factory.support.AbstractBeanFactory.lambda$doGetBean$0(AbstractBeanFactory.java:333)
	at org.springframework.beans.factory.support.DefaultSingletonBeanRegistry.getSingleton(DefaultSingletonBeanRegistry.java:371)
	at org.springframework.beans.factory.support.AbstractBeanFactory.doGetBean(AbstractBeanFactory.java:331)
	at org.springframework.beans.factory.support.AbstractBeanFactory.getBean(AbstractBeanFactory.java:201)
	at org.springframework.context.support.AbstractApplicationContext.finishBeanFactoryInitialization(AbstractApplicationContext.java:966)
	at org.springframework.context.support.AbstractApplicationContext.refresh(AbstractApplicationContext.java:620)
	at org.springframework.boot.SpringApplication.refresh(SpringApplication.java:765)
	at org.springframework.boot.SpringApplication.refreshContext(SpringApplication.java:454)
	at org.springframework.boot.SpringApplication.run(SpringApplication.java:321)
	at org.springframework.boot.test.context.SpringBootContextLoader.lambda$loadContext$2(SpringBootContextLoader.java:148)
	at org.springframework.util.function.ThrowingSupplier.get(ThrowingSupplier.java:58)
	at org.springframework.util.function.ThrowingSupplier.get(ThrowingSupplier.java:46)
	at org.springframework.boot.SpringApplication.withHook(SpringApplication.java:1474)
	at org.springframework.boot.test.context.SpringBootContextLoader$ContextLoaderHook.run(SpringBootContextLoader.java:573)
	at org.springframework.boot.test.context.SpringBootContextLoader.loadContext(SpringBootContextLoader.java:148)
	at org.springframework.boot.test.context.SpringBootContextLoader.loadContext(SpringBootContextLoader.java:114)
	at org.springframework.test.context.cache.DefaultCacheAwareContextLoaderDelegate.loadContextInternal(DefaultCacheAwareContextLoaderDelegate.java:247)
	at org.springframework.test.context.cache.DefaultCacheAwareContextLoaderDelegate.lambda$loadContext$0(DefaultCacheAwareContextLoaderDelegate.java:167)
	at org.springframework.test.context.cache.DefaultContextCache.put(DefaultContextCache.java:172)
	at org.springframework.test.context.cache.DefaultCacheAwareContextLoaderDelegate.loadContext(DefaultCacheAwareContextLoaderDelegate.java:160)
	at org.springframework.test.context.support.DefaultTestContext.getApplicationContext(DefaultTestContext.java:128)
	at org.springframework.test.context.web.ServletTestExecutionListener.setUpRequestContextIfNecessary(ServletTestExecutionListener.java:200)
	at org.springframework.test.context.web.ServletTestExecutionListener.prepareTestInstance(ServletTestExecutionListener.java:139)
	at org.springframework.test.context.TestContextManager.prepareTestInstance(TestContextManager.java:260)
	at org.springframework.test.context.junit.jupiter.SpringExtension.postProcessTestInstance(SpringExtension.java:203)
	at org.junit.jupiter.engine.descriptor.ClassBasedTestDescriptor.lambda$invokeTestInstancePostProcessors$1(ClassBasedTestDescriptor.java:423)
	at org.junit.jupiter.engine.descriptor.ClassBasedTestDescriptor.executeAndMaskThrowable(ClassBasedTestDescriptor.java:428)
	at org.junit.jupiter.engine.descriptor.ClassBasedTestDescriptor.lambda$invokeTestInstancePostProcessors$0(ClassBasedTestDescriptor.java:422)
	at java.base/java.util.stream.ForEachOps$ForEachOp$OfRef.accept(ForEachOps.java:184)
	at java.base/java.util.stream.ReferencePipeline$3$1.accept(ReferencePipeline.java:197)
	at java.base/java.util.stream.ReferencePipeline$2$1.accept(ReferencePipeline.java:179)
	at java.base/java.util.stream.ReferencePipeline$3$1.accept(ReferencePipeline.java:197)
	at java.base/java.util.ArrayList$ArrayListSpliterator.forEachRemaining(ArrayList.java:1708)
	at java.base/java.util.stream.AbstractPipeline.copyInto(AbstractPipeline.java:509)
	at java.base/java.util.stream.AbstractPipeline.wrapAndCopyInto(AbstractPipeline.java:499)
	at java.base/java.util.stream.ForEachOps$ForEachOp.evaluateSequential(ForEachOps.java:151)
	at java.base/java.util.stream.ForEachOps$ForEachOp$OfRef.evaluateSequential(ForEachOps.java:174)
	at java.base/java.util.stream.AbstractPipeline.evaluate(AbstractPipeline.java:234)
	at java.base/java.util.stream.ReferencePipeline.forEach(ReferencePipeline.java:596)
	at org.junit.jupiter.engine.descriptor.ClassBasedTestDescriptor.invokeTestInstancePostProcessors(ClassBasedTestDescriptor.java:422)
	at org.junit.jupiter.engine.descriptor.ClassBasedTestDescriptor.lambda$instantiateAndPostProcessTestInstance$0(ClassBasedTestDescriptor.java:334)
	at org.junit.platform.engine.support.hierarchical.ThrowableCollector.execute(ThrowableCollector.java:74)
	at org.junit.jupiter.engine.descriptor.ClassBasedTestDescriptor.instantiateAndPostProcessTestInstance(ClassBasedTestDescriptor.java:333)
	at org.junit.jupiter.engine.descriptor.ClassBasedTestDescriptor.lambda$testInstancesProvider$1(ClassBasedTestDescriptor.java:322)
	at java.base/java.util.Optional.orElseGet(Optional.java:364)
	at org.junit.jupiter.engine.descriptor.ClassBasedTestDescriptor.lambda$testInstancesProvider$0(ClassBasedTestDescriptor.java:321)
	at org.junit.jupiter.engine.execution.TestInstancesProvider.getTestInstances(TestInstancesProvider.java:27)
	at org.junit.jupiter.engine.descriptor.TestMethodTestDescriptor.lambda$prepare$0(TestMethodTestDescriptor.java:127)
	at org.junit.platform.engine.support.hierarchical.ThrowableCollector.execute(ThrowableCollector.java:74)
	at org.junit.jupiter.engine.descriptor.TestMethodTestDescriptor.prepare(TestMethodTestDescriptor.java:126)
	at org.junit.jupiter.engine.descriptor.TestMethodTestDescriptor.prepare(TestMethodTestDescriptor.java:70)
	at org.junit.platform.engine.support.hierarchical.NodeTestTask.lambda$prepare$0(NodeTestTask.java:144)
	at org.junit.platform.engine.support.hierarchical.ThrowableCollector.execute(ThrowableCollector.java:74)
	at org.junit.platform.engine.support.hierarchical.NodeTestTask.prepare(NodeTestTask.java:144)
	at org.junit.platform.engine.support.hierarchical.NodeTestTask.execute(NodeTestTask.java:110)
	at java.base/java.util.ArrayList.forEach(ArrayList.java:1596)
	at org.junit.platform.engine.support.hierarchical.SameThreadHierarchicalTestExecutorService.invokeAll(SameThreadHierarchicalTestExecutorService.java:42)
	at org.junit.platform.engine.support.hierarchical.NodeTestTask.lambda$executeRecursively$2(NodeTestTask.java:180)
	at org.junit.platform.engine.support.hierarchical.ThrowableCollector.execute(ThrowableCollector.java:74)
	at org.junit.platform.engine.support.hierarchical.NodeTestTask.lambda$executeRecursively$1(NodeTestTask.java:166)
	at org.junit.platform.engine.support.hierarchical.Node.around(Node.java:138)
	at org.junit.platform.engine.support.hierarchical.NodeTestTask.lambda$executeRecursively$0(NodeTestTask.java:164)
	at org.junit.platform.engine.support.hierarchical.ThrowableCollector.execute(ThrowableCollector.java:74)
	at org.junit.platform.engine.support.hierarchical.NodeTestTask.executeRecursively(NodeTestTask.java:163)
	at org.junit.platform.engine.support.hierarchical.NodeTestTask.execute(NodeTestTask.java:116)
	at java.base/java.util.ArrayList.forEach(ArrayList.java:1596)
	at org.junit.platform.engine.support.hierarchical.SameThreadHierarchicalTestExecutorService.invokeAll(SameThreadHierarchicalTestExecutorService.java:42)
	at org.junit.platform.engine.support.hierarchical.NodeTestTask.lambda$executeRecursively$2(NodeTestTask.java:180)
	at org.junit.platform.engine.support.hierarchical.ThrowableCollector.execute(ThrowableCollector.java:74)
	at org.junit.platform.engine.support.hierarchical.NodeTestTask.lambda$executeRecursively$1(NodeTestTask.java:166)
	at org.junit.platform.engine.support.hierarchical.Node.around(Node.java:138)
	at org.junit.platform.engine.support.hierarchical.NodeTestTask.lambda$executeRecursively$0(NodeTestTask.java:164)
	at org.junit.platform.engine.support.hierarchical.ThrowableCollector.execute(ThrowableCollector.java:74)
	at org.junit.platform.engine.support.hierarchical.NodeTestTask.executeRecursively(NodeTestTask.java:163)
	at org.junit.platform.engine.support.hierarchical.NodeTestTask.execute(NodeTestTask.java:116)
	at org.junit.platform.engine.support.hierarchical.SameThreadHierarchicalTestExecutorService.submit(SameThreadHierarchicalTestExecutorService.java:36)
	at org.junit.platform.engine.support.hierarchical.HierarchicalTestExecutor.execute(HierarchicalTestExecutor.java:52)
	at org.junit.platform.engine.support.hierarchical.HierarchicalTestEngine.execute(HierarchicalTestEngine.java:58)
	at org.junit.platform.launcher.core.EngineExecutionOrchestrator.executeEngine(EngineExecutionOrchestrator.java:246)
	at org.junit.platform.launcher.core.EngineExecutionOrchestrator.failOrExecuteEngine(EngineExecutionOrchestrator.java:218)
	at org.junit.platform.launcher.core.EngineExecutionOrchestrator.execute(EngineExecutionOrchestrator.java:179)
	at org.junit.platform.launcher.core.EngineExecutionOrchestrator.execute(EngineExecutionOrchestrator.java:108)
	at org.junit.platform.launcher.core.EngineExecutionOrchestrator.lambda$execute$0(EngineExecutionOrchestrator.java:66)
	at org.junit.platform.launcher.core.EngineExecutionOrchestrator.withInterceptedStreams(EngineExecutionOrchestrator.java:157)
	at org.junit.platform.launcher.core.EngineExecutionOrchestrator.execute(EngineExecutionOrchestrator.java:65)
	at org.junit.platform.launcher.core.DefaultLauncher.execute(DefaultLauncher.java:125)
	at org.junit.platform.launcher.core.DefaultLauncher.execute(DefaultLauncher.java:114)
	at org.junit.platform.launcher.core.DefaultLauncher.execute(DefaultLauncher.java:93)
	at org.junit.platform.launcher.core.DelegatingLauncher.execute(DelegatingLauncher.java:48)
	at org.junit.platform.launcher.core.InterceptingLauncher.lambda$execute$0(InterceptingLauncher.java:41)
	at org.junit.platform.launcher.core.ClasspathAlignmentCheckingLauncherInterceptor.intercept(ClasspathAlignmentCheckingLauncherInterceptor.java:25)
	at org.junit.platform.launcher.core.InterceptingLauncher.execute(InterceptingLauncher.java:40)
	at org.junit.platform.launcher.core.DelegatingLauncher.execute(DelegatingLauncher.java:48)
	at org.junit.platform.launcher.core.SessionPerRequestLauncher.execute(SessionPerRequestLauncher.java:67)
	at com.intellij.junit5.JUnit5IdeaTestRunner.startRunnerWithArgs(JUnit5IdeaTestRunner.java:57)
	at com.intellij.rt.junit.IdeaTestRunner$Repeater$1.execute(IdeaTestRunner.java:38)
	at com.intellij.rt.execution.junit.TestsRepeater.repeat(TestsRepeater.java:11)
	at com.intellij.rt.junit.IdeaTestRunner$Repeater.startRunnerWithArgs(IdeaTestRunner.java:35)
	at com.intellij.rt.junit.JUnitStarter.prepareStreamsAndStart(JUnitStarter.java:231)
	at com.intellij.rt.junit.JUnitStarter.main(JUnitStarter.java:55)
Caused by: org.hibernate.service.spi.ServiceException: Unable to create requested service [org.hibernate.engine.jdbc.env.spi.JdbcEnvironment] due to: Unable to resolve name [org.hibernate.dialect.PostgresSQLDialect] as strategy [org.hibernate.dialect.Dialect]
	at org.hibernate.service.internal.AbstractServiceRegistryImpl.createService(AbstractServiceRegistryImpl.java:275)
	at org.hibernate.service.internal.AbstractServiceRegistryImpl.initializeService(AbstractServiceRegistryImpl.java:237)
	at org.hibernate.service.internal.AbstractServiceRegistryImpl.getService(AbstractServiceRegistryImpl.java:214)
	at org.hibernate.boot.model.relational.Database.<init>(Database.java:44)
	at org.hibernate.boot.internal.InFlightMetadataCollectorImpl.getDatabase(InFlightMetadataCollectorImpl.java:255)
	at org.hibernate.boot.internal.InFlightMetadataCollectorImpl.<init>(InFlightMetadataCollectorImpl.java:207)
	at org.hibernate.boot.model.process.spi.MetadataBuildingProcess.complete(MetadataBuildingProcess.java:185)
	at org.hibernate.jpa.boot.internal.EntityManagerFactoryBuilderImpl.metadata(EntityManagerFactoryBuilderImpl.java:1395)
	at org.hibernate.jpa.boot.internal.EntityManagerFactoryBuilderImpl.populateSessionFactoryBuilder(EntityManagerFactoryBuilderImpl.java:1475)
	at org.hibernate.jpa.boot.internal.EntityManagerFactoryBuilderImpl.build(EntityManagerFactoryBuilderImpl.java:1457)
	at org.springframework.orm.jpa.vendor.SpringHibernateJpaPersistenceProvider.createContainerEntityManagerFactory(SpringHibernateJpaPersistenceProvider.java:66)
	at org.springframework.orm.jpa.LocalContainerEntityManagerFactoryBean.createNativeEntityManagerFactory(LocalContainerEntityManagerFactoryBean.java:433)
	at org.springframework.orm.jpa.AbstractEntityManagerFactoryBean.buildNativeEntityManagerFactory(AbstractEntityManagerFactoryBean.java:416)
	at org.springframework.orm.jpa.AbstractEntityManagerFactoryBean.afterPropertiesSet(AbstractEntityManagerFactoryBean.java:396)
	at org.springframework.orm.jpa.LocalContainerEntityManagerFactoryBean.afterPropertiesSet(LocalContainerEntityManagerFactoryBean.java:409)
	at org.springframework.beans.factory.support.AbstractAutowireCapableBeanFactory.invokeInitMethods(AbstractAutowireCapableBeanFactory.java:1864)
	at org.springframework.beans.factory.support.AbstractAutowireCapableBeanFactory.initializeBean(AbstractAutowireCapableBeanFactory.java:1813)
	... 102 common frames omitted
Caused by: org.hibernate.boot.registry.selector.spi.StrategySelectionException: Unable to resolve name [org.hibernate.dialect.PostgresSQLDialect] as strategy [org.hibernate.dialect.Dialect]
	at org.hibernate.boot.registry.selector.internal.StrategySelectorImpl.selectStrategyImplementor(StrategySelectorImpl.java:83)
	at org.hibernate.boot.registry.selector.internal.StrategySelectorImpl.resolveStrategy(StrategySelectorImpl.java:163)
	at org.hibernate.boot.registry.selector.internal.StrategySelectorImpl.resolveStrategy(StrategySelectorImpl.java:118)
	at org.hibernate.engine.jdbc.dialect.internal.DialectFactoryImpl.constructDialect(DialectFactoryImpl.java:122)
	at org.hibernate.engine.jdbc.dialect.internal.DialectFactoryImpl.buildDialect(DialectFactoryImpl.java:87)
	at org.hibernate.engine.jdbc.env.internal.JdbcEnvironmentInitiator.getJdbcEnvironmentWithDefaults(JdbcEnvironmentInitiator.java:207)
	at org.hibernate.engine.jdbc.env.internal.JdbcEnvironmentInitiator.getJdbcEnvironmentUsingJdbcMetadata(JdbcEnvironmentInitiator.java:432)
	at org.hibernate.engine.jdbc.env.internal.JdbcEnvironmentInitiator.getJdbcEnvironment(JdbcEnvironmentInitiator.java:149)
	at org.hibernate.engine.jdbc.env.internal.JdbcEnvironmentInitiator.initiateService(JdbcEnvironmentInitiator.java:127)
	at org.hibernate.engine.jdbc.env.internal.JdbcEnvironmentInitiator.initiateService(JdbcEnvironmentInitiator.java:82)
	at org.hibernate.boot.registry.internal.StandardServiceRegistryImpl.initiateService(StandardServiceRegistryImpl.java:133)
	at org.hibernate.service.internal.AbstractServiceRegistryImpl.createService(AbstractServiceRegistryImpl.java:262)
	... 118 common frames omitted
Caused by: org.hibernate.boot.registry.classloading.spi.ClassLoadingException: Unable to load class [org.hibernate.dialect.PostgresSQLDialect]
	at org.hibernate.boot.registry.classloading.internal.ClassLoaderServiceImpl.classForName(ClassLoaderServiceImpl.java:90)
	at org.hibernate.boot.registry.selector.internal.StrategySelectorImpl.selectStrategyImplementor(StrategySelectorImpl.java:79)
	... 129 common frames omitted
Caused by: java.lang.ClassNotFoundException: Could not load requested class: org.hibernate.dialect.PostgresSQLDialect
	at org.hibernate.boot.registry.classloading.internal.AggregatedClassLoader.findClass(AggregatedClassLoader.java:198)
	at java.base/java.lang.ClassLoader.loadClass(ClassLoader.java:593)
	at java.base/java.lang.ClassLoader.loadClass(ClassLoader.java:526)
	at java.base/java.lang.Class.forName0(Native Method)
	at java.base/java.lang.Class.forName(Class.java:534)
	at java.base/java.lang.Class.forName(Class.java:513)
	at org.hibernate.boot.registry.classloading.internal.ClassLoaderServiceImpl.classForName(ClassLoaderServiceImpl.java:87)
	... 130 common frames omitted
	Suppressed: java.lang.ClassNotFoundException: org.hibernate.dialect.PostgresSQLDialect
		at java.base/jdk.internal.loader.BuiltinClassLoader.loadClass(BuiltinClassLoader.java:641)
		at java.base/jdk.internal.loader.ClassLoaders$AppClassLoader.loadClass(ClassLoaders.java:188)
		at java.base/java.lang.ClassLoader.loadClass(ClassLoader.java:526)
		at org.hibernate.boot.registry.classloading.internal.AggregatedClassLoader.findClass(AggregatedClassLoader.java:202)
		... 136 common frames omitted
	Suppressed: java.lang.ClassNotFoundException: org.hibernate.dialect.PostgresSQLDialect
		at java.base/jdk.internal.loader.BuiltinClassLoader.loadClass(BuiltinClassLoader.java:641)
		at java.base/jdk.internal.loader.ClassLoaders$AppClassLoader.loadClass(ClassLoaders.java:188)
		at java.base/java.lang.ClassLoader.loadClass(ClassLoader.java:526)
		at org.hibernate.boot.registry.classloading.internal.AggregatedClassLoader.findClass(AggregatedClassLoader.java:202)
		... 136 common frames omitted
	Suppressed: java.lang.ClassNotFoundException: org.hibernate.dialect.PostgresSQLDialect
		at java.base/jdk.internal.loader.BuiltinClassLoader.loadClass(BuiltinClassLoader.java:641)
		at java.base/jdk.internal.loader.ClassLoaders$AppClassLoader.loadClass(ClassLoaders.java:188)
		at java.base/java.lang.ClassLoader.loadClass(ClassLoader.java:526)
		at org.hibernate.boot.registry.classloading.internal.AggregatedClassLoader.findClass(AggregatedClassLoader.java:202)
		... 136 common frames omitted
2026-03-03 19:00:05 [] WARN  - Caught exception while allowing TestExecutionListener [org.springframework.test.context.web.ServletTestExecutionListener] to prepare test instance [com.site.webapp.WebappApplicationTests@33e8694b]
java.lang.IllegalStateException: Failed to load ApplicationContext for [WebMergedContextConfiguration@2d0778d0 testClass = com.site.webapp.WebappApplicationTests, locations = [], classes = [com.site.webapp.WebappApplication], contextInitializerClasses = [], activeProfiles = [], propertySourceDescriptors = [], propertySourceProperties = ["org.springframework.boot.test.context.SpringBootTestContextBootstrapper=true"], contextCustomizers = [org.springframework.boot.test.context.PropertyMappingContextCustomizer@0, org.springframework.boot.test.context.filter.ExcludeFilterContextCustomizer@5149f008, org.springframework.boot.test.json.DuplicateJsonObjectContextCustomizerFactory$DuplicateJsonObjectContextCustomizer@40f33492, org.springframework.test.context.support.DynamicPropertiesContextCustomizer@0, org.springframework.boot.webmvc.test.autoconfigure.WebDriverContextCustomizer@30c31dd7, org.springframework.boot.web.server.context.SpringBootTestRandomPortContextCustomizerFactory$Customizer@c1fca1e, org.springframework.boot.test.autoconfigure.OnFailureConditionReportContextCustomizerFactory$OnFailureConditionReportContextCustomizer@615f972, org.springframework.boot.test.context.SpringBootTestAnnotation@5c65300], resourceBasePath = "src/main/webapp", contextLoader = org.springframework.boot.test.context.SpringBootContextLoader, parent = null]
	at org.springframework.test.context.cache.DefaultCacheAwareContextLoaderDelegate.lambda$loadContext$0(DefaultCacheAwareContextLoaderDelegate.java:195)
	at org.springframework.test.context.cache.DefaultContextCache.put(DefaultContextCache.java:172)
	at org.springframework.test.context.cache.DefaultCacheAwareContextLoaderDelegate.loadContext(DefaultCacheAwareContextLoaderDelegate.java:160)
	at org.springframework.test.context.support.DefaultTestContext.getApplicationContext(DefaultTestContext.java:128)
	at org.springframework.test.context.web.ServletTestExecutionListener.setUpRequestContextIfNecessary(ServletTestExecutionListener.java:200)
	at org.springframework.test.context.web.ServletTestExecutionListener.prepareTestInstance(ServletTestExecutionListener.java:139)
	at org.springframework.test.context.TestContextManager.prepareTestInstance(TestContextManager.java:260)
	at org.springframework.test.context.junit.jupiter.SpringExtension.postProcessTestInstance(SpringExtension.java:203)
	at org.junit.jupiter.engine.descriptor.ClassBasedTestDescriptor.lambda$invokeTestInstancePostProcessors$1(ClassBasedTestDescriptor.java:423)
	at org.junit.jupiter.engine.descriptor.ClassBasedTestDescriptor.executeAndMaskThrowable(ClassBasedTestDescriptor.java:428)
	at org.junit.jupiter.engine.descriptor.ClassBasedTestDescriptor.lambda$invokeTestInstancePostProcessors$0(ClassBasedTestDescriptor.java:422)
	at java.base/java.util.stream.ForEachOps$ForEachOp$OfRef.accept(ForEachOps.java:184)
	at java.base/java.util.stream.ReferencePipeline$3$1.accept(ReferencePipeline.java:197)
	at java.base/java.util.stream.ReferencePipeline$2$1.accept(ReferencePipeline.java:179)
	at java.base/java.util.stream.ReferencePipeline$3$1.accept(ReferencePipeline.java:197)
	at java.base/java.util.ArrayList$ArrayListSpliterator.forEachRemaining(ArrayList.java:1708)
	at java.base/java.util.stream.AbstractPipeline.copyInto(AbstractPipeline.java:509)
	at java.base/java.util.stream.AbstractPipeline.wrapAndCopyInto(AbstractPipeline.java:499)
	at java.base/java.util.stream.ForEachOps$ForEachOp.evaluateSequential(ForEachOps.java:151)
	at java.base/java.util.stream.ForEachOps$ForEachOp$OfRef.evaluateSequential(ForEachOps.java:174)
	at java.base/java.util.stream.AbstractPipeline.evaluate(AbstractPipeline.java:234)
	at java.base/java.util.stream.ReferencePipeline.forEach(ReferencePipeline.java:596)
	at org.junit.jupiter.engine.descriptor.ClassBasedTestDescriptor.invokeTestInstancePostProcessors(ClassBasedTestDescriptor.java:422)
	at org.junit.jupiter.engine.descriptor.ClassBasedTestDescriptor.lambda$instantiateAndPostProcessTestInstance$0(ClassBasedTestDescriptor.java:334)
	at org.junit.platform.engine.support.hierarchical.ThrowableCollector.execute(ThrowableCollector.java:74)
	at org.junit.jupiter.engine.descriptor.ClassBasedTestDescriptor.instantiateAndPostProcessTestInstance(ClassBasedTestDescriptor.java:333)
	at org.junit.jupiter.engine.descriptor.ClassBasedTestDescriptor.lambda$testInstancesProvider$1(ClassBasedTestDescriptor.java:322)
	at java.base/java.util.Optional.orElseGet(Optional.java:364)
	at org.junit.jupiter.engine.descriptor.ClassBasedTestDescriptor.lambda$testInstancesProvider$0(ClassBasedTestDescriptor.java:321)
	at org.junit.jupiter.engine.execution.TestInstancesProvider.getTestInstances(TestInstancesProvider.java:27)
	at org.junit.jupiter.engine.descriptor.TestMethodTestDescriptor.lambda$prepare$0(TestMethodTestDescriptor.java:127)
	at org.junit.platform.engine.support.hierarchical.ThrowableCollector.execute(ThrowableCollector.java:74)
	at org.junit.jupiter.engine.descriptor.TestMethodTestDescriptor.prepare(TestMethodTestDescriptor.java:126)
	at org.junit.jupiter.engine.descriptor.TestMethodTestDescriptor.prepare(TestMethodTestDescriptor.java:70)
	at org.junit.platform.engine.support.hierarchical.NodeTestTask.lambda$prepare$0(NodeTestTask.java:144)
	at org.junit.platform.engine.support.hierarchical.ThrowableCollector.execute(ThrowableCollector.java:74)
	at org.junit.platform.engine.support.hierarchical.NodeTestTask.prepare(NodeTestTask.java:144)
	at org.junit.platform.engine.support.hierarchical.NodeTestTask.execute(NodeTestTask.java:110)
	at java.base/java.util.ArrayList.forEach(ArrayList.java:1596)
	at org.junit.platform.engine.support.hierarchical.SameThreadHierarchicalTestExecutorService.invokeAll(SameThreadHierarchicalTestExecutorService.java:42)
	at org.junit.platform.engine.support.hierarchical.NodeTestTask.lambda$executeRecursively$2(NodeTestTask.java:180)
	at org.junit.platform.engine.support.hierarchical.ThrowableCollector.execute(ThrowableCollector.java:74)
	at org.junit.platform.engine.support.hierarchical.NodeTestTask.lambda$executeRecursively$1(NodeTestTask.java:166)
	at org.junit.platform.engine.support.hierarchical.Node.around(Node.java:138)
	at org.junit.platform.engine.support.hierarchical.NodeTestTask.lambda$executeRecursively$0(NodeTestTask.java:164)
	at org.junit.platform.engine.support.hierarchical.ThrowableCollector.execute(ThrowableCollector.java:74)
	at org.junit.platform.engine.support.hierarchical.NodeTestTask.executeRecursively(NodeTestTask.java:163)
	at org.junit.platform.engine.support.hierarchical.NodeTestTask.execute(NodeTestTask.java:116)
	at java.base/java.util.ArrayList.forEach(ArrayList.java:1596)
	at org.junit.platform.engine.support.hierarchical.SameThreadHierarchicalTestExecutorService.invokeAll(SameThreadHierarchicalTestExecutorService.java:42)
	at org.junit.platform.engine.support.hierarchical.NodeTestTask.lambda$executeRecursively$2(NodeTestTask.java:180)
	at org.junit.platform.engine.support.hierarchical.ThrowableCollector.execute(ThrowableCollector.java:74)
	at org.junit.platform.engine.support.hierarchical.NodeTestTask.lambda$executeRecursively$1(NodeTestTask.java:166)
	at org.junit.platform.engine.support.hierarchical.Node.around(Node.java:138)
	at org.junit.platform.engine.support.hierarchical.NodeTestTask.lambda$executeRecursively$0(NodeTestTask.java:164)
	at org.junit.platform.engine.support.hierarchical.ThrowableCollector.execute(ThrowableCollector.java:74)
	at org.junit.platform.engine.support.hierarchical.NodeTestTask.executeRecursively(NodeTestTask.java:163)
	at org.junit.platform.engine.support.hierarchical.NodeTestTask.execute(NodeTestTask.java:116)
	at org.junit.platform.engine.support.hierarchical.SameThreadHierarchicalTestExecutorService.submit(SameThreadHierarchicalTestExecutorService.java:36)
	at org.junit.platform.engine.support.hierarchical.HierarchicalTestExecutor.execute(HierarchicalTestExecutor.java:52)
	at org.junit.platform.engine.support.hierarchical.HierarchicalTestEngine.execute(HierarchicalTestEngine.java:58)
	at org.junit.platform.launcher.core.EngineExecutionOrchestrator.executeEngine(EngineExecutionOrchestrator.java:246)
	at org.junit.platform.launcher.core.EngineExecutionOrchestrator.failOrExecuteEngine(EngineExecutionOrchestrator.java:218)
	at org.junit.platform.launcher.core.EngineExecutionOrchestrator.execute(EngineExecutionOrchestrator.java:179)
	at org.junit.platform.launcher.core.EngineExecutionOrchestrator.execute(EngineExecutionOrchestrator.java:108)
	at org.junit.platform.launcher.core.EngineExecutionOrchestrator.lambda$execute$0(EngineExecutionOrchestrator.java:66)
	at org.junit.platform.launcher.core.EngineExecutionOrchestrator.withInterceptedStreams(EngineExecutionOrchestrator.java:157)
	at org.junit.platform.launcher.core.EngineExecutionOrchestrator.execute(EngineExecutionOrchestrator.java:65)
	at org.junit.platform.launcher.core.DefaultLauncher.execute(DefaultLauncher.java:125)
	at org.junit.platform.launcher.core.DefaultLauncher.execute(DefaultLauncher.java:114)
	at org.junit.platform.launcher.core.DefaultLauncher.execute(DefaultLauncher.java:93)
	at org.junit.platform.launcher.core.DelegatingLauncher.execute(DelegatingLauncher.java:48)
	at org.junit.platform.launcher.core.InterceptingLauncher.lambda$execute$0(InterceptingLauncher.java:41)
	at org.junit.platform.launcher.core.ClasspathAlignmentCheckingLauncherInterceptor.intercept(ClasspathAlignmentCheckingLauncherInterceptor.java:25)
	at org.junit.platform.launcher.core.InterceptingLauncher.execute(InterceptingLauncher.java:40)
	at org.junit.platform.launcher.core.DelegatingLauncher.execute(DelegatingLauncher.java:48)
	at org.junit.platform.launcher.core.SessionPerRequestLauncher.execute(SessionPerRequestLauncher.java:67)
	at com.intellij.junit5.JUnit5IdeaTestRunner.startRunnerWithArgs(JUnit5IdeaTestRunner.java:57)
	at com.intellij.rt.junit.IdeaTestRunner$Repeater$1.execute(IdeaTestRunner.java:38)
	at com.intellij.rt.execution.junit.TestsRepeater.repeat(TestsRepeater.java:11)
	at com.intellij.rt.junit.IdeaTestRunner$Repeater.startRunnerWithArgs(IdeaTestRunner.java:35)
	at com.intellij.rt.junit.JUnitStarter.prepareStreamsAndStart(JUnitStarter.java:231)
	at com.intellij.rt.junit.JUnitStarter.main(JUnitStarter.java:55)
Caused by: org.springframework.beans.factory.BeanCreationException: Error creating bean with name 'entityManagerFactory' defined in class path resource [org/springframework/boot/hibernate/autoconfigure/HibernateJpaConfiguration.class]: Unable to create requested service [org.hibernate.engine.jdbc.env.spi.JdbcEnvironment] due to: Unable to resolve name [org.hibernate.dialect.PostgresSQLDialect] as strategy [org.hibernate.dialect.Dialect]
	at org.springframework.beans.factory.support.AbstractAutowireCapableBeanFactory.initializeBean(AbstractAutowireCapableBeanFactory.java:1817)
	at org.springframework.beans.factory.support.AbstractAutowireCapableBeanFactory.doCreateBean(AbstractAutowireCapableBeanFactory.java:603)
	at org.springframework.beans.factory.support.AbstractAutowireCapableBeanFactory.createBean(AbstractAutowireCapableBeanFactory.java:525)
	at org.springframework.beans.factory.support.AbstractBeanFactory.lambda$doGetBean$0(AbstractBeanFactory.java:333)
	at org.springframework.beans.factory.support.DefaultSingletonBeanRegistry.getSingleton(DefaultSingletonBeanRegistry.java:371)
	at org.springframework.beans.factory.support.AbstractBeanFactory.doGetBean(AbstractBeanFactory.java:331)
	at org.springframework.beans.factory.support.AbstractBeanFactory.getBean(AbstractBeanFactory.java:201)
	at org.springframework.context.support.AbstractApplicationContext.finishBeanFactoryInitialization(AbstractApplicationContext.java:966)
	at org.springframework.context.support.AbstractApplicationContext.refresh(AbstractApplicationContext.java:620)
	at org.springframework.boot.SpringApplication.refresh(SpringApplication.java:765)
	at org.springframework.boot.SpringApplication.refreshContext(SpringApplication.java:454)
	at org.springframework.boot.SpringApplication.run(SpringApplication.java:321)
	at org.springframework.boot.test.context.SpringBootContextLoader.lambda$loadContext$2(SpringBootContextLoader.java:148)
	at org.springframework.util.function.ThrowingSupplier.get(ThrowingSupplier.java:58)
	at org.springframework.util.function.ThrowingSupplier.get(ThrowingSupplier.java:46)
	at org.springframework.boot.SpringApplication.withHook(SpringApplication.java:1474)
	at org.springframework.boot.test.context.SpringBootContextLoader$ContextLoaderHook.run(SpringBootContextLoader.java:573)
	at org.springframework.boot.test.context.SpringBootContextLoader.loadContext(SpringBootContextLoader.java:148)
	at org.springframework.boot.test.context.SpringBootContextLoader.loadContext(SpringBootContextLoader.java:114)
	at org.springframework.test.context.cache.DefaultCacheAwareContextLoaderDelegate.loadContextInternal(DefaultCacheAwareContextLoaderDelegate.java:247)
	at org.springframework.test.context.cache.DefaultCacheAwareContextLoaderDelegate.lambda$loadContext$0(DefaultCacheAwareContextLoaderDelegate.java:167)
	... 82 common frames omitted
Caused by: org.hibernate.service.spi.ServiceException: Unable to create requested service [org.hibernate.engine.jdbc.env.spi.JdbcEnvironment] due to: Unable to resolve name [org.hibernate.dialect.PostgresSQLDialect] as strategy [org.hibernate.dialect.Dialect]
	at org.hibernate.service.internal.AbstractServiceRegistryImpl.createService(AbstractServiceRegistryImpl.java:275)
	at org.hibernate.service.internal.AbstractServiceRegistryImpl.initializeService(AbstractServiceRegistryImpl.java:237)
	at org.hibernate.service.internal.AbstractServiceRegistryImpl.getService(AbstractServiceRegistryImpl.java:214)
	at org.hibernate.boot.model.relational.Database.<init>(Database.java:44)
	at org.hibernate.boot.internal.InFlightMetadataCollectorImpl.getDatabase(InFlightMetadataCollectorImpl.java:255)
	at org.hibernate.boot.internal.InFlightMetadataCollectorImpl.<init>(InFlightMetadataCollectorImpl.java:207)
	at org.hibernate.boot.model.process.spi.MetadataBuildingProcess.complete(MetadataBuildingProcess.java:185)
	at org.hibernate.jpa.boot.internal.EntityManagerFactoryBuilderImpl.metadata(EntityManagerFactoryBuilderImpl.java:1395)
	at org.hibernate.jpa.boot.internal.EntityManagerFactoryBuilderImpl.populateSessionFactoryBuilder(EntityManagerFactoryBuilderImpl.java:1475)
	at org.hibernate.jpa.boot.internal.EntityManagerFactoryBuilderImpl.build(EntityManagerFactoryBuilderImpl.java:1457)
	at org.springframework.orm.jpa.vendor.SpringHibernateJpaPersistenceProvider.createContainerEntityManagerFactory(SpringHibernateJpaPersistenceProvider.java:66)
	at org.springframework.orm.jpa.LocalContainerEntityManagerFactoryBean.createNativeEntityManagerFactory(LocalContainerEntityManagerFactoryBean.java:433)
	at org.springframework.orm.jpa.AbstractEntityManagerFactoryBean.buildNativeEntityManagerFactory(AbstractEntityManagerFactoryBean.java:416)
	at org.springframework.orm.jpa.AbstractEntityManagerFactoryBean.afterPropertiesSet(AbstractEntityManagerFactoryBean.java:396)
	at org.springframework.orm.jpa.LocalContainerEntityManagerFactoryBean.afterPropertiesSet(LocalContainerEntityManagerFactoryBean.java:409)
	at org.springframework.beans.factory.support.AbstractAutowireCapableBeanFactory.invokeInitMethods(AbstractAutowireCapableBeanFactory.java:1864)
	at org.springframework.beans.factory.support.AbstractAutowireCapableBeanFactory.initializeBean(AbstractAutowireCapableBeanFactory.java:1813)
	... 102 common frames omitted
Caused by: org.hibernate.boot.registry.selector.spi.StrategySelectionException: Unable to resolve name [org.hibernate.dialect.PostgresSQLDialect] as strategy [org.hibernate.dialect.Dialect]
	at org.hibernate.boot.registry.selector.internal.StrategySelectorImpl.selectStrategyImplementor(StrategySelectorImpl.java:83)
	at org.hibernate.boot.registry.selector.internal.StrategySelectorImpl.resolveStrategy(StrategySelectorImpl.java:163)
	at org.hibernate.boot.registry.selector.internal.StrategySelectorImpl.resolveStrategy(StrategySelectorImpl.java:118)
	at org.hibernate.engine.jdbc.dialect.internal.DialectFactoryImpl.constructDialect(DialectFactoryImpl.java:122)
	at org.hibernate.engine.jdbc.dialect.internal.DialectFactoryImpl.buildDialect(DialectFactoryImpl.java:87)
	at org.hibernate.engine.jdbc.env.internal.JdbcEnvironmentInitiator.getJdbcEnvironmentWithDefaults(JdbcEnvironmentInitiator.java:207)
	at org.hibernate.engine.jdbc.env.internal.JdbcEnvironmentInitiator.getJdbcEnvironmentUsingJdbcMetadata(JdbcEnvironmentInitiator.java:432)
	at org.hibernate.engine.jdbc.env.internal.JdbcEnvironmentInitiator.getJdbcEnvironment(JdbcEnvironmentInitiator.java:149)
	at org.hibernate.engine.jdbc.env.internal.JdbcEnvironmentInitiator.initiateService(JdbcEnvironmentInitiator.java:127)
	at org.hibernate.engine.jdbc.env.internal.JdbcEnvironmentInitiator.initiateService(JdbcEnvironmentInitiator.java:82)
	at org.hibernate.boot.registry.internal.StandardServiceRegistryImpl.initiateService(StandardServiceRegistryImpl.java:133)
	at org.hibernate.service.internal.AbstractServiceRegistryImpl.createService(AbstractServiceRegistryImpl.java:262)
	... 118 common frames omitted
Caused by: org.hibernate.boot.registry.classloading.spi.ClassLoadingException: Unable to load class [org.hibernate.dialect.PostgresSQLDialect]
	at org.hibernate.boot.registry.classloading.internal.ClassLoaderServiceImpl.classForName(ClassLoaderServiceImpl.java:90)
	at org.hibernate.boot.registry.selector.internal.StrategySelectorImpl.selectStrategyImplementor(StrategySelectorImpl.java:79)
	... 129 common frames omitted
Caused by: java.lang.ClassNotFoundException: Could not load requested class: org.hibernate.dialect.PostgresSQLDialect
	at org.hibernate.boot.registry.classloading.internal.AggregatedClassLoader.findClass(AggregatedClassLoader.java:198)
	at java.base/java.lang.ClassLoader.loadClass(ClassLoader.java:593)
	at java.base/java.lang.ClassLoader.loadClass(ClassLoader.java:526)
	at java.base/java.lang.Class.forName0(Native Method)
	at java.base/java.lang.Class.forName(Class.java:534)
	at java.base/java.lang.Class.forName(Class.java:513)
	at org.hibernate.boot.registry.classloading.internal.ClassLoaderServiceImpl.classForName(ClassLoaderServiceImpl.java:87)
	... 130 common frames omitted
	Suppressed: java.lang.ClassNotFoundException: org.hibernate.dialect.PostgresSQLDialect
		at java.base/jdk.internal.loader.BuiltinClassLoader.loadClass(BuiltinClassLoader.java:641)
		at java.base/jdk.internal.loader.ClassLoaders$AppClassLoader.loadClass(ClassLoaders.java:188)
		at java.base/java.lang.ClassLoader.loadClass(ClassLoader.java:526)
		at org.hibernate.boot.registry.classloading.internal.AggregatedClassLoader.findClass(AggregatedClassLoader.java:202)
		... 136 common frames omitted
	Suppressed: java.lang.ClassNotFoundException: org.hibernate.dialect.PostgresSQLDialect
		at java.base/jdk.internal.loader.BuiltinClassLoader.loadClass(BuiltinClassLoader.java:641)
		at java.base/jdk.internal.loader.ClassLoaders$AppClassLoader.loadClass(ClassLoaders.java:188)
		at java.base/java.lang.ClassLoader.loadClass(ClassLoader.java:526)
		at org.hibernate.boot.registry.classloading.internal.AggregatedClassLoader.findClass(AggregatedClassLoader.java:202)
		... 136 common frames omitted
	Suppressed: java.lang.ClassNotFoundException: org.hibernate.dialect.PostgresSQLDialect
		at java.base/jdk.internal.loader.BuiltinClassLoader.loadClass(BuiltinClassLoader.java:641)
		at java.base/jdk.internal.loader.ClassLoaders$AppClassLoader.loadClass(ClassLoaders.java:188)
		at java.base/java.lang.ClassLoader.loadClass(ClassLoader.java:526)
		at org.hibernate.boot.registry.classloading.internal.AggregatedClassLoader.findClass(AggregatedClassLoader.java:202)
		... 136 common frames omitted
2026-03-03 19:00:05 [] INFO  - Could not detect default configuration classes for test class [com.site.webapp.controllers.RegistrationControllerTest]: RegistrationControllerTest does not declare any static, non-private, non-final, nested classes annotated with @Configuration.
2026-03-03 19:00:05 [] INFO  - Found @SpringBootConfiguration com.site.webapp.WebappApplication for test class com.site.webapp.controllers.RegistrationControllerTest
2026-03-03 19:00:05 [] WARN  - Caught exception while allowing TestExecutionListener [org.springframework.test.context.web.ServletTestExecutionListener] to prepare test instance [com.site.webapp.controllers.RegistrationControllerTest@2419a5db]
java.lang.IllegalStateException: ApplicationContext failure threshold (1) exceeded: skipping repeated attempt to load context for [WebMergedContextConfiguration@7dc92a06 testClass = com.site.webapp.controllers.RegistrationControllerTest, locations = [], classes = [com.site.webapp.WebappApplication], contextInitializerClasses = [], activeProfiles = [], propertySourceDescriptors = [], propertySourceProperties = ["org.springframework.boot.test.context.SpringBootTestContextBootstrapper=true"], contextCustomizers = [org.springframework.boot.test.context.PropertyMappingContextCustomizer@0, org.springframework.boot.test.context.filter.ExcludeFilterContextCustomizer@5149f008, org.springframework.boot.test.json.DuplicateJsonObjectContextCustomizerFactory$DuplicateJsonObjectContextCustomizer@40f33492, org.springframework.test.context.support.DynamicPropertiesContextCustomizer@0, org.springframework.boot.webmvc.test.autoconfigure.WebDriverContextCustomizer@30c31dd7, org.springframework.boot.web.server.context.SpringBootTestRandomPortContextCustomizerFactory$Customizer@c1fca1e, org.springframework.boot.test.autoconfigure.OnFailureConditionReportContextCustomizerFactory$OnFailureConditionReportContextCustomizer@615f972, org.springframework.boot.test.context.SpringBootTestAnnotation@5c65300], resourceBasePath = "src/main/webapp", contextLoader = org.springframework.boot.test.context.SpringBootContextLoader, parent = null]
	at org.springframework.test.context.cache.DefaultCacheAwareContextLoaderDelegate.loadContext(DefaultCacheAwareContextLoaderDelegate.java:157)
	at org.springframework.test.context.support.DefaultTestContext.getApplicationContext(DefaultTestContext.java:128)
	at org.springframework.test.context.web.ServletTestExecutionListener.setUpRequestContextIfNecessary(ServletTestExecutionListener.java:200)
	at org.springframework.test.context.web.ServletTestExecutionListener.prepareTestInstance(ServletTestExecutionListener.java:139)
	at org.springframework.test.context.TestContextManager.prepareTestInstance(TestContextManager.java:260)
	at org.springframework.test.context.junit.jupiter.SpringExtension.postProcessTestInstance(SpringExtension.java:203)
	at org.junit.jupiter.engine.descriptor.ClassBasedTestDescriptor.lambda$invokeTestInstancePostProcessors$1(ClassBasedTestDescriptor.java:423)
	at org.junit.jupiter.engine.descriptor.ClassBasedTestDescriptor.executeAndMaskThrowable(ClassBasedTestDescriptor.java:428)
	at org.junit.jupiter.engine.descriptor.ClassBasedTestDescriptor.lambda$invokeTestInstancePostProcessors$0(ClassBasedTestDescriptor.java:422)
	at java.base/java.util.stream.ForEachOps$ForEachOp$OfRef.accept(ForEachOps.java:184)
	at java.base/java.util.stream.ReferencePipeline$3$1.accept(ReferencePipeline.java:197)
	at java.base/java.util.stream.ReferencePipeline$2$1.accept(ReferencePipeline.java:179)
	at java.base/java.util.stream.ReferencePipeline$3$1.accept(ReferencePipeline.java:197)
	at java.base/java.util.ArrayList$ArrayListSpliterator.forEachRemaining(ArrayList.java:1708)
	at java.base/java.util.stream.AbstractPipeline.copyInto(AbstractPipeline.java:509)
	at java.base/java.util.stream.AbstractPipeline.wrapAndCopyInto(AbstractPipeline.java:499)
	at java.base/java.util.stream.ForEachOps$ForEachOp.evaluateSequential(ForEachOps.java:151)
	at java.base/java.util.stream.ForEachOps$ForEachOp$OfRef.evaluateSequential(ForEachOps.java:174)
	at java.base/java.util.stream.AbstractPipeline.evaluate(AbstractPipeline.java:234)
	at java.base/java.util.stream.ReferencePipeline.forEach(ReferencePipeline.java:596)
	at org.junit.jupiter.engine.descriptor.ClassBasedTestDescriptor.invokeTestInstancePostProcessors(ClassBasedTestDescriptor.java:422)
	at org.junit.jupiter.engine.descriptor.ClassBasedTestDescriptor.lambda$instantiateAndPostProcessTestInstance$0(ClassBasedTestDescriptor.java:334)
	at org.junit.platform.engine.support.hierarchical.ThrowableCollector.execute(ThrowableCollector.java:74)
	at org.junit.jupiter.engine.descriptor.ClassBasedTestDescriptor.instantiateAndPostProcessTestInstance(ClassBasedTestDescriptor.java:333)
	at org.junit.jupiter.engine.descriptor.ClassBasedTestDescriptor.lambda$testInstancesProvider$1(ClassBasedTestDescriptor.java:322)
	at java.base/java.util.Optional.orElseGet(Optional.java:364)
	at org.junit.jupiter.engine.descriptor.ClassBasedTestDescriptor.lambda$testInstancesProvider$0(ClassBasedTestDescriptor.java:321)
	at org.junit.jupiter.engine.execution.TestInstancesProvider.getTestInstances(TestInstancesProvider.java:27)
	at org.junit.jupiter.engine.descriptor.TestMethodTestDescriptor.lambda$prepare$0(TestMethodTestDescriptor.java:127)
	at org.junit.platform.engine.support.hierarchical.ThrowableCollector.execute(ThrowableCollector.java:74)
	at org.junit.jupiter.engine.descriptor.TestMethodTestDescriptor.prepare(TestMethodTestDescriptor.java:126)
	at org.junit.jupiter.engine.descriptor.TestMethodTestDescriptor.prepare(TestMethodTestDescriptor.java:70)
	at org.junit.platform.engine.support.hierarchical.NodeTestTask.lambda$prepare$0(NodeTestTask.java:144)
	at org.junit.platform.engine.support.hierarchical.ThrowableCollector.execute(ThrowableCollector.java:74)
	at org.junit.platform.engine.support.hierarchical.NodeTestTask.prepare(NodeTestTask.java:144)
	at org.junit.platform.engine.support.hierarchical.NodeTestTask.execute(NodeTestTask.java:110)
	at java.base/java.util.ArrayList.forEach(ArrayList.java:1596)
	at org.junit.platform.engine.support.hierarchical.SameThreadHierarchicalTestExecutorService.invokeAll(SameThreadHierarchicalTestExecutorService.java:42)
	at org.junit.platform.engine.support.hierarchical.NodeTestTask.lambda$executeRecursively$2(NodeTestTask.java:180)
	at org.junit.platform.engine.support.hierarchical.ThrowableCollector.execute(ThrowableCollector.java:74)
	at org.junit.platform.engine.support.hierarchical.NodeTestTask.lambda$executeRecursively$1(NodeTestTask.java:166)
	at org.junit.platform.engine.support.hierarchical.Node.around(Node.java:138)
	at org.junit.platform.engine.support.hierarchical.NodeTestTask.lambda$executeRecursively$0(NodeTestTask.java:164)
	at org.junit.platform.engine.support.hierarchical.ThrowableCollector.execute(ThrowableCollector.java:74)
	at org.junit.platform.engine.support.hierarchical.NodeTestTask.executeRecursively(NodeTestTask.java:163)
	at org.junit.platform.engine.support.hierarchical.NodeTestTask.execute(NodeTestTask.java:116)
	at java.base/java.util.ArrayList.forEach(ArrayList.java:1596)
	at org.junit.platform.engine.support.hierarchical.SameThreadHierarchicalTestExecutorService.invokeAll(SameThreadHierarchicalTestExecutorService.java:42)
	at org.junit.platform.engine.support.hierarchical.NodeTestTask.lambda$executeRecursively$2(NodeTestTask.java:180)
	at org.junit.platform.engine.support.hierarchical.ThrowableCollector.execute(ThrowableCollector.java:74)
	at org.junit.platform.engine.support.hierarchical.NodeTestTask.lambda$executeRecursively$1(NodeTestTask.java:166)
	at org.junit.platform.engine.support.hierarchical.Node.around(Node.java:138)
	at org.junit.platform.engine.support.hierarchical.NodeTestTask.lambda$executeRecursively$0(NodeTestTask.java:164)
	at org.junit.platform.engine.support.hierarchical.ThrowableCollector.execute(ThrowableCollector.java:74)
	at org.junit.platform.engine.support.hierarchical.NodeTestTask.executeRecursively(NodeTestTask.java:163)
	at org.junit.platform.engine.support.hierarchical.NodeTestTask.execute(NodeTestTask.java:116)
	at org.junit.platform.engine.support.hierarchical.SameThreadHierarchicalTestExecutorService.submit(SameThreadHierarchicalTestExecutorService.java:36)
	at org.junit.platform.engine.support.hierarchical.HierarchicalTestExecutor.execute(HierarchicalTestExecutor.java:52)
	at org.junit.platform.engine.support.hierarchical.HierarchicalTestEngine.execute(HierarchicalTestEngine.java:58)
	at org.junit.platform.launcher.core.EngineExecutionOrchestrator.executeEngine(EngineExecutionOrchestrator.java:246)
	at org.junit.platform.launcher.core.EngineExecutionOrchestrator.failOrExecuteEngine(EngineExecutionOrchestrator.java:218)
	at org.junit.platform.launcher.core.EngineExecutionOrchestrator.execute(EngineExecutionOrchestrator.java:179)
	at org.junit.platform.launcher.core.EngineExecutionOrchestrator.execute(EngineExecutionOrchestrator.java:108)
	at org.junit.platform.launcher.core.EngineExecutionOrchestrator.lambda$execute$0(EngineExecutionOrchestrator.java:66)
	at org.junit.platform.launcher.core.EngineExecutionOrchestrator.withInterceptedStreams(EngineExecutionOrchestrator.java:157)
	at org.junit.platform.launcher.core.EngineExecutionOrchestrator.execute(EngineExecutionOrchestrator.java:65)
	at org.junit.platform.launcher.core.DefaultLauncher.execute(DefaultLauncher.java:125)
	at org.junit.platform.launcher.core.DefaultLauncher.execute(DefaultLauncher.java:114)
	at org.junit.platform.launcher.core.DefaultLauncher.execute(DefaultLauncher.java:93)
	at org.junit.platform.launcher.core.DelegatingLauncher.execute(DelegatingLauncher.java:48)
	at org.junit.platform.launcher.core.InterceptingLauncher.lambda$execute$0(InterceptingLauncher.java:41)
	at org.junit.platform.launcher.core.ClasspathAlignmentCheckingLauncherInterceptor.intercept(ClasspathAlignmentCheckingLauncherInterceptor.java:25)
	at org.junit.platform.launcher.core.InterceptingLauncher.execute(InterceptingLauncher.java:40)
	at org.junit.platform.launcher.core.DelegatingLauncher.execute(DelegatingLauncher.java:48)
	at org.junit.platform.launcher.core.SessionPerRequestLauncher.execute(SessionPerRequestLauncher.java:67)
	at com.intellij.junit5.JUnit5IdeaTestRunner.startRunnerWithArgs(JUnit5IdeaTestRunner.java:57)
	at com.intellij.rt.junit.IdeaTestRunner$Repeater$1.execute(IdeaTestRunner.java:38)
	at com.intellij.rt.execution.junit.TestsRepeater.repeat(TestsRepeater.java:11)
	at com.intellij.rt.junit.IdeaTestRunner$Repeater.startRunnerWithArgs(IdeaTestRunner.java:35)
	at com.intellij.rt.junit.JUnitStarter.prepareStreamsAndStart(JUnitStarter.java:231)
	at com.intellij.rt.junit.JUnitStarter.main(JUnitStarter.java:55)
2026-03-03 19:00:05 [] WARN  - Caught exception while allowing TestExecutionListener [org.springframework.test.context.web.ServletTestExecutionListener] to prepare test instance [com.site.webapp.controllers.RegistrationControllerTest@654db80b]
java.lang.IllegalStateException: ApplicationContext failure threshold (1) exceeded: skipping repeated attempt to load context for [WebMergedContextConfiguration@7dc92a06 testClass = com.site.webapp.controllers.RegistrationControllerTest, locations = [], classes = [com.site.webapp.WebappApplication], contextInitializerClasses = [], activeProfiles = [], propertySourceDescriptors = [], propertySourceProperties = ["org.springframework.boot.test.context.SpringBootTestContextBootstrapper=true"], contextCustomizers = [org.springframework.boot.test.context.PropertyMappingContextCustomizer@0, org.springframework.boot.test.context.filter.ExcludeFilterContextCustomizer@5149f008, org.springframework.boot.test.json.DuplicateJsonObjectContextCustomizerFactory$DuplicateJsonObjectContextCustomizer@40f33492, org.springframework.test.context.support.DynamicPropertiesContextCustomizer@0, org.springframework.boot.webmvc.test.autoconfigure.WebDriverContextCustomizer@30c31dd7, org.springframework.boot.web.server.context.SpringBootTestRandomPortContextCustomizerFactory$Customizer@c1fca1e, org.springframework.boot.test.autoconfigure.OnFailureConditionReportContextCustomizerFactory$OnFailureConditionReportContextCustomizer@615f972, org.springframework.boot.test.context.SpringBootTestAnnotation@5c65300], resourceBasePath = "src/main/webapp", contextLoader = org.springframework.boot.test.context.SpringBootContextLoader, parent = null]
	at org.springframework.test.context.cache.DefaultCacheAwareContextLoaderDelegate.loadContext(DefaultCacheAwareContextLoaderDelegate.java:157)
	at org.springframework.test.context.support.DefaultTestContext.getApplicationContext(DefaultTestContext.java:128)
	at org.springframework.test.context.web.ServletTestExecutionListener.setUpRequestContextIfNecessary(ServletTestExecutionListener.java:200)
	at org.springframework.test.context.web.ServletTestExecutionListener.prepareTestInstance(ServletTestExecutionListener.java:139)
	at org.springframework.test.context.TestContextManager.prepareTestInstance(TestContextManager.java:260)
	at org.springframework.test.context.junit.jupiter.SpringExtension.postProcessTestInstance(SpringExtension.java:203)
	at org.junit.jupiter.engine.descriptor.ClassBasedTestDescriptor.lambda$invokeTestInstancePostProcessors$1(ClassBasedTestDescriptor.java:423)
	at org.junit.jupiter.engine.descriptor.ClassBasedTestDescriptor.executeAndMaskThrowable(ClassBasedTestDescriptor.java:428)
	at org.junit.jupiter.engine.descriptor.ClassBasedTestDescriptor.lambda$invokeTestInstancePostProcessors$0(ClassBasedTestDescriptor.java:422)
	at java.base/java.util.stream.ForEachOps$ForEachOp$OfRef.accept(ForEachOps.java:184)
	at java.base/java.util.stream.ReferencePipeline$3$1.accept(ReferencePipeline.java:197)
	at java.base/java.util.stream.ReferencePipeline$2$1.accept(ReferencePipeline.java:179)
	at java.base/java.util.stream.ReferencePipeline$3$1.accept(ReferencePipeline.java:197)
	at java.base/java.util.ArrayList$ArrayListSpliterator.forEachRemaining(ArrayList.java:1708)
	at java.base/java.util.stream.AbstractPipeline.copyInto(AbstractPipeline.java:509)
	at java.base/java.util.stream.AbstractPipeline.wrapAndCopyInto(AbstractPipeline.java:499)
	at java.base/java.util.stream.ForEachOps$ForEachOp.evaluateSequential(ForEachOps.java:151)
	at java.base/java.util.stream.ForEachOps$ForEachOp$OfRef.evaluateSequential(ForEachOps.java:174)
	at java.base/java.util.stream.AbstractPipeline.evaluate(AbstractPipeline.java:234)
	at java.base/java.util.stream.ReferencePipeline.forEach(ReferencePipeline.java:596)
	at org.junit.jupiter.engine.descriptor.ClassBasedTestDescriptor.invokeTestInstancePostProcessors(ClassBasedTestDescriptor.java:422)
	at org.junit.jupiter.engine.descriptor.ClassBasedTestDescriptor.lambda$instantiateAndPostProcessTestInstance$0(ClassBasedTestDescriptor.java:334)
	at org.junit.platform.engine.support.hierarchical.ThrowableCollector.execute(ThrowableCollector.java:74)
	at org.junit.jupiter.engine.descriptor.ClassBasedTestDescriptor.instantiateAndPostProcessTestInstance(ClassBasedTestDescriptor.java:333)
	at org.junit.jupiter.engine.descriptor.ClassBasedTestDescriptor.lambda$testInstancesProvider$1(ClassBasedTestDescriptor.java:322)
	at java.base/java.util.Optional.orElseGet(Optional.java:364)
	at org.junit.jupiter.engine.descriptor.ClassBasedTestDescriptor.lambda$testInstancesProvider$0(ClassBasedTestDescriptor.java:321)
	at org.junit.jupiter.engine.execution.TestInstancesProvider.getTestInstances(TestInstancesProvider.java:27)
	at org.junit.jupiter.engine.descriptor.TestMethodTestDescriptor.lambda$prepare$0(TestMethodTestDescriptor.java:127)
	at org.junit.platform.engine.support.hierarchical.ThrowableCollector.execute(ThrowableCollector.java:74)
	at org.junit.jupiter.engine.descriptor.TestMethodTestDescriptor.prepare(TestMethodTestDescriptor.java:126)
	at org.junit.jupiter.engine.descriptor.TestMethodTestDescriptor.prepare(TestMethodTestDescriptor.java:70)
	at org.junit.platform.engine.support.hierarchical.NodeTestTask.lambda$prepare$0(NodeTestTask.java:144)
	at org.junit.platform.engine.support.hierarchical.ThrowableCollector.execute(ThrowableCollector.java:74)
	at org.junit.platform.engine.support.hierarchical.NodeTestTask.prepare(NodeTestTask.java:144)
	at org.junit.platform.engine.support.hierarchical.NodeTestTask.execute(NodeTestTask.java:110)
	at java.base/java.util.ArrayList.forEach(ArrayList.java:1596)
	at org.junit.platform.engine.support.hierarchical.SameThreadHierarchicalTestExecutorService.invokeAll(SameThreadHierarchicalTestExecutorService.java:42)
	at org.junit.platform.engine.support.hierarchical.NodeTestTask.lambda$executeRecursively$2(NodeTestTask.java:180)
	at org.junit.platform.engine.support.hierarchical.ThrowableCollector.execute(ThrowableCollector.java:74)
	at org.junit.platform.engine.support.hierarchical.NodeTestTask.lambda$executeRecursively$1(NodeTestTask.java:166)
	at org.junit.platform.engine.support.hierarchical.Node.around(Node.java:138)
	at org.junit.platform.engine.support.hierarchical.NodeTestTask.lambda$executeRecursively$0(NodeTestTask.java:164)
	at org.junit.platform.engine.support.hierarchical.ThrowableCollector.execute(ThrowableCollector.java:74)
	at org.junit.platform.engine.support.hierarchical.NodeTestTask.executeRecursively(NodeTestTask.java:163)
	at org.junit.platform.engine.support.hierarchical.NodeTestTask.execute(NodeTestTask.java:116)
	at java.base/java.util.ArrayList.forEach(ArrayList.java:1596)
	at org.junit.platform.engine.support.hierarchical.SameThreadHierarchicalTestExecutorService.invokeAll(SameThreadHierarchicalTestExecutorService.java:42)
	at org.junit.platform.engine.support.hierarchical.NodeTestTask.lambda$executeRecursively$2(NodeTestTask.java:180)
	at org.junit.platform.engine.support.hierarchical.ThrowableCollector.execute(ThrowableCollector.java:74)
	at org.junit.platform.engine.support.hierarchical.NodeTestTask.lambda$executeRecursively$1(NodeTestTask.java:166)
	at org.junit.platform.engine.support.hierarchical.Node.around(Node.java:138)
	at org.junit.platform.engine.support.hierarchical.NodeTestTask.lambda$executeRecursively$0(NodeTestTask.java:164)
	at org.junit.platform.engine.support.hierarchical.ThrowableCollector.execute(ThrowableCollector.java:74)
	at org.junit.platform.engine.support.hierarchical.NodeTestTask.executeRecursively(NodeTestTask.java:163)
	at org.junit.platform.engine.support.hierarchical.NodeTestTask.execute(NodeTestTask.java:116)
	at org.junit.platform.engine.support.hierarchical.SameThreadHierarchicalTestExecutorService.submit(SameThreadHierarchicalTestExecutorService.java:36)
	at org.junit.platform.engine.support.hierarchical.HierarchicalTestExecutor.execute(HierarchicalTestExecutor.java:52)
	at org.junit.platform.engine.support.hierarchical.HierarchicalTestEngine.execute(HierarchicalTestEngine.java:58)
	at org.junit.platform.launcher.core.EngineExecutionOrchestrator.executeEngine(EngineExecutionOrchestrator.java:246)
	at org.junit.platform.launcher.core.EngineExecutionOrchestrator.failOrExecuteEngine(EngineExecutionOrchestrator.java:218)
	at org.junit.platform.launcher.core.EngineExecutionOrchestrator.execute(EngineExecutionOrchestrator.java:179)
	at org.junit.platform.launcher.core.EngineExecutionOrchestrator.execute(EngineExecutionOrchestrator.java:108)
	at org.junit.platform.launcher.core.EngineExecutionOrchestrator.lambda$execute$0(EngineExecutionOrchestrator.java:66)
	at org.junit.platform.launcher.core.EngineExecutionOrchestrator.withInterceptedStreams(EngineExecutionOrchestrator.java:157)
	at org.junit.platform.launcher.core.EngineExecutionOrchestrator.execute(EngineExecutionOrchestrator.java:65)
	at org.junit.platform.launcher.core.DefaultLauncher.execute(DefaultLauncher.java:125)
	at org.junit.platform.launcher.core.DefaultLauncher.execute(DefaultLauncher.java:114)
	at org.junit.platform.launcher.core.DefaultLauncher.execute(DefaultLauncher.java:93)
	at org.junit.platform.launcher.core.DelegatingLauncher.execute(DelegatingLauncher.java:48)
	at org.junit.platform.launcher.core.InterceptingLauncher.lambda$execute$0(InterceptingLauncher.java:41)
	at org.junit.platform.launcher.core.ClasspathAlignmentCheckingLauncherInterceptor.intercept(ClasspathAlignmentCheckingLauncherInterceptor.java:25)
	at org.junit.platform.launcher.core.InterceptingLauncher.execute(InterceptingLauncher.java:40)
	at org.junit.platform.launcher.core.DelegatingLauncher.execute(DelegatingLauncher.java:48)
	at org.junit.platform.launcher.core.SessionPerRequestLauncher.execute(SessionPerRequestLauncher.java:67)
	at com.intellij.junit5.JUnit5IdeaTestRunner.startRunnerWithArgs(JUnit5IdeaTestRunner.java:57)
	at com.intellij.rt.junit.IdeaTestRunner$Repeater$1.execute(IdeaTestRunner.java:38)
	at com.intellij.rt.execution.junit.TestsRepeater.repeat(TestsRepeater.java:11)
	at com.intellij.rt.junit.IdeaTestRunner$Repeater.startRunnerWithArgs(IdeaTestRunner.java:35)
	at com.intellij.rt.junit.JUnitStarter.prepareStreamsAndStart(JUnitStarter.java:231)
	at com.intellij.rt.junit.JUnitStarter.main(JUnitStarter.java:55)
2026-03-03 19:00:05 [] WARN  - Caught exception while allowing TestExecutionListener [org.springframework.test.context.web.ServletTestExecutionListener] to prepare test instance [com.site.webapp.controllers.RegistrationControllerTest@383e6734]
java.lang.IllegalStateException: ApplicationContext failure threshold (1) exceeded: skipping repeated attempt to load context for [WebMergedContextConfiguration@7dc92a06 testClass = com.site.webapp.controllers.RegistrationControllerTest, locations = [], classes = [com.site.webapp.WebappApplication], contextInitializerClasses = [], activeProfiles = [], propertySourceDescriptors = [], propertySourceProperties = ["org.springframework.boot.test.context.SpringBootTestContextBootstrapper=true"], contextCustomizers = [org.springframework.boot.test.context.PropertyMappingContextCustomizer@0, org.springframework.boot.test.context.filter.ExcludeFilterContextCustomizer@5149f008, org.springframework.boot.test.json.DuplicateJsonObjectContextCustomizerFactory$DuplicateJsonObjectContextCustomizer@40f33492, org.springframework.test.context.support.DynamicPropertiesContextCustomizer@0, org.springframework.boot.webmvc.test.autoconfigure.WebDriverContextCustomizer@30c31dd7, org.springframework.boot.web.server.context.SpringBootTestRandomPortContextCustomizerFactory$Customizer@c1fca1e, org.springframework.boot.test.autoconfigure.OnFailureConditionReportContextCustomizerFactory$OnFailureConditionReportContextCustomizer@615f972, org.springframework.boot.test.context.SpringBootTestAnnotation@5c65300], resourceBasePath = "src/main/webapp", contextLoader = org.springframework.boot.test.context.SpringBootContextLoader, parent = null]
	at org.springframework.test.context.cache.DefaultCacheAwareContextLoaderDelegate.loadContext(DefaultCacheAwareContextLoaderDelegate.java:157)
	at org.springframework.test.context.support.DefaultTestContext.getApplicationContext(DefaultTestContext.java:128)
	at org.springframework.test.context.web.ServletTestExecutionListener.setUpRequestContextIfNecessary(ServletTestExecutionListener.java:200)
	at org.springframework.test.context.web.ServletTestExecutionListener.prepareTestInstance(ServletTestExecutionListener.java:139)
	at org.springframework.test.context.TestContextManager.prepareTestInstance(TestContextManager.java:260)
	at org.springframework.test.context.junit.jupiter.SpringExtension.postProcessTestInstance(SpringExtension.java:203)
	at org.junit.jupiter.engine.descriptor.ClassBasedTestDescriptor.lambda$invokeTestInstancePostProcessors$1(ClassBasedTestDescriptor.java:423)
	at org.junit.jupiter.engine.descriptor.ClassBasedTestDescriptor.executeAndMaskThrowable(ClassBasedTestDescriptor.java:428)
	at org.junit.jupiter.engine.descriptor.ClassBasedTestDescriptor.lambda$invokeTestInstancePostProcessors$0(ClassBasedTestDescriptor.java:422)
	at java.base/java.util.stream.ForEachOps$ForEachOp$OfRef.accept(ForEachOps.java:184)
	at java.base/java.util.stream.ReferencePipeline$3$1.accept(ReferencePipeline.java:197)
	at java.base/java.util.stream.ReferencePipeline$2$1.accept(ReferencePipeline.java:179)
	at java.base/java.util.stream.ReferencePipeline$3$1.accept(ReferencePipeline.java:197)
	at java.base/java.util.ArrayList$ArrayListSpliterator.forEachRemaining(ArrayList.java:1708)
	at java.base/java.util.stream.AbstractPipeline.copyInto(AbstractPipeline.java:509)
	at java.base/java.util.stream.AbstractPipeline.wrapAndCopyInto(AbstractPipeline.java:499)
	at java.base/java.util.stream.ForEachOps$ForEachOp.evaluateSequential(ForEachOps.java:151)
	at java.base/java.util.stream.ForEachOps$ForEachOp$OfRef.evaluateSequential(ForEachOps.java:174)
	at java.base/java.util.stream.AbstractPipeline.evaluate(AbstractPipeline.java:234)
	at java.base/java.util.stream.ReferencePipeline.forEach(ReferencePipeline.java:596)
	at org.junit.jupiter.engine.descriptor.ClassBasedTestDescriptor.invokeTestInstancePostProcessors(ClassBasedTestDescriptor.java:422)
	at org.junit.jupiter.engine.descriptor.ClassBasedTestDescriptor.lambda$instantiateAndPostProcessTestInstance$0(ClassBasedTestDescriptor.java:334)
	at org.junit.platform.engine.support.hierarchical.ThrowableCollector.execute(ThrowableCollector.java:74)
	at org.junit.jupiter.engine.descriptor.ClassBasedTestDescriptor.instantiateAndPostProcessTestInstance(ClassBasedTestDescriptor.java:333)
	at org.junit.jupiter.engine.descriptor.ClassBasedTestDescriptor.lambda$testInstancesProvider$1(ClassBasedTestDescriptor.java:322)
	at java.base/java.util.Optional.orElseGet(Optional.java:364)
	at org.junit.jupiter.engine.descriptor.ClassBasedTestDescriptor.lambda$testInstancesProvider$0(ClassBasedTestDescriptor.java:321)
	at org.junit.jupiter.engine.execution.TestInstancesProvider.getTestInstances(TestInstancesProvider.java:27)
	at org.junit.jupiter.engine.descriptor.TestMethodTestDescriptor.lambda$prepare$0(TestMethodTestDescriptor.java:127)
	at org.junit.platform.engine.support.hierarchical.ThrowableCollector.execute(ThrowableCollector.java:74)
	at org.junit.jupiter.engine.descriptor.TestMethodTestDescriptor.prepare(TestMethodTestDescriptor.java:126)
	at org.junit.jupiter.engine.descriptor.TestMethodTestDescriptor.prepare(TestMethodTestDescriptor.java:70)
	at org.junit.platform.engine.support.hierarchical.NodeTestTask.lambda$prepare$0(NodeTestTask.java:144)
	at org.junit.platform.engine.support.hierarchical.ThrowableCollector.execute(ThrowableCollector.java:74)
	at org.junit.platform.engine.support.hierarchical.NodeTestTask.prepare(NodeTestTask.java:144)
	at org.junit.platform.engine.support.hierarchical.NodeTestTask.execute(NodeTestTask.java:110)
	at java.base/java.util.ArrayList.forEach(ArrayList.java:1596)
	at org.junit.platform.engine.support.hierarchical.SameThreadHierarchicalTestExecutorService.invokeAll(SameThreadHierarchicalTestExecutorService.java:42)
	at org.junit.platform.engine.support.hierarchical.NodeTestTask.lambda$executeRecursively$2(NodeTestTask.java:180)
	at org.junit.platform.engine.support.hierarchical.ThrowableCollector.execute(ThrowableCollector.java:74)
	at org.junit.platform.engine.support.hierarchical.NodeTestTask.lambda$executeRecursively$1(NodeTestTask.java:166)
	at org.junit.platform.engine.support.hierarchical.Node.around(Node.java:138)
	at org.junit.platform.engine.support.hierarchical.NodeTestTask.lambda$executeRecursively$0(NodeTestTask.java:164)
	at org.junit.platform.engine.support.hierarchical.ThrowableCollector.execute(ThrowableCollector.java:74)
	at org.junit.platform.engine.support.hierarchical.NodeTestTask.executeRecursively(NodeTestTask.java:163)
	at org.junit.platform.engine.support.hierarchical.NodeTestTask.execute(NodeTestTask.java:116)
	at java.base/java.util.ArrayList.forEach(ArrayList.java:1596)
	at org.junit.platform.engine.support.hierarchical.SameThreadHierarchicalTestExecutorService.invokeAll(SameThreadHierarchicalTestExecutorService.java:42)
	at org.junit.platform.engine.support.hierarchical.NodeTestTask.lambda$executeRecursively$2(NodeTestTask.java:180)
	at org.junit.platform.engine.support.hierarchical.ThrowableCollector.execute(ThrowableCollector.java:74)
	at org.junit.platform.engine.support.hierarchical.NodeTestTask.lambda$executeRecursively$1(NodeTestTask.java:166)
	at org.junit.platform.engine.support.hierarchical.Node.around(Node.java:138)
	at org.junit.platform.engine.support.hierarchical.NodeTestTask.lambda$executeRecursively$0(NodeTestTask.java:164)
	at org.junit.platform.engine.support.hierarchical.ThrowableCollector.execute(ThrowableCollector.java:74)
	at org.junit.platform.engine.support.hierarchical.NodeTestTask.executeRecursively(NodeTestTask.java:163)
	at org.junit.platform.engine.support.hierarchical.NodeTestTask.execute(NodeTestTask.java:116)
	at org.junit.platform.engine.support.hierarchical.SameThreadHierarchicalTestExecutorService.submit(SameThreadHierarchicalTestExecutorService.java:36)
	at org.junit.platform.engine.support.hierarchical.HierarchicalTestExecutor.execute(HierarchicalTestExecutor.java:52)
	at org.junit.platform.engine.support.hierarchical.HierarchicalTestEngine.execute(HierarchicalTestEngine.java:58)
	at org.junit.platform.launcher.core.EngineExecutionOrchestrator.executeEngine(EngineExecutionOrchestrator.java:246)
	at org.junit.platform.launcher.core.EngineExecutionOrchestrator.failOrExecuteEngine(EngineExecutionOrchestrator.java:218)
	at org.junit.platform.launcher.core.EngineExecutionOrchestrator.execute(EngineExecutionOrchestrator.java:179)
	at org.junit.platform.launcher.core.EngineExecutionOrchestrator.execute(EngineExecutionOrchestrator.java:108)
	at org.junit.platform.launcher.core.EngineExecutionOrchestrator.lambda$execute$0(EngineExecutionOrchestrator.java:66)
	at org.junit.platform.launcher.core.EngineExecutionOrchestrator.withInterceptedStreams(EngineExecutionOrchestrator.java:157)
	at org.junit.platform.launcher.core.EngineExecutionOrchestrator.execute(EngineExecutionOrchestrator.java:65)
	at org.junit.platform.launcher.core.DefaultLauncher.execute(DefaultLauncher.java:125)
	at org.junit.platform.launcher.core.DefaultLauncher.execute(DefaultLauncher.java:114)
	at org.junit.platform.launcher.core.DefaultLauncher.execute(DefaultLauncher.java:93)
	at org.junit.platform.launcher.core.DelegatingLauncher.execute(DelegatingLauncher.java:48)
	at org.junit.platform.launcher.core.InterceptingLauncher.lambda$execute$0(InterceptingLauncher.java:41)
	at org.junit.platform.launcher.core.ClasspathAlignmentCheckingLauncherInterceptor.intercept(ClasspathAlignmentCheckingLauncherInterceptor.java:25)
	at org.junit.platform.launcher.core.InterceptingLauncher.execute(InterceptingLauncher.java:40)
	at org.junit.platform.launcher.core.DelegatingLauncher.execute(DelegatingLauncher.java:48)
	at org.junit.platform.launcher.core.SessionPerRequestLauncher.execute(SessionPerRequestLauncher.java:67)
	at com.intellij.junit5.JUnit5IdeaTestRunner.startRunnerWithArgs(JUnit5IdeaTestRunner.java:57)
	at com.intellij.rt.junit.IdeaTestRunner$Repeater$1.execute(IdeaTestRunner.java:38)
	at com.intellij.rt.execution.junit.TestsRepeater.repeat(TestsRepeater.java:11)
	at com.intellij.rt.junit.IdeaTestRunner$Repeater.startRunnerWithArgs(IdeaTestRunner.java:35)
	at com.intellij.rt.junit.JUnitStarter.prepareStreamsAndStart(JUnitStarter.java:231)
	at com.intellij.rt.junit.JUnitStarter.main(JUnitStarter.java:55)
2026-03-03 19:00:05 [] INFO  - Could not detect default configuration classes for test class [com.site.webapp.controllers.TaskControllerTest]: TaskControllerTest does not declare any static, non-private, non-final, nested classes annotated with @Configuration.
2026-03-03 19:00:05 [] INFO  - Found @SpringBootConfiguration com.site.webapp.WebappApplication for test class com.site.webapp.controllers.TaskControllerTest
2026-03-03 19:00:05 [] WARN  - Caught exception while allowing TestExecutionListener [org.springframework.test.context.web.ServletTestExecutionListener] to prepare test instance [com.site.webapp.controllers.TaskControllerTest@362b384c]
java.lang.IllegalStateException: ApplicationContext failure threshold (1) exceeded: skipping repeated attempt to load context for [WebMergedContextConfiguration@2ed35f24 testClass = com.site.webapp.controllers.TaskControllerTest, locations = [], classes = [com.site.webapp.WebappApplication], contextInitializerClasses = [], activeProfiles = [], propertySourceDescriptors = [], propertySourceProperties = ["org.springframework.boot.test.context.SpringBootTestContextBootstrapper=true"], contextCustomizers = [org.springframework.boot.test.context.PropertyMappingContextCustomizer@0, org.springframework.boot.test.context.filter.ExcludeFilterContextCustomizer@5149f008, org.springframework.boot.test.json.DuplicateJsonObjectContextCustomizerFactory$DuplicateJsonObjectContextCustomizer@40f33492, org.springframework.test.context.support.DynamicPropertiesContextCustomizer@0, org.springframework.boot.webmvc.test.autoconfigure.WebDriverContextCustomizer@30c31dd7, org.springframework.boot.web.server.context.SpringBootTestRandomPortContextCustomizerFactory$Customizer@c1fca1e, org.springframework.boot.test.autoconfigure.OnFailureConditionReportContextCustomizerFactory$OnFailureConditionReportContextCustomizer@615f972, org.springframework.boot.test.context.SpringBootTestAnnotation@5c65300], resourceBasePath = "src/main/webapp", contextLoader = org.springframework.boot.test.context.SpringBootContextLoader, parent = null]
	at org.springframework.test.context.cache.DefaultCacheAwareContextLoaderDelegate.loadContext(DefaultCacheAwareContextLoaderDelegate.java:157)
	at org.springframework.test.context.support.DefaultTestContext.getApplicationContext(DefaultTestContext.java:128)
	at org.springframework.test.context.web.ServletTestExecutionListener.setUpRequestContextIfNecessary(ServletTestExecutionListener.java:200)
	at org.springframework.test.context.web.ServletTestExecutionListener.prepareTestInstance(ServletTestExecutionListener.java:139)
	at org.springframework.test.context.TestContextManager.prepareTestInstance(TestContextManager.java:260)
	at org.springframework.test.context.junit.jupiter.SpringExtension.postProcessTestInstance(SpringExtension.java:203)
	at org.junit.jupiter.engine.descriptor.ClassBasedTestDescriptor.lambda$invokeTestInstancePostProcessors$1(ClassBasedTestDescriptor.java:423)
	at org.junit.jupiter.engine.descriptor.ClassBasedTestDescriptor.executeAndMaskThrowable(ClassBasedTestDescriptor.java:428)
	at org.junit.jupiter.engine.descriptor.ClassBasedTestDescriptor.lambda$invokeTestInstancePostProcessors$0(ClassBasedTestDescriptor.java:422)
	at java.base/java.util.stream.ForEachOps$ForEachOp$OfRef.accept(ForEachOps.java:184)
	at java.base/java.util.stream.ReferencePipeline$3$1.accept(ReferencePipeline.java:197)
	at java.base/java.util.stream.ReferencePipeline$2$1.accept(ReferencePipeline.java:179)
	at java.base/java.util.stream.ReferencePipeline$3$1.accept(ReferencePipeline.java:197)
	at java.base/java.util.ArrayList$ArrayListSpliterator.forEachRemaining(ArrayList.java:1708)
	at java.base/java.util.stream.AbstractPipeline.copyInto(AbstractPipeline.java:509)
	at java.base/java.util.stream.AbstractPipeline.wrapAndCopyInto(AbstractPipeline.java:499)
	at java.base/java.util.stream.ForEachOps$ForEachOp.evaluateSequential(ForEachOps.java:151)
	at java.base/java.util.stream.ForEachOps$ForEachOp$OfRef.evaluateSequential(ForEachOps.java:174)
	at java.base/java.util.stream.AbstractPipeline.evaluate(AbstractPipeline.java:234)
	at java.base/java.util.stream.ReferencePipeline.forEach(ReferencePipeline.java:596)
	at org.junit.jupiter.engine.descriptor.ClassBasedTestDescriptor.invokeTestInstancePostProcessors(ClassBasedTestDescriptor.java:422)
	at org.junit.jupiter.engine.descriptor.ClassBasedTestDescriptor.lambda$instantiateAndPostProcessTestInstance$0(ClassBasedTestDescriptor.java:334)
	at org.junit.platform.engine.support.hierarchical.ThrowableCollector.execute(ThrowableCollector.java:74)
	at org.junit.jupiter.engine.descriptor.ClassBasedTestDescriptor.instantiateAndPostProcessTestInstance(ClassBasedTestDescriptor.java:333)
	at org.junit.jupiter.engine.descriptor.ClassBasedTestDescriptor.lambda$testInstancesProvider$1(ClassBasedTestDescriptor.java:322)
	at java.base/java.util.Optional.orElseGet(Optional.java:364)
	at org.junit.jupiter.engine.descriptor.ClassBasedTestDescriptor.lambda$testInstancesProvider$0(ClassBasedTestDescriptor.java:321)
	at org.junit.jupiter.engine.execution.TestInstancesProvider.getTestInstances(TestInstancesProvider.java:27)
	at org.junit.jupiter.engine.descriptor.TestMethodTestDescriptor.lambda$prepare$0(TestMethodTestDescriptor.java:127)
	at org.junit.platform.engine.support.hierarchical.ThrowableCollector.execute(ThrowableCollector.java:74)
	at org.junit.jupiter.engine.descriptor.TestMethodTestDescriptor.prepare(TestMethodTestDescriptor.java:126)
	at org.junit.jupiter.engine.descriptor.TestMethodTestDescriptor.prepare(TestMethodTestDescriptor.java:70)
	at org.junit.platform.engine.support.hierarchical.NodeTestTask.lambda$prepare$0(NodeTestTask.java:144)
	at org.junit.platform.engine.support.hierarchical.ThrowableCollector.execute(ThrowableCollector.java:74)
	at org.junit.platform.engine.support.hierarchical.NodeTestTask.prepare(NodeTestTask.java:144)
	at org.junit.platform.engine.support.hierarchical.NodeTestTask.execute(NodeTestTask.java:110)
	at java.base/java.util.ArrayList.forEach(ArrayList.java:1596)
	at org.junit.platform.engine.support.hierarchical.SameThreadHierarchicalTestExecutorService.invokeAll(SameThreadHierarchicalTestExecutorService.java:42)
	at org.junit.platform.engine.support.hierarchical.NodeTestTask.lambda$executeRecursively$2(NodeTestTask.java:180)
	at org.junit.platform.engine.support.hierarchical.ThrowableCollector.execute(ThrowableCollector.java:74)
	at org.junit.platform.engine.support.hierarchical.NodeTestTask.lambda$executeRecursively$1(NodeTestTask.java:166)
	at org.junit.platform.engine.support.hierarchical.Node.around(Node.java:138)
	at org.junit.platform.engine.support.hierarchical.NodeTestTask.lambda$executeRecursively$0(NodeTestTask.java:164)
	at org.junit.platform.engine.support.hierarchical.ThrowableCollector.execute(ThrowableCollector.java:74)
	at org.junit.platform.engine.support.hierarchical.NodeTestTask.executeRecursively(NodeTestTask.java:163)
	at org.junit.platform.engine.support.hierarchical.NodeTestTask.execute(NodeTestTask.java:116)
	at java.base/java.util.ArrayList.forEach(ArrayList.java:1596)
	at org.junit.platform.engine.support.hierarchical.SameThreadHierarchicalTestExecutorService.invokeAll(SameThreadHierarchicalTestExecutorService.java:42)
	at org.junit.platform.engine.support.hierarchical.NodeTestTask.lambda$executeRecursively$2(NodeTestTask.java:180)
	at org.junit.platform.engine.support.hierarchical.ThrowableCollector.execute(ThrowableCollector.java:74)
	at org.junit.platform.engine.support.hierarchical.NodeTestTask.lambda$executeRecursively$1(NodeTestTask.java:166)
	at org.junit.platform.engine.support.hierarchical.Node.around(Node.java:138)
	at org.junit.platform.engine.support.hierarchical.NodeTestTask.lambda$executeRecursively$0(NodeTestTask.java:164)
	at org.junit.platform.engine.support.hierarchical.ThrowableCollector.execute(ThrowableCollector.java:74)
	at org.junit.platform.engine.support.hierarchical.NodeTestTask.executeRecursively(NodeTestTask.java:163)
	at org.junit.platform.engine.support.hierarchical.NodeTestTask.execute(NodeTestTask.java:116)
	at org.junit.platform.engine.support.hierarchical.SameThreadHierarchicalTestExecutorService.submit(SameThreadHierarchicalTestExecutorService.java:36)
	at org.junit.platform.engine.support.hierarchical.HierarchicalTestExecutor.execute(HierarchicalTestExecutor.java:52)
	at org.junit.platform.engine.support.hierarchical.HierarchicalTestEngine.execute(HierarchicalTestEngine.java:58)
	at org.junit.platform.launcher.core.EngineExecutionOrchestrator.executeEngine(EngineExecutionOrchestrator.java:246)
	at org.junit.platform.launcher.core.EngineExecutionOrchestrator.failOrExecuteEngine(EngineExecutionOrchestrator.java:218)
	at org.junit.platform.launcher.core.EngineExecutionOrchestrator.execute(EngineExecutionOrchestrator.java:179)
	at org.junit.platform.launcher.core.EngineExecutionOrchestrator.execute(EngineExecutionOrchestrator.java:108)
	at org.junit.platform.launcher.core.EngineExecutionOrchestrator.lambda$execute$0(EngineExecutionOrchestrator.java:66)
	at org.junit.platform.launcher.core.EngineExecutionOrchestrator.withInterceptedStreams(EngineExecutionOrchestrator.java:157)
	at org.junit.platform.launcher.core.EngineExecutionOrchestrator.execute(EngineExecutionOrchestrator.java:65)
	at org.junit.platform.launcher.core.DefaultLauncher.execute(DefaultLauncher.java:125)
	at org.junit.platform.launcher.core.DefaultLauncher.execute(DefaultLauncher.java:114)
	at org.junit.platform.launcher.core.DefaultLauncher.execute(DefaultLauncher.java:93)
	at org.junit.platform.launcher.core.DelegatingLauncher.execute(DelegatingLauncher.java:48)
	at org.junit.platform.launcher.core.InterceptingLauncher.lambda$execute$0(InterceptingLauncher.java:41)
	at org.junit.platform.launcher.core.ClasspathAlignmentCheckingLauncherInterceptor.intercept(ClasspathAlignmentCheckingLauncherInterceptor.java:25)
	at org.junit.platform.launcher.core.InterceptingLauncher.execute(InterceptingLauncher.java:40)
	at org.junit.platform.launcher.core.DelegatingLauncher.execute(DelegatingLauncher.java:48)
	at org.junit.platform.launcher.core.SessionPerRequestLauncher.execute(SessionPerRequestLauncher.java:67)
	at com.intellij.junit5.JUnit5IdeaTestRunner.startRunnerWithArgs(JUnit5IdeaTestRunner.java:57)
	at com.intellij.rt.junit.IdeaTestRunner$Repeater$1.execute(IdeaTestRunner.java:38)
	at com.intellij.rt.execution.junit.TestsRepeater.repeat(TestsRepeater.java:11)
	at com.intellij.rt.junit.IdeaTestRunner$Repeater.startRunnerWithArgs(IdeaTestRunner.java:35)
	at com.intellij.rt.junit.JUnitStarter.prepareStreamsAndStart(JUnitStarter.java:231)
	at com.intellij.rt.junit.JUnitStarter.main(JUnitStarter.java:55)
2026-03-03 19:00:05 [] WARN  - Caught exception while allowing TestExecutionListener [org.springframework.test.context.web.ServletTestExecutionListener] to prepare test instance [com.site.webapp.controllers.TaskControllerTest@9de1b85]
java.lang.IllegalStateException: ApplicationContext failure threshold (1) exceeded: skipping repeated attempt to load context for [WebMergedContextConfiguration@2ed35f24 testClass = com.site.webapp.controllers.TaskControllerTest, locations = [], classes = [com.site.webapp.WebappApplication], contextInitializerClasses = [], activeProfiles = [], propertySourceDescriptors = [], propertySourceProperties = ["org.springframework.boot.test.context.SpringBootTestContextBootstrapper=true"], contextCustomizers = [org.springframework.boot.test.context.PropertyMappingContextCustomizer@0, org.springframework.boot.test.context.filter.ExcludeFilterContextCustomizer@5149f008, org.springframework.boot.test.json.DuplicateJsonObjectContextCustomizerFactory$DuplicateJsonObjectContextCustomizer@40f33492, org.springframework.test.context.support.DynamicPropertiesContextCustomizer@0, org.springframework.boot.webmvc.test.autoconfigure.WebDriverContextCustomizer@30c31dd7, org.springframework.boot.web.server.context.SpringBootTestRandomPortContextCustomizerFactory$Customizer@c1fca1e, org.springframework.boot.test.autoconfigure.OnFailureConditionReportContextCustomizerFactory$OnFailureConditionReportContextCustomizer@615f972, org.springframework.boot.test.context.SpringBootTestAnnotation@5c65300], resourceBasePath = "src/main/webapp", contextLoader = org.springframework.boot.test.context.SpringBootContextLoader, parent = null]
	at org.springframework.test.context.cache.DefaultCacheAwareContextLoaderDelegate.loadContext(DefaultCacheAwareContextLoaderDelegate.java:157)
	at org.springframework.test.context.support.DefaultTestContext.getApplicationContext(DefaultTestContext.java:128)
	at org.springframework.test.context.web.ServletTestExecutionListener.setUpRequestContextIfNecessary(ServletTestExecutionListener.java:200)
	at org.springframework.test.context.web.ServletTestExecutionListener.prepareTestInstance(ServletTestExecutionListener.java:139)
	at org.springframework.test.context.TestContextManager.prepareTestInstance(TestContextManager.java:260)
	at org.springframework.test.context.junit.jupiter.SpringExtension.postProcessTestInstance(SpringExtension.java:203)
	at org.junit.jupiter.engine.descriptor.ClassBasedTestDescriptor.lambda$invokeTestInstancePostProcessors$1(ClassBasedTestDescriptor.java:423)
	at org.junit.jupiter.engine.descriptor.ClassBasedTestDescriptor.executeAndMaskThrowable(ClassBasedTestDescriptor.java:428)
	at org.junit.jupiter.engine.descriptor.ClassBasedTestDescriptor.lambda$invokeTestInstancePostProcessors$0(ClassBasedTestDescriptor.java:422)
	at java.base/java.util.stream.ForEachOps$ForEachOp$OfRef.accept(ForEachOps.java:184)
	at java.base/java.util.stream.ReferencePipeline$3$1.accept(ReferencePipeline.java:197)
	at java.base/java.util.stream.ReferencePipeline$2$1.accept(ReferencePipeline.java:179)
	at java.base/java.util.stream.ReferencePipeline$3$1.accept(ReferencePipeline.java:197)
	at java.base/java.util.ArrayList$ArrayListSpliterator.forEachRemaining(ArrayList.java:1708)
	at java.base/java.util.stream.AbstractPipeline.copyInto(AbstractPipeline.java:509)
	at java.base/java.util.stream.AbstractPipeline.wrapAndCopyInto(AbstractPipeline.java:499)
	at java.base/java.util.stream.ForEachOps$ForEachOp.evaluateSequential(ForEachOps.java:151)
	at java.base/java.util.stream.ForEachOps$ForEachOp$OfRef.evaluateSequential(ForEachOps.java:174)
	at java.base/java.util.stream.AbstractPipeline.evaluate(AbstractPipeline.java:234)
	at java.base/java.util.stream.ReferencePipeline.forEach(ReferencePipeline.java:596)
	at org.junit.jupiter.engine.descriptor.ClassBasedTestDescriptor.invokeTestInstancePostProcessors(ClassBasedTestDescriptor.java:422)
	at org.junit.jupiter.engine.descriptor.ClassBasedTestDescriptor.lambda$instantiateAndPostProcessTestInstance$0(ClassBasedTestDescriptor.java:334)
	at org.junit.platform.engine.support.hierarchical.ThrowableCollector.execute(ThrowableCollector.java:74)
	at org.junit.jupiter.engine.descriptor.ClassBasedTestDescriptor.instantiateAndPostProcessTestInstance(ClassBasedTestDescriptor.java:333)
	at org.junit.jupiter.engine.descriptor.ClassBasedTestDescriptor.lambda$testInstancesProvider$1(ClassBasedTestDescriptor.java:322)
	at java.base/java.util.Optional.orElseGet(Optional.java:364)
	at org.junit.jupiter.engine.descriptor.ClassBasedTestDescriptor.lambda$testInstancesProvider$0(ClassBasedTestDescriptor.java:321)
	at org.junit.jupiter.engine.execution.TestInstancesProvider.getTestInstances(TestInstancesProvider.java:27)
	at org.junit.jupiter.engine.descriptor.TestMethodTestDescriptor.lambda$prepare$0(TestMethodTestDescriptor.java:127)
	at org.junit.platform.engine.support.hierarchical.ThrowableCollector.execute(ThrowableCollector.java:74)
	at org.junit.jupiter.engine.descriptor.TestMethodTestDescriptor.prepare(TestMethodTestDescriptor.java:126)
	at org.junit.jupiter.engine.descriptor.TestMethodTestDescriptor.prepare(TestMethodTestDescriptor.java:70)
	at org.junit.platform.engine.support.hierarchical.NodeTestTask.lambda$prepare$0(NodeTestTask.java:144)
	at org.junit.platform.engine.support.hierarchical.ThrowableCollector.execute(ThrowableCollector.java:74)
	at org.junit.platform.engine.support.hierarchical.NodeTestTask.prepare(NodeTestTask.java:144)
	at org.junit.platform.engine.support.hierarchical.NodeTestTask.execute(NodeTestTask.java:110)
	at java.base/java.util.ArrayList.forEach(ArrayList.java:1596)
	at org.junit.platform.engine.support.hierarchical.SameThreadHierarchicalTestExecutorService.invokeAll(SameThreadHierarchicalTestExecutorService.java:42)
	at org.junit.platform.engine.support.hierarchical.NodeTestTask.lambda$executeRecursively$2(NodeTestTask.java:180)
	at org.junit.platform.engine.support.hierarchical.ThrowableCollector.execute(ThrowableCollector.java:74)
	at org.junit.platform.engine.support.hierarchical.NodeTestTask.lambda$executeRecursively$1(NodeTestTask.java:166)
	at org.junit.platform.engine.support.hierarchical.Node.around(Node.java:138)
	at org.junit.platform.engine.support.hierarchical.NodeTestTask.lambda$executeRecursively$0(NodeTestTask.java:164)
	at org.junit.platform.engine.support.hierarchical.ThrowableCollector.execute(ThrowableCollector.java:74)
	at org.junit.platform.engine.support.hierarchical.NodeTestTask.executeRecursively(NodeTestTask.java:163)
	at org.junit.platform.engine.support.hierarchical.NodeTestTask.execute(NodeTestTask.java:116)
	at java.base/java.util.ArrayList.forEach(ArrayList.java:1596)
	at org.junit.platform.engine.support.hierarchical.SameThreadHierarchicalTestExecutorService.invokeAll(SameThreadHierarchicalTestExecutorService.java:42)
	at org.junit.platform.engine.support.hierarchical.NodeTestTask.lambda$executeRecursively$2(NodeTestTask.java:180)
	at org.junit.platform.engine.support.hierarchical.ThrowableCollector.execute(ThrowableCollector.java:74)
	at org.junit.platform.engine.support.hierarchical.NodeTestTask.lambda$executeRecursively$1(NodeTestTask.java:166)
	at org.junit.platform.engine.support.hierarchical.Node.around(Node.java:138)
	at org.junit.platform.engine.support.hierarchical.NodeTestTask.lambda$executeRecursively$0(NodeTestTask.java:164)
	at org.junit.platform.engine.support.hierarchical.ThrowableCollector.execute(ThrowableCollector.java:74)
	at org.junit.platform.engine.support.hierarchical.NodeTestTask.executeRecursively(NodeTestTask.java:163)
	at org.junit.platform.engine.support.hierarchical.NodeTestTask.execute(NodeTestTask.java:116)
	at org.junit.platform.engine.support.hierarchical.SameThreadHierarchicalTestExecutorService.submit(SameThreadHierarchicalTestExecutorService.java:36)
	at org.junit.platform.engine.support.hierarchical.HierarchicalTestExecutor.execute(HierarchicalTestExecutor.java:52)
	at org.junit.platform.engine.support.hierarchical.HierarchicalTestEngine.execute(HierarchicalTestEngine.java:58)
	at org.junit.platform.launcher.core.EngineExecutionOrchestrator.executeEngine(EngineExecutionOrchestrator.java:246)
	at org.junit.platform.launcher.core.EngineExecutionOrchestrator.failOrExecuteEngine(EngineExecutionOrchestrator.java:218)
	at org.junit.platform.launcher.core.EngineExecutionOrchestrator.execute(EngineExecutionOrchestrator.java:179)
	at org.junit.platform.launcher.core.EngineExecutionOrchestrator.execute(EngineExecutionOrchestrator.java:108)
	at org.junit.platform.launcher.core.EngineExecutionOrchestrator.lambda$execute$0(EngineExecutionOrchestrator.java:66)
	at org.junit.platform.launcher.core.EngineExecutionOrchestrator.withInterceptedStreams(EngineExecutionOrchestrator.java:157)
	at org.junit.platform.launcher.core.EngineExecutionOrchestrator.execute(EngineExecutionOrchestrator.java:65)
	at org.junit.platform.launcher.core.DefaultLauncher.execute(DefaultLauncher.java:125)
	at org.junit.platform.launcher.core.DefaultLauncher.execute(DefaultLauncher.java:114)
	at org.junit.platform.launcher.core.DefaultLauncher.execute(DefaultLauncher.java:93)
	at org.junit.platform.launcher.core.DelegatingLauncher.execute(DelegatingLauncher.java:48)
	at org.junit.platform.launcher.core.InterceptingLauncher.lambda$execute$0(InterceptingLauncher.java:41)
	at org.junit.platform.launcher.core.ClasspathAlignmentCheckingLauncherInterceptor.intercept(ClasspathAlignmentCheckingLauncherInterceptor.java:25)
	at org.junit.platform.launcher.core.InterceptingLauncher.execute(InterceptingLauncher.java:40)
	at org.junit.platform.launcher.core.DelegatingLauncher.execute(DelegatingLauncher.java:48)
	at org.junit.platform.launcher.core.SessionPerRequestLauncher.execute(SessionPerRequestLauncher.java:67)
	at com.intellij.junit5.JUnit5IdeaTestRunner.startRunnerWithArgs(JUnit5IdeaTestRunner.java:57)
	at com.intellij.rt.junit.IdeaTestRunner$Repeater$1.execute(IdeaTestRunner.java:38)
	at com.intellij.rt.execution.junit.TestsRepeater.repeat(TestsRepeater.java:11)
	at com.intellij.rt.junit.IdeaTestRunner$Repeater.startRunnerWithArgs(IdeaTestRunner.java:35)
	at com.intellij.rt.junit.JUnitStarter.prepareStreamsAndStart(JUnitStarter.java:231)
	at com.intellij.rt.junit.JUnitStarter.main(JUnitStarter.java:55)
2026-03-03 19:00:05 [] WARN  - Caught exception while allowing TestExecutionListener [org.springframework.test.context.web.ServletTestExecutionListener] to prepare test instance [com.site.webapp.controllers.TaskControllerTest@52c6e959]
java.lang.IllegalStateException: ApplicationContext failure threshold (1) exceeded: skipping repeated attempt to load context for [WebMergedContextConfiguration@2ed35f24 testClass = com.site.webapp.controllers.TaskControllerTest, locations = [], classes = [com.site.webapp.WebappApplication], contextInitializerClasses = [], activeProfiles = [], propertySourceDescriptors = [], propertySourceProperties = ["org.springframework.boot.test.context.SpringBootTestContextBootstrapper=true"], contextCustomizers = [org.springframework.boot.test.context.PropertyMappingContextCustomizer@0, org.springframework.boot.test.context.filter.ExcludeFilterContextCustomizer@5149f008, org.springframework.boot.test.json.DuplicateJsonObjectContextCustomizerFactory$DuplicateJsonObjectContextCustomizer@40f33492, org.springframework.test.context.support.DynamicPropertiesContextCustomizer@0, org.springframework.boot.webmvc.test.autoconfigure.WebDriverContextCustomizer@30c31dd7, org.springframework.boot.web.server.context.SpringBootTestRandomPortContextCustomizerFactory$Customizer@c1fca1e, org.springframework.boot.test.autoconfigure.OnFailureConditionReportContextCustomizerFactory$OnFailureConditionReportContextCustomizer@615f972, org.springframework.boot.test.context.SpringBootTestAnnotation@5c65300], resourceBasePath = "src/main/webapp", contextLoader = org.springframework.boot.test.context.SpringBootContextLoader, parent = null]
	at org.springframework.test.context.cache.DefaultCacheAwareContextLoaderDelegate.loadContext(DefaultCacheAwareContextLoaderDelegate.java:157)
	at org.springframework.test.context.support.DefaultTestContext.getApplicationContext(DefaultTestContext.java:128)
	at org.springframework.test.context.web.ServletTestExecutionListener.setUpRequestContextIfNecessary(ServletTestExecutionListener.java:200)
	at org.springframework.test.context.web.ServletTestExecutionListener.prepareTestInstance(ServletTestExecutionListener.java:139)
	at org.springframework.test.context.TestContextManager.prepareTestInstance(TestContextManager.java:260)
	at org.springframework.test.context.junit.jupiter.SpringExtension.postProcessTestInstance(SpringExtension.java:203)
	at org.junit.jupiter.engine.descriptor.ClassBasedTestDescriptor.lambda$invokeTestInstancePostProcessors$1(ClassBasedTestDescriptor.java:423)
	at org.junit.jupiter.engine.descriptor.ClassBasedTestDescriptor.executeAndMaskThrowable(ClassBasedTestDescriptor.java:428)
	at org.junit.jupiter.engine.descriptor.ClassBasedTestDescriptor.lambda$invokeTestInstancePostProcessors$0(ClassBasedTestDescriptor.java:422)
	at java.base/java.util.stream.ForEachOps$ForEachOp$OfRef.accept(ForEachOps.java:184)
	at java.base/java.util.stream.ReferencePipeline$3$1.accept(ReferencePipeline.java:197)
	at java.base/java.util.stream.ReferencePipeline$2$1.accept(ReferencePipeline.java:179)
	at java.base/java.util.stream.ReferencePipeline$3$1.accept(ReferencePipeline.java:197)
	at java.base/java.util.ArrayList$ArrayListSpliterator.forEachRemaining(ArrayList.java:1708)
	at java.base/java.util.stream.AbstractPipeline.copyInto(AbstractPipeline.java:509)
	at java.base/java.util.stream.AbstractPipeline.wrapAndCopyInto(AbstractPipeline.java:499)
	at java.base/java.util.stream.ForEachOps$ForEachOp.evaluateSequential(ForEachOps.java:151)
	at java.base/java.util.stream.ForEachOps$ForEachOp$OfRef.evaluateSequential(ForEachOps.java:174)
	at java.base/java.util.stream.AbstractPipeline.evaluate(AbstractPipeline.java:234)
	at java.base/java.util.stream.ReferencePipeline.forEach(ReferencePipeline.java:596)
	at org.junit.jupiter.engine.descriptor.ClassBasedTestDescriptor.invokeTestInstancePostProcessors(ClassBasedTestDescriptor.java:422)
	at org.junit.jupiter.engine.descriptor.ClassBasedTestDescriptor.lambda$instantiateAndPostProcessTestInstance$0(ClassBasedTestDescriptor.java:334)
	at org.junit.platform.engine.support.hierarchical.ThrowableCollector.execute(ThrowableCollector.java:74)
	at org.junit.jupiter.engine.descriptor.ClassBasedTestDescriptor.instantiateAndPostProcessTestInstance(ClassBasedTestDescriptor.java:333)
	at org.junit.jupiter.engine.descriptor.ClassBasedTestDescriptor.lambda$testInstancesProvider$1(ClassBasedTestDescriptor.java:322)
	at java.base/java.util.Optional.orElseGet(Optional.java:364)
	at org.junit.jupiter.engine.descriptor.ClassBasedTestDescriptor.lambda$testInstancesProvider$0(ClassBasedTestDescriptor.java:321)
	at org.junit.jupiter.engine.execution.TestInstancesProvider.getTestInstances(TestInstancesProvider.java:27)
	at org.junit.jupiter.engine.descriptor.TestMethodTestDescriptor.lambda$prepare$0(TestMethodTestDescriptor.java:127)
	at org.junit.platform.engine.support.hierarchical.ThrowableCollector.execute(ThrowableCollector.java:74)
	at org.junit.jupiter.engine.descriptor.TestMethodTestDescriptor.prepare(TestMethodTestDescriptor.java:126)
	at org.junit.jupiter.engine.descriptor.TestMethodTestDescriptor.prepare(TestMethodTestDescriptor.java:70)
	at org.junit.platform.engine.support.hierarchical.NodeTestTask.lambda$prepare$0(NodeTestTask.java:144)
	at org.junit.platform.engine.support.hierarchical.ThrowableCollector.execute(ThrowableCollector.java:74)
	at org.junit.platform.engine.support.hierarchical.NodeTestTask.prepare(NodeTestTask.java:144)
	at org.junit.platform.engine.support.hierarchical.NodeTestTask.execute(NodeTestTask.java:110)
	at java.base/java.util.ArrayList.forEach(ArrayList.java:1596)
	at org.junit.platform.engine.support.hierarchical.SameThreadHierarchicalTestExecutorService.invokeAll(SameThreadHierarchicalTestExecutorService.java:42)
	at org.junit.platform.engine.support.hierarchical.NodeTestTask.lambda$executeRecursively$2(NodeTestTask.java:180)
	at org.junit.platform.engine.support.hierarchical.ThrowableCollector.execute(ThrowableCollector.java:74)
	at org.junit.platform.engine.support.hierarchical.NodeTestTask.lambda$executeRecursively$1(NodeTestTask.java:166)
	at org.junit.platform.engine.support.hierarchical.Node.around(Node.java:138)
	at org.junit.platform.engine.support.hierarchical.NodeTestTask.lambda$executeRecursively$0(NodeTestTask.java:164)
	at org.junit.platform.engine.support.hierarchical.ThrowableCollector.execute(ThrowableCollector.java:74)
	at org.junit.platform.engine.support.hierarchical.NodeTestTask.executeRecursively(NodeTestTask.java:163)
	at org.junit.platform.engine.support.hierarchical.NodeTestTask.execute(NodeTestTask.java:116)
	at java.base/java.util.ArrayList.forEach(ArrayList.java:1596)
	at org.junit.platform.engine.support.hierarchical.SameThreadHierarchicalTestExecutorService.invokeAll(SameThreadHierarchicalTestExecutorService.java:42)
	at org.junit.platform.engine.support.hierarchical.NodeTestTask.lambda$executeRecursively$2(NodeTestTask.java:180)
	at org.junit.platform.engine.support.hierarchical.ThrowableCollector.execute(ThrowableCollector.java:74)
	at org.junit.platform.engine.support.hierarchical.NodeTestTask.lambda$executeRecursively$1(NodeTestTask.java:166)
	at org.junit.platform.engine.support.hierarchical.Node.around(Node.java:138)
	at org.junit.platform.engine.support.hierarchical.NodeTestTask.lambda$executeRecursively$0(NodeTestTask.java:164)
	at org.junit.platform.engine.support.hierarchical.ThrowableCollector.execute(ThrowableCollector.java:74)
	at org.junit.platform.engine.support.hierarchical.NodeTestTask.executeRecursively(NodeTestTask.java:163)
	at org.junit.platform.engine.support.hierarchical.NodeTestTask.execute(NodeTestTask.java:116)
	at org.junit.platform.engine.support.hierarchical.SameThreadHierarchicalTestExecutorService.submit(SameThreadHierarchicalTestExecutorService.java:36)
	at org.junit.platform.engine.support.hierarchical.HierarchicalTestExecutor.execute(HierarchicalTestExecutor.java:52)
	at org.junit.platform.engine.support.hierarchical.HierarchicalTestEngine.execute(HierarchicalTestEngine.java:58)
	at org.junit.platform.launcher.core.EngineExecutionOrchestrator.executeEngine(EngineExecutionOrchestrator.java:246)
	at org.junit.platform.launcher.core.EngineExecutionOrchestrator.failOrExecuteEngine(EngineExecutionOrchestrator.java:218)
	at org.junit.platform.launcher.core.EngineExecutionOrchestrator.execute(EngineExecutionOrchestrator.java:179)
	at org.junit.platform.launcher.core.EngineExecutionOrchestrator.execute(EngineExecutionOrchestrator.java:108)
	at org.junit.platform.launcher.core.EngineExecutionOrchestrator.lambda$execute$0(EngineExecutionOrchestrator.java:66)
	at org.junit.platform.launcher.core.EngineExecutionOrchestrator.withInterceptedStreams(EngineExecutionOrchestrator.java:157)
	at org.junit.platform.launcher.core.EngineExecutionOrchestrator.execute(EngineExecutionOrchestrator.java:65)
	at org.junit.platform.launcher.core.DefaultLauncher.execute(DefaultLauncher.java:125)
	at org.junit.platform.launcher.core.DefaultLauncher.execute(DefaultLauncher.java:114)
	at org.junit.platform.launcher.core.DefaultLauncher.execute(DefaultLauncher.java:93)
	at org.junit.platform.launcher.core.DelegatingLauncher.execute(DelegatingLauncher.java:48)
	at org.junit.platform.launcher.core.InterceptingLauncher.lambda$execute$0(InterceptingLauncher.java:41)
	at org.junit.platform.launcher.core.ClasspathAlignmentCheckingLauncherInterceptor.intercept(ClasspathAlignmentCheckingLauncherInterceptor.java:25)
	at org.junit.platform.launcher.core.InterceptingLauncher.execute(InterceptingLauncher.java:40)
	at org.junit.platform.launcher.core.DelegatingLauncher.execute(DelegatingLauncher.java:48)
	at org.junit.platform.launcher.core.SessionPerRequestLauncher.execute(SessionPerRequestLauncher.java:67)
	at com.intellij.junit5.JUnit5IdeaTestRunner.startRunnerWithArgs(JUnit5IdeaTestRunner.java:57)
	at com.intellij.rt.junit.IdeaTestRunner$Repeater$1.execute(IdeaTestRunner.java:38)
	at com.intellij.rt.execution.junit.TestsRepeater.repeat(TestsRepeater.java:11)
	at com.intellij.rt.junit.IdeaTestRunner$Repeater.startRunnerWithArgs(IdeaTestRunner.java:35)
	at com.intellij.rt.junit.JUnitStarter.prepareStreamsAndStart(JUnitStarter.java:231)
	at com.intellij.rt.junit.JUnitStarter.main(JUnitStarter.java:55)
2026-03-03 19:00:05 [] WARN  - Caught exception while allowing TestExecutionListener [org.springframework.test.context.web.ServletTestExecutionListener] to prepare test instance [com.site.webapp.controllers.TaskControllerTest@323c6f9c]
java.lang.IllegalStateException: ApplicationContext failure threshold (1) exceeded: skipping repeated attempt to load context for [WebMergedContextConfiguration@2ed35f24 testClass = com.site.webapp.controllers.TaskControllerTest, locations = [], classes = [com.site.webapp.WebappApplication], contextInitializerClasses = [], activeProfiles = [], propertySourceDescriptors = [], propertySourceProperties = ["org.springframework.boot.test.context.SpringBootTestContextBootstrapper=true"], contextCustomizers = [org.springframework.boot.test.context.PropertyMappingContextCustomizer@0, org.springframework.boot.test.context.filter.ExcludeFilterContextCustomizer@5149f008, org.springframework.boot.test.json.DuplicateJsonObjectContextCustomizerFactory$DuplicateJsonObjectContextCustomizer@40f33492, org.springframework.test.context.support.DynamicPropertiesContextCustomizer@0, org.springframework.boot.webmvc.test.autoconfigure.WebDriverContextCustomizer@30c31dd7, org.springframework.boot.web.server.context.SpringBootTestRandomPortContextCustomizerFactory$Customizer@c1fca1e, org.springframework.boot.test.autoconfigure.OnFailureConditionReportContextCustomizerFactory$OnFailureConditionReportContextCustomizer@615f972, org.springframework.boot.test.context.SpringBootTestAnnotation@5c65300], resourceBasePath = "src/main/webapp", contextLoader = org.springframework.boot.test.context.SpringBootContextLoader, parent = null]
	at org.springframework.test.context.cache.DefaultCacheAwareContextLoaderDelegate.loadContext(DefaultCacheAwareContextLoaderDelegate.java:157)
	at org.springframework.test.context.support.DefaultTestContext.getApplicationContext(DefaultTestContext.java:128)
	at org.springframework.test.context.web.ServletTestExecutionListener.setUpRequestContextIfNecessary(ServletTestExecutionListener.java:200)
	at org.springframework.test.context.web.ServletTestExecutionListener.prepareTestInstance(ServletTestExecutionListener.java:139)
	at org.springframework.test.context.TestContextManager.prepareTestInstance(TestContextManager.java:260)
	at org.springframework.test.context.junit.jupiter.SpringExtension.postProcessTestInstance(SpringExtension.java:203)
	at org.junit.jupiter.engine.descriptor.ClassBasedTestDescriptor.lambda$invokeTestInstancePostProcessors$1(ClassBasedTestDescriptor.java:423)
	at org.junit.jupiter.engine.descriptor.ClassBasedTestDescriptor.executeAndMaskThrowable(ClassBasedTestDescriptor.java:428)
	at org.junit.jupiter.engine.descriptor.ClassBasedTestDescriptor.lambda$invokeTestInstancePostProcessors$0(ClassBasedTestDescriptor.java:422)
	at java.base/java.util.stream.ForEachOps$ForEachOp$OfRef.accept(ForEachOps.java:184)
	at java.base/java.util.stream.ReferencePipeline$3$1.accept(ReferencePipeline.java:197)
	at java.base/java.util.stream.ReferencePipeline$2$1.accept(ReferencePipeline.java:179)
	at java.base/java.util.stream.ReferencePipeline$3$1.accept(ReferencePipeline.java:197)
	at java.base/java.util.ArrayList$ArrayListSpliterator.forEachRemaining(ArrayList.java:1708)
	at java.base/java.util.stream.AbstractPipeline.copyInto(AbstractPipeline.java:509)
	at java.base/java.util.stream.AbstractPipeline.wrapAndCopyInto(AbstractPipeline.java:499)
	at java.base/java.util.stream.ForEachOps$ForEachOp.evaluateSequential(ForEachOps.java:151)
	at java.base/java.util.stream.ForEachOps$ForEachOp$OfRef.evaluateSequential(ForEachOps.java:174)
	at java.base/java.util.stream.AbstractPipeline.evaluate(AbstractPipeline.java:234)
	at java.base/java.util.stream.ReferencePipeline.forEach(ReferencePipeline.java:596)
	at org.junit.jupiter.engine.descriptor.ClassBasedTestDescriptor.invokeTestInstancePostProcessors(ClassBasedTestDescriptor.java:422)
	at org.junit.jupiter.engine.descriptor.ClassBasedTestDescriptor.lambda$instantiateAndPostProcessTestInstance$0(ClassBasedTestDescriptor.java:334)
	at org.junit.platform.engine.support.hierarchical.ThrowableCollector.execute(ThrowableCollector.java:74)
	at org.junit.jupiter.engine.descriptor.ClassBasedTestDescriptor.instantiateAndPostProcessTestInstance(ClassBasedTestDescriptor.java:333)
	at org.junit.jupiter.engine.descriptor.ClassBasedTestDescriptor.lambda$testInstancesProvider$1(ClassBasedTestDescriptor.java:322)
	at java.base/java.util.Optional.orElseGet(Optional.java:364)
	at org.junit.jupiter.engine.descriptor.ClassBasedTestDescriptor.lambda$testInstancesProvider$0(ClassBasedTestDescriptor.java:321)
	at org.junit.jupiter.engine.execution.TestInstancesProvider.getTestInstances(TestInstancesProvider.java:27)
	at org.junit.jupiter.engine.descriptor.TestMethodTestDescriptor.lambda$prepare$0(TestMethodTestDescriptor.java:127)
	at org.junit.platform.engine.support.hierarchical.ThrowableCollector.execute(ThrowableCollector.java:74)
	at org.junit.jupiter.engine.descriptor.TestMethodTestDescriptor.prepare(TestMethodTestDescriptor.java:126)
	at org.junit.jupiter.engine.descriptor.TestMethodTestDescriptor.prepare(TestMethodTestDescriptor.java:70)
	at org.junit.platform.engine.support.hierarchical.NodeTestTask.lambda$prepare$0(NodeTestTask.java:144)
	at org.junit.platform.engine.support.hierarchical.ThrowableCollector.execute(ThrowableCollector.java:74)
	at org.junit.platform.engine.support.hierarchical.NodeTestTask.prepare(NodeTestTask.java:144)
	at org.junit.platform.engine.support.hierarchical.NodeTestTask.execute(NodeTestTask.java:110)
	at java.base/java.util.ArrayList.forEach(ArrayList.java:1596)
	at org.junit.platform.engine.support.hierarchical.SameThreadHierarchicalTestExecutorService.invokeAll(SameThreadHierarchicalTestExecutorService.java:42)
	at org.junit.platform.engine.support.hierarchical.NodeTestTask.lambda$executeRecursively$2(NodeTestTask.java:180)
	at org.junit.platform.engine.support.hierarchical.ThrowableCollector.execute(ThrowableCollector.java:74)
	at org.junit.platform.engine.support.hierarchical.NodeTestTask.lambda$executeRecursively$1(NodeTestTask.java:166)
	at org.junit.platform.engine.support.hierarchical.Node.around(Node.java:138)
	at org.junit.platform.engine.support.hierarchical.NodeTestTask.lambda$executeRecursively$0(NodeTestTask.java:164)
	at org.junit.platform.engine.support.hierarchical.ThrowableCollector.execute(ThrowableCollector.java:74)
	at org.junit.platform.engine.support.hierarchical.NodeTestTask.executeRecursively(NodeTestTask.java:163)
	at org.junit.platform.engine.support.hierarchical.NodeTestTask.execute(NodeTestTask.java:116)
	at java.base/java.util.ArrayList.forEach(ArrayList.java:1596)
	at org.junit.platform.engine.support.hierarchical.SameThreadHierarchicalTestExecutorService.invokeAll(SameThreadHierarchicalTestExecutorService.java:42)
	at org.junit.platform.engine.support.hierarchical.NodeTestTask.lambda$executeRecursively$2(NodeTestTask.java:180)
	at org.junit.platform.engine.support.hierarchical.ThrowableCollector.execute(ThrowableCollector.java:74)
	at org.junit.platform.engine.support.hierarchical.NodeTestTask.lambda$executeRecursively$1(NodeTestTask.java:166)
	at org.junit.platform.engine.support.hierarchical.Node.around(Node.java:138)
	at org.junit.platform.engine.support.hierarchical.NodeTestTask.lambda$executeRecursively$0(NodeTestTask.java:164)
	at org.junit.platform.engine.support.hierarchical.ThrowableCollector.execute(ThrowableCollector.java:74)
	at org.junit.platform.engine.support.hierarchical.NodeTestTask.executeRecursively(NodeTestTask.java:163)
	at org.junit.platform.engine.support.hierarchical.NodeTestTask.execute(NodeTestTask.java:116)
	at org.junit.platform.engine.support.hierarchical.SameThreadHierarchicalTestExecutorService.submit(SameThreadHierarchicalTestExecutorService.java:36)
	at org.junit.platform.engine.support.hierarchical.HierarchicalTestExecutor.execute(HierarchicalTestExecutor.java:52)
	at org.junit.platform.engine.support.hierarchical.HierarchicalTestEngine.execute(HierarchicalTestEngine.java:58)
	at org.junit.platform.launcher.core.EngineExecutionOrchestrator.executeEngine(EngineExecutionOrchestrator.java:246)
	at org.junit.platform.launcher.core.EngineExecutionOrchestrator.failOrExecuteEngine(EngineExecutionOrchestrator.java:218)
	at org.junit.platform.launcher.core.EngineExecutionOrchestrator.execute(EngineExecutionOrchestrator.java:179)
	at org.junit.platform.launcher.core.EngineExecutionOrchestrator.execute(EngineExecutionOrchestrator.java:108)
	at org.junit.platform.launcher.core.EngineExecutionOrchestrator.lambda$execute$0(EngineExecutionOrchestrator.java:66)
	at org.junit.platform.launcher.core.EngineExecutionOrchestrator.withInterceptedStreams(EngineExecutionOrchestrator.java:157)
	at org.junit.platform.launcher.core.EngineExecutionOrchestrator.execute(EngineExecutionOrchestrator.java:65)
	at org.junit.platform.launcher.core.DefaultLauncher.execute(DefaultLauncher.java:125)
	at org.junit.platform.launcher.core.DefaultLauncher.execute(DefaultLauncher.java:114)
	at org.junit.platform.launcher.core.DefaultLauncher.execute(DefaultLauncher.java:93)
	at org.junit.platform.launcher.core.DelegatingLauncher.execute(DelegatingLauncher.java:48)
	at org.junit.platform.launcher.core.InterceptingLauncher.lambda$execute$0(InterceptingLauncher.java:41)
	at org.junit.platform.launcher.core.ClasspathAlignmentCheckingLauncherInterceptor.intercept(ClasspathAlignmentCheckingLauncherInterceptor.java:25)
	at org.junit.platform.launcher.core.InterceptingLauncher.execute(InterceptingLauncher.java:40)
	at org.junit.platform.launcher.core.DelegatingLauncher.execute(DelegatingLauncher.java:48)
	at org.junit.platform.launcher.core.SessionPerRequestLauncher.execute(SessionPerRequestLauncher.java:67)
	at com.intellij.junit5.JUnit5IdeaTestRunner.startRunnerWithArgs(JUnit5IdeaTestRunner.java:57)
	at com.intellij.rt.junit.IdeaTestRunner$Repeater$1.execute(IdeaTestRunner.java:38)
	at com.intellij.rt.execution.junit.TestsRepeater.repeat(TestsRepeater.java:11)
	at com.intellij.rt.junit.IdeaTestRunner$Repeater.startRunnerWithArgs(IdeaTestRunner.java:35)
	at com.intellij.rt.junit.JUnitStarter.prepareStreamsAndStart(JUnitStarter.java:231)
	at com.intellij.rt.junit.JUnitStarter.main(JUnitStarter.java:55)
2026-03-03 19:00:05 [] INFO  - Could not detect default configuration classes for test class [com.site.webapp.repo.TasksRepositoryTest]: TasksRepositoryTest does not declare any static, non-private, non-final, nested classes annotated with @Configuration.
2026-03-03 19:00:05 [] INFO  - Found @SpringBootConfiguration com.site.webapp.WebappApplication for test class com.site.webapp.repo.TasksRepositoryTest
2026-03-03 19:00:05 [] WARN  - Caught exception while allowing TestExecutionListener [org.springframework.test.context.web.ServletTestExecutionListener] to prepare test instance [com.site.webapp.repo.TasksRepositoryTest@3f40568e]
java.lang.IllegalStateException: ApplicationContext failure threshold (1) exceeded: skipping repeated attempt to load context for [WebMergedContextConfiguration@3436d3d7 testClass = com.site.webapp.repo.TasksRepositoryTest, locations = [], classes = [com.site.webapp.WebappApplication], contextInitializerClasses = [], activeProfiles = [], propertySourceDescriptors = [], propertySourceProperties = ["org.springframework.boot.test.context.SpringBootTestContextBootstrapper=true"], contextCustomizers = [org.springframework.boot.test.context.PropertyMappingContextCustomizer@0, org.springframework.boot.test.context.filter.ExcludeFilterContextCustomizer@5149f008, org.springframework.boot.test.json.DuplicateJsonObjectContextCustomizerFactory$DuplicateJsonObjectContextCustomizer@40f33492, org.springframework.test.context.support.DynamicPropertiesContextCustomizer@0, org.springframework.boot.webmvc.test.autoconfigure.WebDriverContextCustomizer@30c31dd7, org.springframework.boot.web.server.context.SpringBootTestRandomPortContextCustomizerFactory$Customizer@c1fca1e, org.springframework.boot.test.autoconfigure.OnFailureConditionReportContextCustomizerFactory$OnFailureConditionReportContextCustomizer@615f972, org.springframework.boot.test.context.SpringBootTestAnnotation@5c65300], resourceBasePath = "src/main/webapp", contextLoader = org.springframework.boot.test.context.SpringBootContextLoader, parent = null]
	at org.springframework.test.context.cache.DefaultCacheAwareContextLoaderDelegate.loadContext(DefaultCacheAwareContextLoaderDelegate.java:157)
	at org.springframework.test.context.support.DefaultTestContext.getApplicationContext(DefaultTestContext.java:128)
	at org.springframework.test.context.web.ServletTestExecutionListener.setUpRequestContextIfNecessary(ServletTestExecutionListener.java:200)
	at org.springframework.test.context.web.ServletTestExecutionListener.prepareTestInstance(ServletTestExecutionListener.java:139)
	at org.springframework.test.context.TestContextManager.prepareTestInstance(TestContextManager.java:260)
	at org.springframework.test.context.junit.jupiter.SpringExtension.postProcessTestInstance(SpringExtension.java:203)
	at org.junit.jupiter.engine.descriptor.ClassBasedTestDescriptor.lambda$invokeTestInstancePostProcessors$1(ClassBasedTestDescriptor.java:423)
	at org.junit.jupiter.engine.descriptor.ClassBasedTestDescriptor.executeAndMaskThrowable(ClassBasedTestDescriptor.java:428)
	at org.junit.jupiter.engine.descriptor.ClassBasedTestDescriptor.lambda$invokeTestInstancePostProcessors$0(ClassBasedTestDescriptor.java:422)
	at java.base/java.util.stream.ForEachOps$ForEachOp$OfRef.accept(ForEachOps.java:184)
	at java.base/java.util.stream.ReferencePipeline$3$1.accept(ReferencePipeline.java:197)
	at java.base/java.util.stream.ReferencePipeline$2$1.accept(ReferencePipeline.java:179)
	at java.base/java.util.stream.ReferencePipeline$3$1.accept(ReferencePipeline.java:197)
	at java.base/java.util.ArrayList$ArrayListSpliterator.forEachRemaining(ArrayList.java:1708)
	at java.base/java.util.stream.AbstractPipeline.copyInto(AbstractPipeline.java:509)
	at java.base/java.util.stream.AbstractPipeline.wrapAndCopyInto(AbstractPipeline.java:499)
	at java.base/java.util.stream.ForEachOps$ForEachOp.evaluateSequential(ForEachOps.java:151)
	at java.base/java.util.stream.ForEachOps$ForEachOp$OfRef.evaluateSequential(ForEachOps.java:174)
	at java.base/java.util.stream.AbstractPipeline.evaluate(AbstractPipeline.java:234)
	at java.base/java.util.stream.ReferencePipeline.forEach(ReferencePipeline.java:596)
	at org.junit.jupiter.engine.descriptor.ClassBasedTestDescriptor.invokeTestInstancePostProcessors(ClassBasedTestDescriptor.java:422)
	at org.junit.jupiter.engine.descriptor.ClassBasedTestDescriptor.lambda$instantiateAndPostProcessTestInstance$0(ClassBasedTestDescriptor.java:334)
	at org.junit.platform.engine.support.hierarchical.ThrowableCollector.execute(ThrowableCollector.java:74)
	at org.junit.jupiter.engine.descriptor.ClassBasedTestDescriptor.instantiateAndPostProcessTestInstance(ClassBasedTestDescriptor.java:333)
	at org.junit.jupiter.engine.descriptor.ClassBasedTestDescriptor.lambda$testInstancesProvider$1(ClassBasedTestDescriptor.java:322)
	at java.base/java.util.Optional.orElseGet(Optional.java:364)
	at org.junit.jupiter.engine.descriptor.ClassBasedTestDescriptor.lambda$testInstancesProvider$0(ClassBasedTestDescriptor.java:321)
	at org.junit.jupiter.engine.execution.TestInstancesProvider.getTestInstances(TestInstancesProvider.java:27)
	at org.junit.jupiter.engine.descriptor.TestMethodTestDescriptor.lambda$prepare$0(TestMethodTestDescriptor.java:127)
	at org.junit.platform.engine.support.hierarchical.ThrowableCollector.execute(ThrowableCollector.java:74)
	at org.junit.jupiter.engine.descriptor.TestMethodTestDescriptor.prepare(TestMethodTestDescriptor.java:126)
	at org.junit.jupiter.engine.descriptor.TestMethodTestDescriptor.prepare(TestMethodTestDescriptor.java:70)
	at org.junit.platform.engine.support.hierarchical.NodeTestTask.lambda$prepare$0(NodeTestTask.java:144)
	at org.junit.platform.engine.support.hierarchical.ThrowableCollector.execute(ThrowableCollector.java:74)
	at org.junit.platform.engine.support.hierarchical.NodeTestTask.prepare(NodeTestTask.java:144)
	at org.junit.platform.engine.support.hierarchical.NodeTestTask.execute(NodeTestTask.java:110)
	at java.base/java.util.ArrayList.forEach(ArrayList.java:1596)
	at org.junit.platform.engine.support.hierarchical.SameThreadHierarchicalTestExecutorService.invokeAll(SameThreadHierarchicalTestExecutorService.java:42)
	at org.junit.platform.engine.support.hierarchical.NodeTestTask.lambda$executeRecursively$2(NodeTestTask.java:180)
	at org.junit.platform.engine.support.hierarchical.ThrowableCollector.execute(ThrowableCollector.java:74)
	at org.junit.platform.engine.support.hierarchical.NodeTestTask.lambda$executeRecursively$1(NodeTestTask.java:166)
	at org.junit.platform.engine.support.hierarchical.Node.around(Node.java:138)
	at org.junit.platform.engine.support.hierarchical.NodeTestTask.lambda$executeRecursively$0(NodeTestTask.java:164)
	at org.junit.platform.engine.support.hierarchical.ThrowableCollector.execute(ThrowableCollector.java:74)
	at org.junit.platform.engine.support.hierarchical.NodeTestTask.executeRecursively(NodeTestTask.java:163)
	at org.junit.platform.engine.support.hierarchical.NodeTestTask.execute(NodeTestTask.java:116)
	at java.base/java.util.ArrayList.forEach(ArrayList.java:1596)
	at org.junit.platform.engine.support.hierarchical.SameThreadHierarchicalTestExecutorService.invokeAll(SameThreadHierarchicalTestExecutorService.java:42)
	at org.junit.platform.engine.support.hierarchical.NodeTestTask.lambda$executeRecursively$2(NodeTestTask.java:180)
	at org.junit.platform.engine.support.hierarchical.ThrowableCollector.execute(ThrowableCollector.java:74)
	at org.junit.platform.engine.support.hierarchical.NodeTestTask.lambda$executeRecursively$1(NodeTestTask.java:166)
	at org.junit.platform.engine.support.hierarchical.Node.around(Node.java:138)
	at org.junit.platform.engine.support.hierarchical.NodeTestTask.lambda$executeRecursively$0(NodeTestTask.java:164)
	at org.junit.platform.engine.support.hierarchical.ThrowableCollector.execute(ThrowableCollector.java:74)
	at org.junit.platform.engine.support.hierarchical.NodeTestTask.executeRecursively(NodeTestTask.java:163)
	at org.junit.platform.engine.support.hierarchical.NodeTestTask.execute(NodeTestTask.java:116)
	at org.junit.platform.engine.support.hierarchical.SameThreadHierarchicalTestExecutorService.submit(SameThreadHierarchicalTestExecutorService.java:36)
	at org.junit.platform.engine.support.hierarchical.HierarchicalTestExecutor.execute(HierarchicalTestExecutor.java:52)
	at org.junit.platform.engine.support.hierarchical.HierarchicalTestEngine.execute(HierarchicalTestEngine.java:58)
	at org.junit.platform.launcher.core.EngineExecutionOrchestrator.executeEngine(EngineExecutionOrchestrator.java:246)
	at org.junit.platform.launcher.core.EngineExecutionOrchestrator.failOrExecuteEngine(EngineExecutionOrchestrator.java:218)
	at org.junit.platform.launcher.core.EngineExecutionOrchestrator.execute(EngineExecutionOrchestrator.java:179)
	at org.junit.platform.launcher.core.EngineExecutionOrchestrator.execute(EngineExecutionOrchestrator.java:108)
	at org.junit.platform.launcher.core.EngineExecutionOrchestrator.lambda$execute$0(EngineExecutionOrchestrator.java:66)
	at org.junit.platform.launcher.core.EngineExecutionOrchestrator.withInterceptedStreams(EngineExecutionOrchestrator.java:157)
	at org.junit.platform.launcher.core.EngineExecutionOrchestrator.execute(EngineExecutionOrchestrator.java:65)
	at org.junit.platform.launcher.core.DefaultLauncher.execute(DefaultLauncher.java:125)
	at org.junit.platform.launcher.core.DefaultLauncher.execute(DefaultLauncher.java:114)
	at org.junit.platform.launcher.core.DefaultLauncher.execute(DefaultLauncher.java:93)
	at org.junit.platform.launcher.core.DelegatingLauncher.execute(DelegatingLauncher.java:48)
	at org.junit.platform.launcher.core.InterceptingLauncher.lambda$execute$0(InterceptingLauncher.java:41)
	at org.junit.platform.launcher.core.ClasspathAlignmentCheckingLauncherInterceptor.intercept(ClasspathAlignmentCheckingLauncherInterceptor.java:25)
	at org.junit.platform.launcher.core.InterceptingLauncher.execute(InterceptingLauncher.java:40)
	at org.junit.platform.launcher.core.DelegatingLauncher.execute(DelegatingLauncher.java:48)
	at org.junit.platform.launcher.core.SessionPerRequestLauncher.execute(SessionPerRequestLauncher.java:67)
	at com.intellij.junit5.JUnit5IdeaTestRunner.startRunnerWithArgs(JUnit5IdeaTestRunner.java:57)
	at com.intellij.rt.junit.IdeaTestRunner$Repeater$1.execute(IdeaTestRunner.java:38)
	at com.intellij.rt.execution.junit.TestsRepeater.repeat(TestsRepeater.java:11)
	at com.intellij.rt.junit.IdeaTestRunner$Repeater.startRunnerWithArgs(IdeaTestRunner.java:35)
	at com.intellij.rt.junit.JUnitStarter.prepareStreamsAndStart(JUnitStarter.java:231)
	at com.intellij.rt.junit.JUnitStarter.main(JUnitStarter.java:55)
2026-03-03 19:00:05 [] WARN  - Caught exception while allowing TestExecutionListener [org.springframework.test.context.web.ServletTestExecutionListener] to prepare test instance [com.site.webapp.repo.TasksRepositoryTest@37b470df]
java.lang.IllegalStateException: ApplicationContext failure threshold (1) exceeded: skipping repeated attempt to load context for [WebMergedContextConfiguration@3436d3d7 testClass = com.site.webapp.repo.TasksRepositoryTest, locations = [], classes = [com.site.webapp.WebappApplication], contextInitializerClasses = [], activeProfiles = [], propertySourceDescriptors = [], propertySourceProperties = ["org.springframework.boot.test.context.SpringBootTestContextBootstrapper=true"], contextCustomizers = [org.springframework.boot.test.context.PropertyMappingContextCustomizer@0, org.springframework.boot.test.context.filter.ExcludeFilterContextCustomizer@5149f008, org.springframework.boot.test.json.DuplicateJsonObjectContextCustomizerFactory$DuplicateJsonObjectContextCustomizer@40f33492, org.springframework.test.context.support.DynamicPropertiesContextCustomizer@0, org.springframework.boot.webmvc.test.autoconfigure.WebDriverContextCustomizer@30c31dd7, org.springframework.boot.web.server.context.SpringBootTestRandomPortContextCustomizerFactory$Customizer@c1fca1e, org.springframework.boot.test.autoconfigure.OnFailureConditionReportContextCustomizerFactory$OnFailureConditionReportContextCustomizer@615f972, org.springframework.boot.test.context.SpringBootTestAnnotation@5c65300], resourceBasePath = "src/main/webapp", contextLoader = org.springframework.boot.test.context.SpringBootContextLoader, parent = null]
	at org.springframework.test.context.cache.DefaultCacheAwareContextLoaderDelegate.loadContext(DefaultCacheAwareContextLoaderDelegate.java:157)
	at org.springframework.test.context.support.DefaultTestContext.getApplicationContext(DefaultTestContext.java:128)
	at org.springframework.test.context.web.ServletTestExecutionListener.setUpRequestContextIfNecessary(ServletTestExecutionListener.java:200)
	at org.springframework.test.context.web.ServletTestExecutionListener.prepareTestInstance(ServletTestExecutionListener.java:139)
	at org.springframework.test.context.TestContextManager.prepareTestInstance(TestContextManager.java:260)
	at org.springframework.test.context.junit.jupiter.SpringExtension.postProcessTestInstance(SpringExtension.java:203)
	at org.junit.jupiter.engine.descriptor.ClassBasedTestDescriptor.lambda$invokeTestInstancePostProcessors$1(ClassBasedTestDescriptor.java:423)
	at org.junit.jupiter.engine.descriptor.ClassBasedTestDescriptor.executeAndMaskThrowable(ClassBasedTestDescriptor.java:428)
	at org.junit.jupiter.engine.descriptor.ClassBasedTestDescriptor.lambda$invokeTestInstancePostProcessors$0(ClassBasedTestDescriptor.java:422)
	at java.base/java.util.stream.ForEachOps$ForEachOp$OfRef.accept(ForEachOps.java:184)
	at java.base/java.util.stream.ReferencePipeline$3$1.accept(ReferencePipeline.java:197)
	at java.base/java.util.stream.ReferencePipeline$2$1.accept(ReferencePipeline.java:179)
	at java.base/java.util.stream.ReferencePipeline$3$1.accept(ReferencePipeline.java:197)
	at java.base/java.util.ArrayList$ArrayListSpliterator.forEachRemaining(ArrayList.java:1708)
	at java.base/java.util.stream.AbstractPipeline.copyInto(AbstractPipeline.java:509)
	at java.base/java.util.stream.AbstractPipeline.wrapAndCopyInto(AbstractPipeline.java:499)
	at java.base/java.util.stream.ForEachOps$ForEachOp.evaluateSequential(ForEachOps.java:151)
	at java.base/java.util.stream.ForEachOps$ForEachOp$OfRef.evaluateSequential(ForEachOps.java:174)
	at java.base/java.util.stream.AbstractPipeline.evaluate(AbstractPipeline.java:234)
	at java.base/java.util.stream.ReferencePipeline.forEach(ReferencePipeline.java:596)
	at org.junit.jupiter.engine.descriptor.ClassBasedTestDescriptor.invokeTestInstancePostProcessors(ClassBasedTestDescriptor.java:422)
	at org.junit.jupiter.engine.descriptor.ClassBasedTestDescriptor.lambda$instantiateAndPostProcessTestInstance$0(ClassBasedTestDescriptor.java:334)
	at org.junit.platform.engine.support.hierarchical.ThrowableCollector.execute(ThrowableCollector.java:74)
	at org.junit.jupiter.engine.descriptor.ClassBasedTestDescriptor.instantiateAndPostProcessTestInstance(ClassBasedTestDescriptor.java:333)
	at org.junit.jupiter.engine.descriptor.ClassBasedTestDescriptor.lambda$testInstancesProvider$1(ClassBasedTestDescriptor.java:322)
	at java.base/java.util.Optional.orElseGet(Optional.java:364)
	at org.junit.jupiter.engine.descriptor.ClassBasedTestDescriptor.lambda$testInstancesProvider$0(ClassBasedTestDescriptor.java:321)
	at org.junit.jupiter.engine.execution.TestInstancesProvider.getTestInstances(TestInstancesProvider.java:27)
	at org.junit.jupiter.engine.descriptor.TestMethodTestDescriptor.lambda$prepare$0(TestMethodTestDescriptor.java:127)
	at org.junit.platform.engine.support.hierarchical.ThrowableCollector.execute(ThrowableCollector.java:74)
	at org.junit.jupiter.engine.descriptor.TestMethodTestDescriptor.prepare(TestMethodTestDescriptor.java:126)
	at org.junit.jupiter.engine.descriptor.TestMethodTestDescriptor.prepare(TestMethodTestDescriptor.java:70)
	at org.junit.platform.engine.support.hierarchical.NodeTestTask.lambda$prepare$0(NodeTestTask.java:144)
	at org.junit.platform.engine.support.hierarchical.ThrowableCollector.execute(ThrowableCollector.java:74)
	at org.junit.platform.engine.support.hierarchical.NodeTestTask.prepare(NodeTestTask.java:144)
	at org.junit.platform.engine.support.hierarchical.NodeTestTask.execute(NodeTestTask.java:110)
	at java.base/java.util.ArrayList.forEach(ArrayList.java:1596)
	at org.junit.platform.engine.support.hierarchical.SameThreadHierarchicalTestExecutorService.invokeAll(SameThreadHierarchicalTestExecutorService.java:42)
	at org.junit.platform.engine.support.hierarchical.NodeTestTask.lambda$executeRecursively$2(NodeTestTask.java:180)
	at org.junit.platform.engine.support.hierarchical.ThrowableCollector.execute(ThrowableCollector.java:74)
	at org.junit.platform.engine.support.hierarchical.NodeTestTask.lambda$executeRecursively$1(NodeTestTask.java:166)
	at org.junit.platform.engine.support.hierarchical.Node.around(Node.java:138)
	at org.junit.platform.engine.support.hierarchical.NodeTestTask.lambda$executeRecursively$0(NodeTestTask.java:164)
	at org.junit.platform.engine.support.hierarchical.ThrowableCollector.execute(ThrowableCollector.java:74)
	at org.junit.platform.engine.support.hierarchical.NodeTestTask.executeRecursively(NodeTestTask.java:163)
	at org.junit.platform.engine.support.hierarchical.NodeTestTask.execute(NodeTestTask.java:116)
	at java.base/java.util.ArrayList.forEach(ArrayList.java:1596)
	at org.junit.platform.engine.support.hierarchical.SameThreadHierarchicalTestExecutorService.invokeAll(SameThreadHierarchicalTestExecutorService.java:42)
	at org.junit.platform.engine.support.hierarchical.NodeTestTask.lambda$executeRecursively$2(NodeTestTask.java:180)
	at org.junit.platform.engine.support.hierarchical.ThrowableCollector.execute(ThrowableCollector.java:74)
	at org.junit.platform.engine.support.hierarchical.NodeTestTask.lambda$executeRecursively$1(NodeTestTask.java:166)
	at org.junit.platform.engine.support.hierarchical.Node.around(Node.java:138)
	at org.junit.platform.engine.support.hierarchical.NodeTestTask.lambda$executeRecursively$0(NodeTestTask.java:164)
	at org.junit.platform.engine.support.hierarchical.ThrowableCollector.execute(ThrowableCollector.java:74)
	at org.junit.platform.engine.support.hierarchical.NodeTestTask.executeRecursively(NodeTestTask.java:163)
	at org.junit.platform.engine.support.hierarchical.NodeTestTask.execute(NodeTestTask.java:116)
	at org.junit.platform.engine.support.hierarchical.SameThreadHierarchicalTestExecutorService.submit(SameThreadHierarchicalTestExecutorService.java:36)
	at org.junit.platform.engine.support.hierarchical.HierarchicalTestExecutor.execute(HierarchicalTestExecutor.java:52)
	at org.junit.platform.engine.support.hierarchical.HierarchicalTestEngine.execute(HierarchicalTestEngine.java:58)
	at org.junit.platform.launcher.core.EngineExecutionOrchestrator.executeEngine(EngineExecutionOrchestrator.java:246)
	at org.junit.platform.launcher.core.EngineExecutionOrchestrator.failOrExecuteEngine(EngineExecutionOrchestrator.java:218)
	at org.junit.platform.launcher.core.EngineExecutionOrchestrator.execute(EngineExecutionOrchestrator.java:179)
	at org.junit.platform.launcher.core.EngineExecutionOrchestrator.execute(EngineExecutionOrchestrator.java:108)
	at org.junit.platform.launcher.core.EngineExecutionOrchestrator.lambda$execute$0(EngineExecutionOrchestrator.java:66)
	at org.junit.platform.launcher.core.EngineExecutionOrchestrator.withInterceptedStreams(EngineExecutionOrchestrator.java:157)
	at org.junit.platform.launcher.core.EngineExecutionOrchestrator.execute(EngineExecutionOrchestrator.java:65)
	at org.junit.platform.launcher.core.DefaultLauncher.execute(DefaultLauncher.java:125)
	at org.junit.platform.launcher.core.DefaultLauncher.execute(DefaultLauncher.java:114)
	at org.junit.platform.launcher.core.DefaultLauncher.execute(DefaultLauncher.java:93)
	at org.junit.platform.launcher.core.DelegatingLauncher.execute(DelegatingLauncher.java:48)
	at org.junit.platform.launcher.core.InterceptingLauncher.lambda$execute$0(InterceptingLauncher.java:41)
	at org.junit.platform.launcher.core.ClasspathAlignmentCheckingLauncherInterceptor.intercept(ClasspathAlignmentCheckingLauncherInterceptor.java:25)
	at org.junit.platform.launcher.core.InterceptingLauncher.execute(InterceptingLauncher.java:40)
	at org.junit.platform.launcher.core.DelegatingLauncher.execute(DelegatingLauncher.java:48)
	at org.junit.platform.launcher.core.SessionPerRequestLauncher.execute(SessionPerRequestLauncher.java:67)
	at com.intellij.junit5.JUnit5IdeaTestRunner.startRunnerWithArgs(JUnit5IdeaTestRunner.java:57)
	at com.intellij.rt.junit.IdeaTestRunner$Repeater$1.execute(IdeaTestRunner.java:38)
	at com.intellij.rt.execution.junit.TestsRepeater.repeat(TestsRepeater.java:11)
	at com.intellij.rt.junit.IdeaTestRunner$Repeater.startRunnerWithArgs(IdeaTestRunner.java:35)
	at com.intellij.rt.junit.JUnitStarter.prepareStreamsAndStart(JUnitStarter.java:231)
	at com.intellij.rt.junit.JUnitStarter.main(JUnitStarter.java:55)
2026-03-03 19:00:05 [] WARN  - Caught exception while allowing TestExecutionListener [org.springframework.test.context.web.ServletTestExecutionListener] to prepare test instance [com.site.webapp.repo.TasksRepositoryTest@8d7718e]
java.lang.IllegalStateException: ApplicationContext failure threshold (1) exceeded: skipping repeated attempt to load context for [WebMergedContextConfiguration@3436d3d7 testClass = com.site.webapp.repo.TasksRepositoryTest, locations = [], classes = [com.site.webapp.WebappApplication], contextInitializerClasses = [], activeProfiles = [], propertySourceDescriptors = [], propertySourceProperties = ["org.springframework.boot.test.context.SpringBootTestContextBootstrapper=true"], contextCustomizers = [org.springframework.boot.test.context.PropertyMappingContextCustomizer@0, org.springframework.boot.test.context.filter.ExcludeFilterContextCustomizer@5149f008, org.springframework.boot.test.json.DuplicateJsonObjectContextCustomizerFactory$DuplicateJsonObjectContextCustomizer@40f33492, org.springframework.test.context.support.DynamicPropertiesContextCustomizer@0, org.springframework.boot.webmvc.test.autoconfigure.WebDriverContextCustomizer@30c31dd7, org.springframework.boot.web.server.context.SpringBootTestRandomPortContextCustomizerFactory$Customizer@c1fca1e, org.springframework.boot.test.autoconfigure.OnFailureConditionReportContextCustomizerFactory$OnFailureConditionReportContextCustomizer@615f972, org.springframework.boot.test.context.SpringBootTestAnnotation@5c65300], resourceBasePath = "src/main/webapp", contextLoader = org.springframework.boot.test.context.SpringBootContextLoader, parent = null]
	at org.springframework.test.context.cache.DefaultCacheAwareContextLoaderDelegate.loadContext(DefaultCacheAwareContextLoaderDelegate.java:157)
	at org.springframework.test.context.support.DefaultTestContext.getApplicationContext(DefaultTestContext.java:128)
	at org.springframework.test.context.web.ServletTestExecutionListener.setUpRequestContextIfNecessary(ServletTestExecutionListener.java:200)
	at org.springframework.test.context.web.ServletTestExecutionListener.prepareTestInstance(ServletTestExecutionListener.java:139)
	at org.springframework.test.context.TestContextManager.prepareTestInstance(TestContextManager.java:260)
	at org.springframework.test.context.junit.jupiter.SpringExtension.postProcessTestInstance(SpringExtension.java:203)
	at org.junit.jupiter.engine.descriptor.ClassBasedTestDescriptor.lambda$invokeTestInstancePostProcessors$1(ClassBasedTestDescriptor.java:423)
	at org.junit.jupiter.engine.descriptor.ClassBasedTestDescriptor.executeAndMaskThrowable(ClassBasedTestDescriptor.java:428)
	at org.junit.jupiter.engine.descriptor.ClassBasedTestDescriptor.lambda$invokeTestInstancePostProcessors$0(ClassBasedTestDescriptor.java:422)
	at java.base/java.util.stream.ForEachOps$ForEachOp$OfRef.accept(ForEachOps.java:184)
	at java.base/java.util.stream.ReferencePipeline$3$1.accept(ReferencePipeline.java:197)
	at java.base/java.util.stream.ReferencePipeline$2$1.accept(ReferencePipeline.java:179)
	at java.base/java.util.stream.ReferencePipeline$3$1.accept(ReferencePipeline.java:197)
	at java.base/java.util.ArrayList$ArrayListSpliterator.forEachRemaining(ArrayList.java:1708)
	at java.base/java.util.stream.AbstractPipeline.copyInto(AbstractPipeline.java:509)
	at java.base/java.util.stream.AbstractPipeline.wrapAndCopyInto(AbstractPipeline.java:499)
	at java.base/java.util.stream.ForEachOps$ForEachOp.evaluateSequential(ForEachOps.java:151)
	at java.base/java.util.stream.ForEachOps$ForEachOp$OfRef.evaluateSequential(ForEachOps.java:174)
	at java.base/java.util.stream.AbstractPipeline.evaluate(AbstractPipeline.java:234)
	at java.base/java.util.stream.ReferencePipeline.forEach(ReferencePipeline.java:596)
	at org.junit.jupiter.engine.descriptor.ClassBasedTestDescriptor.invokeTestInstancePostProcessors(ClassBasedTestDescriptor.java:422)
	at org.junit.jupiter.engine.descriptor.ClassBasedTestDescriptor.lambda$instantiateAndPostProcessTestInstance$0(ClassBasedTestDescriptor.java:334)
	at org.junit.platform.engine.support.hierarchical.ThrowableCollector.execute(ThrowableCollector.java:74)
	at org.junit.jupiter.engine.descriptor.ClassBasedTestDescriptor.instantiateAndPostProcessTestInstance(ClassBasedTestDescriptor.java:333)
	at org.junit.jupiter.engine.descriptor.ClassBasedTestDescriptor.lambda$testInstancesProvider$1(ClassBasedTestDescriptor.java:322)
	at java.base/java.util.Optional.orElseGet(Optional.java:364)
	at org.junit.jupiter.engine.descriptor.ClassBasedTestDescriptor.lambda$testInstancesProvider$0(ClassBasedTestDescriptor.java:321)
	at org.junit.jupiter.engine.execution.TestInstancesProvider.getTestInstances(TestInstancesProvider.java:27)
	at org.junit.jupiter.engine.descriptor.TestMethodTestDescriptor.lambda$prepare$0(TestMethodTestDescriptor.java:127)
	at org.junit.platform.engine.support.hierarchical.ThrowableCollector.execute(ThrowableCollector.java:74)
	at org.junit.jupiter.engine.descriptor.TestMethodTestDescriptor.prepare(TestMethodTestDescriptor.java:126)
	at org.junit.jupiter.engine.descriptor.TestMethodTestDescriptor.prepare(TestMethodTestDescriptor.java:70)
	at org.junit.platform.engine.support.hierarchical.NodeTestTask.lambda$prepare$0(NodeTestTask.java:144)
	at org.junit.platform.engine.support.hierarchical.ThrowableCollector.execute(ThrowableCollector.java:74)
	at org.junit.platform.engine.support.hierarchical.NodeTestTask.prepare(NodeTestTask.java:144)
	at org.junit.platform.engine.support.hierarchical.NodeTestTask.execute(NodeTestTask.java:110)
	at java.base/java.util.ArrayList.forEach(ArrayList.java:1596)
	at org.junit.platform.engine.support.hierarchical.SameThreadHierarchicalTestExecutorService.invokeAll(SameThreadHierarchicalTestExecutorService.java:42)
	at org.junit.platform.engine.support.hierarchical.NodeTestTask.lambda$executeRecursively$2(NodeTestTask.java:180)
	at org.junit.platform.engine.support.hierarchical.ThrowableCollector.execute(ThrowableCollector.java:74)
	at org.junit.platform.engine.support.hierarchical.NodeTestTask.lambda$executeRecursively$1(NodeTestTask.java:166)
	at org.junit.platform.engine.support.hierarchical.Node.around(Node.java:138)
	at org.junit.platform.engine.support.hierarchical.NodeTestTask.lambda$executeRecursively$0(NodeTestTask.java:164)
	at org.junit.platform.engine.support.hierarchical.ThrowableCollector.execute(ThrowableCollector.java:74)
	at org.junit.platform.engine.support.hierarchical.NodeTestTask.executeRecursively(NodeTestTask.java:163)
	at org.junit.platform.engine.support.hierarchical.NodeTestTask.execute(NodeTestTask.java:116)
	at java.base/java.util.ArrayList.forEach(ArrayList.java:1596)
	at org.junit.platform.engine.support.hierarchical.SameThreadHierarchicalTestExecutorService.invokeAll(SameThreadHierarchicalTestExecutorService.java:42)
	at org.junit.platform.engine.support.hierarchical.NodeTestTask.lambda$executeRecursively$2(NodeTestTask.java:180)
	at org.junit.platform.engine.support.hierarchical.ThrowableCollector.execute(ThrowableCollector.java:74)
	at org.junit.platform.engine.support.hierarchical.NodeTestTask.lambda$executeRecursively$1(NodeTestTask.java:166)
	at org.junit.platform.engine.support.hierarchical.Node.around(Node.java:138)
	at org.junit.platform.engine.support.hierarchical.NodeTestTask.lambda$executeRecursively$0(NodeTestTask.java:164)
	at org.junit.platform.engine.support.hierarchical.ThrowableCollector.execute(ThrowableCollector.java:74)
	at org.junit.platform.engine.support.hierarchical.NodeTestTask.executeRecursively(NodeTestTask.java:163)
	at org.junit.platform.engine.support.hierarchical.NodeTestTask.execute(NodeTestTask.java:116)
	at org.junit.platform.engine.support.hierarchical.SameThreadHierarchicalTestExecutorService.submit(SameThreadHierarchicalTestExecutorService.java:36)
	at org.junit.platform.engine.support.hierarchical.HierarchicalTestExecutor.execute(HierarchicalTestExecutor.java:52)
	at org.junit.platform.engine.support.hierarchical.HierarchicalTestEngine.execute(HierarchicalTestEngine.java:58)
	at org.junit.platform.launcher.core.EngineExecutionOrchestrator.executeEngine(EngineExecutionOrchestrator.java:246)
	at org.junit.platform.launcher.core.EngineExecutionOrchestrator.failOrExecuteEngine(EngineExecutionOrchestrator.java:218)
	at org.junit.platform.launcher.core.EngineExecutionOrchestrator.execute(EngineExecutionOrchestrator.java:179)
	at org.junit.platform.launcher.core.EngineExecutionOrchestrator.execute(EngineExecutionOrchestrator.java:108)
	at org.junit.platform.launcher.core.EngineExecutionOrchestrator.lambda$execute$0(EngineExecutionOrchestrator.java:66)
	at org.junit.platform.launcher.core.EngineExecutionOrchestrator.withInterceptedStreams(EngineExecutionOrchestrator.java:157)
	at org.junit.platform.launcher.core.EngineExecutionOrchestrator.execute(EngineExecutionOrchestrator.java:65)
	at org.junit.platform.launcher.core.DefaultLauncher.execute(DefaultLauncher.java:125)
	at org.junit.platform.launcher.core.DefaultLauncher.execute(DefaultLauncher.java:114)
	at org.junit.platform.launcher.core.DefaultLauncher.execute(DefaultLauncher.java:93)
	at org.junit.platform.launcher.core.DelegatingLauncher.execute(DelegatingLauncher.java:48)
	at org.junit.platform.launcher.core.InterceptingLauncher.lambda$execute$0(InterceptingLauncher.java:41)
	at org.junit.platform.launcher.core.ClasspathAlignmentCheckingLauncherInterceptor.intercept(ClasspathAlignmentCheckingLauncherInterceptor.java:25)
	at org.junit.platform.launcher.core.InterceptingLauncher.execute(InterceptingLauncher.java:40)
	at org.junit.platform.launcher.core.DelegatingLauncher.execute(DelegatingLauncher.java:48)
	at org.junit.platform.launcher.core.SessionPerRequestLauncher.execute(SessionPerRequestLauncher.java:67)
	at com.intellij.junit5.JUnit5IdeaTestRunner.startRunnerWithArgs(JUnit5IdeaTestRunner.java:57)
	at com.intellij.rt.junit.IdeaTestRunner$Repeater$1.execute(IdeaTestRunner.java:38)
	at com.intellij.rt.execution.junit.TestsRepeater.repeat(TestsRepeater.java:11)
	at com.intellij.rt.junit.IdeaTestRunner$Repeater.startRunnerWithArgs(IdeaTestRunner.java:35)
	at com.intellij.rt.junit.JUnitStarter.prepareStreamsAndStart(JUnitStarter.java:231)
	at com.intellij.rt.junit.JUnitStarter.main(JUnitStarter.java:55)
2026-03-03 19:00:05 [] WARN  - Caught exception while allowing TestExecutionListener [org.springframework.test.context.web.ServletTestExecutionListener] to prepare test instance [com.site.webapp.repo.TasksRepositoryTest@f9de1fd]
java.lang.IllegalStateException: ApplicationContext failure threshold (1) exceeded: skipping repeated attempt to load context for [WebMergedContextConfiguration@3436d3d7 testClass = com.site.webapp.repo.TasksRepositoryTest, locations = [], classes = [com.site.webapp.WebappApplication], contextInitializerClasses = [], activeProfiles = [], propertySourceDescriptors = [], propertySourceProperties = ["org.springframework.boot.test.context.SpringBootTestContextBootstrapper=true"], contextCustomizers = [org.springframework.boot.test.context.PropertyMappingContextCustomizer@0, org.springframework.boot.test.context.filter.ExcludeFilterContextCustomizer@5149f008, org.springframework.boot.test.json.DuplicateJsonObjectContextCustomizerFactory$DuplicateJsonObjectContextCustomizer@40f33492, org.springframework.test.context.support.DynamicPropertiesContextCustomizer@0, org.springframework.boot.webmvc.test.autoconfigure.WebDriverContextCustomizer@30c31dd7, org.springframework.boot.web.server.context.SpringBootTestRandomPortContextCustomizerFactory$Customizer@c1fca1e, org.springframework.boot.test.autoconfigure.OnFailureConditionReportContextCustomizerFactory$OnFailureConditionReportContextCustomizer@615f972, org.springframework.boot.test.context.SpringBootTestAnnotation@5c65300], resourceBasePath = "src/main/webapp", contextLoader = org.springframework.boot.test.context.SpringBootContextLoader, parent = null]
	at org.springframework.test.context.cache.DefaultCacheAwareContextLoaderDelegate.loadContext(DefaultCacheAwareContextLoaderDelegate.java:157)
	at org.springframework.test.context.support.DefaultTestContext.getApplicationContext(DefaultTestContext.java:128)
	at org.springframework.test.context.web.ServletTestExecutionListener.setUpRequestContextIfNecessary(ServletTestExecutionListener.java:200)
	at org.springframework.test.context.web.ServletTestExecutionListener.prepareTestInstance(ServletTestExecutionListener.java:139)
	at org.springframework.test.context.TestContextManager.prepareTestInstance(TestContextManager.java:260)
	at org.springframework.test.context.junit.jupiter.SpringExtension.postProcessTestInstance(SpringExtension.java:203)
	at org.junit.jupiter.engine.descriptor.ClassBasedTestDescriptor.lambda$invokeTestInstancePostProcessors$1(ClassBasedTestDescriptor.java:423)
	at org.junit.jupiter.engine.descriptor.ClassBasedTestDescriptor.executeAndMaskThrowable(ClassBasedTestDescriptor.java:428)
	at org.junit.jupiter.engine.descriptor.ClassBasedTestDescriptor.lambda$invokeTestInstancePostProcessors$0(ClassBasedTestDescriptor.java:422)
	at java.base/java.util.stream.ForEachOps$ForEachOp$OfRef.accept(ForEachOps.java:184)
	at java.base/java.util.stream.ReferencePipeline$3$1.accept(ReferencePipeline.java:197)
	at java.base/java.util.stream.ReferencePipeline$2$1.accept(ReferencePipeline.java:179)
	at java.base/java.util.stream.ReferencePipeline$3$1.accept(ReferencePipeline.java:197)
	at java.base/java.util.ArrayList$ArrayListSpliterator.forEachRemaining(ArrayList.java:1708)
	at java.base/java.util.stream.AbstractPipeline.copyInto(AbstractPipeline.java:509)
	at java.base/java.util.stream.AbstractPipeline.wrapAndCopyInto(AbstractPipeline.java:499)
	at java.base/java.util.stream.ForEachOps$ForEachOp.evaluateSequential(ForEachOps.java:151)
	at java.base/java.util.stream.ForEachOps$ForEachOp$OfRef.evaluateSequential(ForEachOps.java:174)
	at java.base/java.util.stream.AbstractPipeline.evaluate(AbstractPipeline.java:234)
	at java.base/java.util.stream.ReferencePipeline.forEach(ReferencePipeline.java:596)
	at org.junit.jupiter.engine.descriptor.ClassBasedTestDescriptor.invokeTestInstancePostProcessors(ClassBasedTestDescriptor.java:422)
	at org.junit.jupiter.engine.descriptor.ClassBasedTestDescriptor.lambda$instantiateAndPostProcessTestInstance$0(ClassBasedTestDescriptor.java:334)
	at org.junit.platform.engine.support.hierarchical.ThrowableCollector.execute(ThrowableCollector.java:74)
	at org.junit.jupiter.engine.descriptor.ClassBasedTestDescriptor.instantiateAndPostProcessTestInstance(ClassBasedTestDescriptor.java:333)
	at org.junit.jupiter.engine.descriptor.ClassBasedTestDescriptor.lambda$testInstancesProvider$1(ClassBasedTestDescriptor.java:322)
	at java.base/java.util.Optional.orElseGet(Optional.java:364)
	at org.junit.jupiter.engine.descriptor.ClassBasedTestDescriptor.lambda$testInstancesProvider$0(ClassBasedTestDescriptor.java:321)
	at org.junit.jupiter.engine.execution.TestInstancesProvider.getTestInstances(TestInstancesProvider.java:27)
	at org.junit.jupiter.engine.descriptor.TestMethodTestDescriptor.lambda$prepare$0(TestMethodTestDescriptor.java:127)
	at org.junit.platform.engine.support.hierarchical.ThrowableCollector.execute(ThrowableCollector.java:74)
	at org.junit.jupiter.engine.descriptor.TestMethodTestDescriptor.prepare(TestMethodTestDescriptor.java:126)
	at org.junit.jupiter.engine.descriptor.TestMethodTestDescriptor.prepare(TestMethodTestDescriptor.java:70)
	at org.junit.platform.engine.support.hierarchical.NodeTestTask.lambda$prepare$0(NodeTestTask.java:144)
	at org.junit.platform.engine.support.hierarchical.ThrowableCollector.execute(ThrowableCollector.java:74)
	at org.junit.platform.engine.support.hierarchical.NodeTestTask.prepare(NodeTestTask.java:144)
	at org.junit.platform.engine.support.hierarchical.NodeTestTask.execute(NodeTestTask.java:110)
	at java.base/java.util.ArrayList.forEach(ArrayList.java:1596)
	at org.junit.platform.engine.support.hierarchical.SameThreadHierarchicalTestExecutorService.invokeAll(SameThreadHierarchicalTestExecutorService.java:42)
	at org.junit.platform.engine.support.hierarchical.NodeTestTask.lambda$executeRecursively$2(NodeTestTask.java:180)
	at org.junit.platform.engine.support.hierarchical.ThrowableCollector.execute(ThrowableCollector.java:74)
	at org.junit.platform.engine.support.hierarchical.NodeTestTask.lambda$executeRecursively$1(NodeTestTask.java:166)
	at org.junit.platform.engine.support.hierarchical.Node.around(Node.java:138)
	at org.junit.platform.engine.support.hierarchical.NodeTestTask.lambda$executeRecursively$0(NodeTestTask.java:164)
	at org.junit.platform.engine.support.hierarchical.ThrowableCollector.execute(ThrowableCollector.java:74)
	at org.junit.platform.engine.support.hierarchical.NodeTestTask.executeRecursively(NodeTestTask.java:163)
	at org.junit.platform.engine.support.hierarchical.NodeTestTask.execute(NodeTestTask.java:116)
	at java.base/java.util.ArrayList.forEach(ArrayList.java:1596)
	at org.junit.platform.engine.support.hierarchical.SameThreadHierarchicalTestExecutorService.invokeAll(SameThreadHierarchicalTestExecutorService.java:42)
	at org.junit.platform.engine.support.hierarchical.NodeTestTask.lambda$executeRecursively$2(NodeTestTask.java:180)
	at org.junit.platform.engine.support.hierarchical.ThrowableCollector.execute(ThrowableCollector.java:74)
	at org.junit.platform.engine.support.hierarchical.NodeTestTask.lambda$executeRecursively$1(NodeTestTask.java:166)
	at org.junit.platform.engine.support.hierarchical.Node.around(Node.java:138)
	at org.junit.platform.engine.support.hierarchical.NodeTestTask.lambda$executeRecursively$0(NodeTestTask.java:164)
	at org.junit.platform.engine.support.hierarchical.ThrowableCollector.execute(ThrowableCollector.java:74)
	at org.junit.platform.engine.support.hierarchical.NodeTestTask.executeRecursively(NodeTestTask.java:163)
	at org.junit.platform.engine.support.hierarchical.NodeTestTask.execute(NodeTestTask.java:116)
	at org.junit.platform.engine.support.hierarchical.SameThreadHierarchicalTestExecutorService.submit(SameThreadHierarchicalTestExecutorService.java:36)
	at org.junit.platform.engine.support.hierarchical.HierarchicalTestExecutor.execute(HierarchicalTestExecutor.java:52)
	at org.junit.platform.engine.support.hierarchical.HierarchicalTestEngine.execute(HierarchicalTestEngine.java:58)
	at org.junit.platform.launcher.core.EngineExecutionOrchestrator.executeEngine(EngineExecutionOrchestrator.java:246)
	at org.junit.platform.launcher.core.EngineExecutionOrchestrator.failOrExecuteEngine(EngineExecutionOrchestrator.java:218)
	at org.junit.platform.launcher.core.EngineExecutionOrchestrator.execute(EngineExecutionOrchestrator.java:179)
	at org.junit.platform.launcher.core.EngineExecutionOrchestrator.execute(EngineExecutionOrchestrator.java:108)
	at org.junit.platform.launcher.core.EngineExecutionOrchestrator.lambda$execute$0(EngineExecutionOrchestrator.java:66)
	at org.junit.platform.launcher.core.EngineExecutionOrchestrator.withInterceptedStreams(EngineExecutionOrchestrator.java:157)
	at org.junit.platform.launcher.core.EngineExecutionOrchestrator.execute(EngineExecutionOrchestrator.java:65)
	at org.junit.platform.launcher.core.DefaultLauncher.execute(DefaultLauncher.java:125)
	at org.junit.platform.launcher.core.DefaultLauncher.execute(DefaultLauncher.java:114)
	at org.junit.platform.launcher.core.DefaultLauncher.execute(DefaultLauncher.java:93)
	at org.junit.platform.launcher.core.DelegatingLauncher.execute(DelegatingLauncher.java:48)
	at org.junit.platform.launcher.core.InterceptingLauncher.lambda$execute$0(InterceptingLauncher.java:41)
	at org.junit.platform.launcher.core.ClasspathAlignmentCheckingLauncherInterceptor.intercept(ClasspathAlignmentCheckingLauncherInterceptor.java:25)
	at org.junit.platform.launcher.core.InterceptingLauncher.execute(InterceptingLauncher.java:40)
	at org.junit.platform.launcher.core.DelegatingLauncher.execute(DelegatingLauncher.java:48)
	at org.junit.platform.launcher.core.SessionPerRequestLauncher.execute(SessionPerRequestLauncher.java:67)
	at com.intellij.junit5.JUnit5IdeaTestRunner.startRunnerWithArgs(JUnit5IdeaTestRunner.java:57)
	at com.intellij.rt.junit.IdeaTestRunner$Repeater$1.execute(IdeaTestRunner.java:38)
	at com.intellij.rt.execution.junit.TestsRepeater.repeat(TestsRepeater.java:11)
	at com.intellij.rt.junit.IdeaTestRunner$Repeater.startRunnerWithArgs(IdeaTestRunner.java:35)
	at com.intellij.rt.junit.JUnitStarter.prepareStreamsAndStart(JUnitStarter.java:231)
	at com.intellij.rt.junit.JUnitStarter.main(JUnitStarter.java:55)
2026-03-03 19:00:05 [] WARN  - Caught exception while allowing TestExecutionListener [org.springframework.test.context.web.ServletTestExecutionListener] to prepare test instance [com.site.webapp.repo.TasksRepositoryTest@7c871ce4]
java.lang.IllegalStateException: ApplicationContext failure threshold (1) exceeded: skipping repeated attempt to load context for [WebMergedContextConfiguration@3436d3d7 testClass = com.site.webapp.repo.TasksRepositoryTest, locations = [], classes = [com.site.webapp.WebappApplication], contextInitializerClasses = [], activeProfiles = [], propertySourceDescriptors = [], propertySourceProperties = ["org.springframework.boot.test.context.SpringBootTestContextBootstrapper=true"], contextCustomizers = [org.springframework.boot.test.context.PropertyMappingContextCustomizer@0, org.springframework.boot.test.context.filter.ExcludeFilterContextCustomizer@5149f008, org.springframework.boot.test.json.DuplicateJsonObjectContextCustomizerFactory$DuplicateJsonObjectContextCustomizer@40f33492, org.springframework.test.context.support.DynamicPropertiesContextCustomizer@0, org.springframework.boot.webmvc.test.autoconfigure.WebDriverContextCustomizer@30c31dd7, org.springframework.boot.web.server.context.SpringBootTestRandomPortContextCustomizerFactory$Customizer@c1fca1e, org.springframework.boot.test.autoconfigure.OnFailureConditionReportContextCustomizerFactory$OnFailureConditionReportContextCustomizer@615f972, org.springframework.boot.test.context.SpringBootTestAnnotation@5c65300], resourceBasePath = "src/main/webapp", contextLoader = org.springframework.boot.test.context.SpringBootContextLoader, parent = null]
	at org.springframework.test.context.cache.DefaultCacheAwareContextLoaderDelegate.loadContext(DefaultCacheAwareContextLoaderDelegate.java:157)
	at org.springframework.test.context.support.DefaultTestContext.getApplicationContext(DefaultTestContext.java:128)
	at org.springframework.test.context.web.ServletTestExecutionListener.setUpRequestContextIfNecessary(ServletTestExecutionListener.java:200)
	at org.springframework.test.context.web.ServletTestExecutionListener.prepareTestInstance(ServletTestExecutionListener.java:139)
	at org.springframework.test.context.TestContextManager.prepareTestInstance(TestContextManager.java:260)
	at org.springframework.test.context.junit.jupiter.SpringExtension.postProcessTestInstance(SpringExtension.java:203)
	at org.junit.jupiter.engine.descriptor.ClassBasedTestDescriptor.lambda$invokeTestInstancePostProcessors$1(ClassBasedTestDescriptor.java:423)
	at org.junit.jupiter.engine.descriptor.ClassBasedTestDescriptor.executeAndMaskThrowable(ClassBasedTestDescriptor.java:428)
	at org.junit.jupiter.engine.descriptor.ClassBasedTestDescriptor.lambda$invokeTestInstancePostProcessors$0(ClassBasedTestDescriptor.java:422)
	at java.base/java.util.stream.ForEachOps$ForEachOp$OfRef.accept(ForEachOps.java:184)
	at java.base/java.util.stream.ReferencePipeline$3$1.accept(ReferencePipeline.java:197)
	at java.base/java.util.stream.ReferencePipeline$2$1.accept(ReferencePipeline.java:179)
	at java.base/java.util.stream.ReferencePipeline$3$1.accept(ReferencePipeline.java:197)
	at java.base/java.util.ArrayList$ArrayListSpliterator.forEachRemaining(ArrayList.java:1708)
	at java.base/java.util.stream.AbstractPipeline.copyInto(AbstractPipeline.java:509)
	at java.base/java.util.stream.AbstractPipeline.wrapAndCopyInto(AbstractPipeline.java:499)
	at java.base/java.util.stream.ForEachOps$ForEachOp.evaluateSequential(ForEachOps.java:151)
	at java.base/java.util.stream.ForEachOps$ForEachOp$OfRef.evaluateSequential(ForEachOps.java:174)
	at java.base/java.util.stream.AbstractPipeline.evaluate(AbstractPipeline.java:234)
	at java.base/java.util.stream.ReferencePipeline.forEach(ReferencePipeline.java:596)
	at org.junit.jupiter.engine.descriptor.ClassBasedTestDescriptor.invokeTestInstancePostProcessors(ClassBasedTestDescriptor.java:422)
	at org.junit.jupiter.engine.descriptor.ClassBasedTestDescriptor.lambda$instantiateAndPostProcessTestInstance$0(ClassBasedTestDescriptor.java:334)
	at org.junit.platform.engine.support.hierarchical.ThrowableCollector.execute(ThrowableCollector.java:74)
	at org.junit.jupiter.engine.descriptor.ClassBasedTestDescriptor.instantiateAndPostProcessTestInstance(ClassBasedTestDescriptor.java:333)
	at org.junit.jupiter.engine.descriptor.ClassBasedTestDescriptor.lambda$testInstancesProvider$1(ClassBasedTestDescriptor.java:322)
	at java.base/java.util.Optional.orElseGet(Optional.java:364)
	at org.junit.jupiter.engine.descriptor.ClassBasedTestDescriptor.lambda$testInstancesProvider$0(ClassBasedTestDescriptor.java:321)
	at org.junit.jupiter.engine.execution.TestInstancesProvider.getTestInstances(TestInstancesProvider.java:27)
	at org.junit.jupiter.engine.descriptor.TestMethodTestDescriptor.lambda$prepare$0(TestMethodTestDescriptor.java:127)
	at org.junit.platform.engine.support.hierarchical.ThrowableCollector.execute(ThrowableCollector.java:74)
	at org.junit.jupiter.engine.descriptor.TestMethodTestDescriptor.prepare(TestMethodTestDescriptor.java:126)
	at org.junit.jupiter.engine.descriptor.TestMethodTestDescriptor.prepare(TestMethodTestDescriptor.java:70)
	at org.junit.platform.engine.support.hierarchical.NodeTestTask.lambda$prepare$0(NodeTestTask.java:144)
	at org.junit.platform.engine.support.hierarchical.ThrowableCollector.execute(ThrowableCollector.java:74)
	at org.junit.platform.engine.support.hierarchical.NodeTestTask.prepare(NodeTestTask.java:144)
	at org.junit.platform.engine.support.hierarchical.NodeTestTask.execute(NodeTestTask.java:110)
	at java.base/java.util.ArrayList.forEach(ArrayList.java:1596)
	at org.junit.platform.engine.support.hierarchical.SameThreadHierarchicalTestExecutorService.invokeAll(SameThreadHierarchicalTestExecutorService.java:42)
	at org.junit.platform.engine.support.hierarchical.NodeTestTask.lambda$executeRecursively$2(NodeTestTask.java:180)
	at org.junit.platform.engine.support.hierarchical.ThrowableCollector.execute(ThrowableCollector.java:74)
	at org.junit.platform.engine.support.hierarchical.NodeTestTask.lambda$executeRecursively$1(NodeTestTask.java:166)
	at org.junit.platform.engine.support.hierarchical.Node.around(Node.java:138)
	at org.junit.platform.engine.support.hierarchical.NodeTestTask.lambda$executeRecursively$0(NodeTestTask.java:164)
	at org.junit.platform.engine.support.hierarchical.ThrowableCollector.execute(ThrowableCollector.java:74)
	at org.junit.platform.engine.support.hierarchical.NodeTestTask.executeRecursively(NodeTestTask.java:163)
	at org.junit.platform.engine.support.hierarchical.NodeTestTask.execute(NodeTestTask.java:116)
	at java.base/java.util.ArrayList.forEach(ArrayList.java:1596)
	at org.junit.platform.engine.support.hierarchical.SameThreadHierarchicalTestExecutorService.invokeAll(SameThreadHierarchicalTestExecutorService.java:42)
	at org.junit.platform.engine.support.hierarchical.NodeTestTask.lambda$executeRecursively$2(NodeTestTask.java:180)
	at org.junit.platform.engine.support.hierarchical.ThrowableCollector.execute(ThrowableCollector.java:74)
	at org.junit.platform.engine.support.hierarchical.NodeTestTask.lambda$executeRecursively$1(NodeTestTask.java:166)
	at org.junit.platform.engine.support.hierarchical.Node.around(Node.java:138)
	at org.junit.platform.engine.support.hierarchical.NodeTestTask.lambda$executeRecursively$0(NodeTestTask.java:164)
	at org.junit.platform.engine.support.hierarchical.ThrowableCollector.execute(ThrowableCollector.java:74)
	at org.junit.platform.engine.support.hierarchical.NodeTestTask.executeRecursively(NodeTestTask.java:163)
	at org.junit.platform.engine.support.hierarchical.NodeTestTask.execute(NodeTestTask.java:116)
	at org.junit.platform.engine.support.hierarchical.SameThreadHierarchicalTestExecutorService.submit(SameThreadHierarchicalTestExecutorService.java:36)
	at org.junit.platform.engine.support.hierarchical.HierarchicalTestExecutor.execute(HierarchicalTestExecutor.java:52)
	at org.junit.platform.engine.support.hierarchical.HierarchicalTestEngine.execute(HierarchicalTestEngine.java:58)
	at org.junit.platform.launcher.core.EngineExecutionOrchestrator.executeEngine(EngineExecutionOrchestrator.java:246)
	at org.junit.platform.launcher.core.EngineExecutionOrchestrator.failOrExecuteEngine(EngineExecutionOrchestrator.java:218)
	at org.junit.platform.launcher.core.EngineExecutionOrchestrator.execute(EngineExecutionOrchestrator.java:179)
	at org.junit.platform.launcher.core.EngineExecutionOrchestrator.execute(EngineExecutionOrchestrator.java:108)
	at org.junit.platform.launcher.core.EngineExecutionOrchestrator.lambda$execute$0(EngineExecutionOrchestrator.java:66)
	at org.junit.platform.launcher.core.EngineExecutionOrchestrator.withInterceptedStreams(EngineExecutionOrchestrator.java:157)
	at org.junit.platform.launcher.core.EngineExecutionOrchestrator.execute(EngineExecutionOrchestrator.java:65)
	at org.junit.platform.launcher.core.DefaultLauncher.execute(DefaultLauncher.java:125)
	at org.junit.platform.launcher.core.DefaultLauncher.execute(DefaultLauncher.java:114)
	at org.junit.platform.launcher.core.DefaultLauncher.execute(DefaultLauncher.java:93)
	at org.junit.platform.launcher.core.DelegatingLauncher.execute(DelegatingLauncher.java:48)
	at org.junit.platform.launcher.core.InterceptingLauncher.lambda$execute$0(InterceptingLauncher.java:41)
	at org.junit.platform.launcher.core.ClasspathAlignmentCheckingLauncherInterceptor.intercept(ClasspathAlignmentCheckingLauncherInterceptor.java:25)
	at org.junit.platform.launcher.core.InterceptingLauncher.execute(InterceptingLauncher.java:40)
	at org.junit.platform.launcher.core.DelegatingLauncher.execute(DelegatingLauncher.java:48)
	at org.junit.platform.launcher.core.SessionPerRequestLauncher.execute(SessionPerRequestLauncher.java:67)
	at com.intellij.junit5.JUnit5IdeaTestRunner.startRunnerWithArgs(JUnit5IdeaTestRunner.java:57)
	at com.intellij.rt.junit.IdeaTestRunner$Repeater$1.execute(IdeaTestRunner.java:38)
	at com.intellij.rt.execution.junit.TestsRepeater.repeat(TestsRepeater.java:11)
	at com.intellij.rt.junit.IdeaTestRunner$Repeater.startRunnerWithArgs(IdeaTestRunner.java:35)
	at com.intellij.rt.junit.JUnitStarter.prepareStreamsAndStart(JUnitStarter.java:231)
	at com.intellij.rt.junit.JUnitStarter.main(JUnitStarter.java:55)
2026-03-03 19:06:28 [] INFO  - Starting WebappApplicationTests using Java 21.0.7 with PID 17004 (started by Дима in C:\Users\Дима\Downloads\webappII\webapp)
2026-03-03 19:06:28 [] DEBUG - Running with Spring Boot v4.0.0, Spring v7.0.1
2026-03-03 19:06:28 [] INFO  - No active profile set, falling back to 1 default profile: "default"
2026-03-03 19:06:28 [] INFO  - Bootstrapping Spring Data JPA repositories in DEFAULT mode.
2026-03-03 19:06:28 [] INFO  - Finished Spring Data repository scanning in 45 ms. Found 3 JPA repository interfaces.
2026-03-03 19:06:29 [] INFO  - HHH000204: Processing PersistenceUnitInfo [name: default]
2026-03-03 19:06:29 [] INFO  - HHH000412: Hibernate ORM core version 7.1.8.Final
2026-03-03 19:06:29 [] INFO  - No LoadTimeWeaver setup: ignoring JPA class transformer
2026-03-03 19:06:29 [] INFO  - HikariPool-1 - Starting...
2026-03-03 19:06:30 [] INFO  - HikariPool-1 - Added connection org.postgresql.jdbc.PgConnection@6f430ea8
2026-03-03 19:06:30 [] INFO  - HikariPool-1 - Start completed.
2026-03-03 19:06:30 [] WARN  - HHH000342: Could not obtain connection to query JDBC database metadata
org.hibernate.boot.registry.selector.spi.StrategySelectionException: Unable to resolve name [org.hibernate.dialect.PostgresSQLDialect] as strategy [org.hibernate.dialect.Dialect]
	at org.hibernate.boot.registry.selector.internal.StrategySelectorImpl.selectStrategyImplementor(StrategySelectorImpl.java:83)
	at org.hibernate.boot.registry.selector.internal.StrategySelectorImpl.resolveStrategy(StrategySelectorImpl.java:163)
	at org.hibernate.boot.registry.selector.internal.StrategySelectorImpl.resolveStrategy(StrategySelectorImpl.java:118)
	at org.hibernate.engine.jdbc.dialect.internal.DialectFactoryImpl.constructDialect(DialectFactoryImpl.java:122)
	at org.hibernate.engine.jdbc.dialect.internal.DialectFactoryImpl.buildDialect(DialectFactoryImpl.java:87)
	at org.hibernate.engine.jdbc.env.internal.JdbcEnvironmentInitiator$1.execute(JdbcEnvironmentInitiator.java:388)
	at org.hibernate.engine.jdbc.env.internal.JdbcEnvironmentInitiator$1.execute(JdbcEnvironmentInitiator.java:356)
	at org.hibernate.jdbc.WorkExecutor.executeReturningWork(WorkExecutor.java:56)
	at org.hibernate.jdbc.AbstractReturningWork.accept(AbstractReturningWork.java:32)
	at org.hibernate.resource.transaction.backend.jdbc.internal.JdbcIsolationDelegate.doWorkAndCommit(JdbcIsolationDelegate.java:89)
	at org.hibernate.resource.transaction.backend.jdbc.internal.JdbcIsolationDelegate.delegateWork(JdbcIsolationDelegate.java:64)
	at org.hibernate.engine.jdbc.env.internal.JdbcEnvironmentInitiator.getJdbcEnvironmentUsingJdbcMetadata(JdbcEnvironmentInitiator.java:355)
	at org.hibernate.engine.jdbc.env.internal.JdbcEnvironmentInitiator.getJdbcEnvironment(JdbcEnvironmentInitiator.java:149)
	at org.hibernate.engine.jdbc.env.internal.JdbcEnvironmentInitiator.initiateService(JdbcEnvironmentInitiator.java:127)
	at org.hibernate.engine.jdbc.env.internal.JdbcEnvironmentInitiator.initiateService(JdbcEnvironmentInitiator.java:82)
	at org.hibernate.boot.registry.internal.StandardServiceRegistryImpl.initiateService(StandardServiceRegistryImpl.java:133)
	at org.hibernate.service.internal.AbstractServiceRegistryImpl.createService(AbstractServiceRegistryImpl.java:262)
	at org.hibernate.service.internal.AbstractServiceRegistryImpl.initializeService(AbstractServiceRegistryImpl.java:237)
	at org.hibernate.service.internal.AbstractServiceRegistryImpl.getService(AbstractServiceRegistryImpl.java:214)
	at org.hibernate.boot.model.relational.Database.<init>(Database.java:44)
	at org.hibernate.boot.internal.InFlightMetadataCollectorImpl.getDatabase(InFlightMetadataCollectorImpl.java:255)
	at org.hibernate.boot.internal.InFlightMetadataCollectorImpl.<init>(InFlightMetadataCollectorImpl.java:207)
	at org.hibernate.boot.model.process.spi.MetadataBuildingProcess.complete(MetadataBuildingProcess.java:185)
	at org.hibernate.jpa.boot.internal.EntityManagerFactoryBuilderImpl.metadata(EntityManagerFactoryBuilderImpl.java:1395)
	at org.hibernate.jpa.boot.internal.EntityManagerFactoryBuilderImpl.populateSessionFactoryBuilder(EntityManagerFactoryBuilderImpl.java:1475)
	at org.hibernate.jpa.boot.internal.EntityManagerFactoryBuilderImpl.build(EntityManagerFactoryBuilderImpl.java:1457)
	at org.springframework.orm.jpa.vendor.SpringHibernateJpaPersistenceProvider.createContainerEntityManagerFactory(SpringHibernateJpaPersistenceProvider.java:66)
	at org.springframework.orm.jpa.LocalContainerEntityManagerFactoryBean.createNativeEntityManagerFactory(LocalContainerEntityManagerFactoryBean.java:433)
	at org.springframework.orm.jpa.AbstractEntityManagerFactoryBean.buildNativeEntityManagerFactory(AbstractEntityManagerFactoryBean.java:416)
	at org.springframework.orm.jpa.AbstractEntityManagerFactoryBean.afterPropertiesSet(AbstractEntityManagerFactoryBean.java:396)
	at org.springframework.orm.jpa.LocalContainerEntityManagerFactoryBean.afterPropertiesSet(LocalContainerEntityManagerFactoryBean.java:409)
	at org.springframework.beans.factory.support.AbstractAutowireCapableBeanFactory.invokeInitMethods(AbstractAutowireCapableBeanFactory.java:1864)
	at org.springframework.beans.factory.support.AbstractAutowireCapableBeanFactory.initializeBean(AbstractAutowireCapableBeanFactory.java:1813)
	at org.springframework.beans.factory.support.AbstractAutowireCapableBeanFactory.doCreateBean(AbstractAutowireCapableBeanFactory.java:603)
	at org.springframework.beans.factory.support.AbstractAutowireCapableBeanFactory.createBean(AbstractAutowireCapableBeanFactory.java:525)
	at org.springframework.beans.factory.support.AbstractBeanFactory.lambda$doGetBean$0(AbstractBeanFactory.java:333)
	at org.springframework.beans.factory.support.DefaultSingletonBeanRegistry.getSingleton(DefaultSingletonBeanRegistry.java:371)
	at org.springframework.beans.factory.support.AbstractBeanFactory.doGetBean(AbstractBeanFactory.java:331)
	at org.springframework.beans.factory.support.AbstractBeanFactory.getBean(AbstractBeanFactory.java:201)
	at org.springframework.context.support.AbstractApplicationContext.finishBeanFactoryInitialization(AbstractApplicationContext.java:966)
	at org.springframework.context.support.AbstractApplicationContext.refresh(AbstractApplicationContext.java:620)
	at org.springframework.boot.SpringApplication.refresh(SpringApplication.java:765)
	at org.springframework.boot.SpringApplication.refreshContext(SpringApplication.java:454)
	at org.springframework.boot.SpringApplication.run(SpringApplication.java:321)
	at org.springframework.boot.test.context.SpringBootContextLoader.lambda$loadContext$2(SpringBootContextLoader.java:148)
	at org.springframework.util.function.ThrowingSupplier.get(ThrowingSupplier.java:58)
	at org.springframework.util.function.ThrowingSupplier.get(ThrowingSupplier.java:46)
	at org.springframework.boot.SpringApplication.withHook(SpringApplication.java:1474)
	at org.springframework.boot.test.context.SpringBootContextLoader$ContextLoaderHook.run(SpringBootContextLoader.java:573)
	at org.springframework.boot.test.context.SpringBootContextLoader.loadContext(SpringBootContextLoader.java:148)
	at org.springframework.boot.test.context.SpringBootContextLoader.loadContext(SpringBootContextLoader.java:114)
	at org.springframework.test.context.cache.DefaultCacheAwareContextLoaderDelegate.loadContextInternal(DefaultCacheAwareContextLoaderDelegate.java:247)
	at org.springframework.test.context.cache.DefaultCacheAwareContextLoaderDelegate.lambda$loadContext$0(DefaultCacheAwareContextLoaderDelegate.java:167)
	at org.springframework.test.context.cache.DefaultContextCache.put(DefaultContextCache.java:172)
	at org.springframework.test.context.cache.DefaultCacheAwareContextLoaderDelegate.loadContext(DefaultCacheAwareContextLoaderDelegate.java:160)
	at org.springframework.test.context.support.DefaultTestContext.getApplicationContext(DefaultTestContext.java:128)
	at org.springframework.test.context.web.ServletTestExecutionListener.setUpRequestContextIfNecessary(ServletTestExecutionListener.java:200)
	at org.springframework.test.context.web.ServletTestExecutionListener.prepareTestInstance(ServletTestExecutionListener.java:139)
	at org.springframework.test.context.TestContextManager.prepareTestInstance(TestContextManager.java:260)
	at org.springframework.test.context.junit.jupiter.SpringExtension.postProcessTestInstance(SpringExtension.java:203)
	at org.junit.jupiter.engine.descriptor.ClassBasedTestDescriptor.lambda$invokeTestInstancePostProcessors$1(ClassBasedTestDescriptor.java:423)
	at org.junit.jupiter.engine.descriptor.ClassBasedTestDescriptor.executeAndMaskThrowable(ClassBasedTestDescriptor.java:428)
	at org.junit.jupiter.engine.descriptor.ClassBasedTestDescriptor.lambda$invokeTestInstancePostProcessors$0(ClassBasedTestDescriptor.java:422)
	at java.base/java.util.stream.ForEachOps$ForEachOp$OfRef.accept(ForEachOps.java:184)
	at java.base/java.util.stream.ReferencePipeline$3$1.accept(ReferencePipeline.java:197)
	at java.base/java.util.stream.ReferencePipeline$2$1.accept(ReferencePipeline.java:179)
	at java.base/java.util.stream.ReferencePipeline$3$1.accept(ReferencePipeline.java:197)
	at java.base/java.util.ArrayList$ArrayListSpliterator.forEachRemaining(ArrayList.java:1708)
	at java.base/java.util.stream.AbstractPipeline.copyInto(AbstractPipeline.java:509)
	at java.base/java.util.stream.AbstractPipeline.wrapAndCopyInto(AbstractPipeline.java:499)
	at java.base/java.util.stream.ForEachOps$ForEachOp.evaluateSequential(ForEachOps.java:151)
	at java.base/java.util.stream.ForEachOps$ForEachOp$OfRef.evaluateSequential(ForEachOps.java:174)
	at java.base/java.util.stream.AbstractPipeline.evaluate(AbstractPipeline.java:234)
	at java.base/java.util.stream.ReferencePipeline.forEach(ReferencePipeline.java:596)
	at org.junit.jupiter.engine.descriptor.ClassBasedTestDescriptor.invokeTestInstancePostProcessors(ClassBasedTestDescriptor.java:422)
	at org.junit.jupiter.engine.descriptor.ClassBasedTestDescriptor.lambda$instantiateAndPostProcessTestInstance$0(ClassBasedTestDescriptor.java:334)
	at org.junit.platform.engine.support.hierarchical.ThrowableCollector.execute(ThrowableCollector.java:74)
	at org.junit.jupiter.engine.descriptor.ClassBasedTestDescriptor.instantiateAndPostProcessTestInstance(ClassBasedTestDescriptor.java:333)
	at org.junit.jupiter.engine.descriptor.ClassBasedTestDescriptor.lambda$testInstancesProvider$1(ClassBasedTestDescriptor.java:322)
	at java.base/java.util.Optional.orElseGet(Optional.java:364)
	at org.junit.jupiter.engine.descriptor.ClassBasedTestDescriptor.lambda$testInstancesProvider$0(ClassBasedTestDescriptor.java:321)
	at org.junit.jupiter.engine.execution.TestInstancesProvider.getTestInstances(TestInstancesProvider.java:27)
	at org.junit.jupiter.engine.descriptor.TestMethodTestDescriptor.lambda$prepare$0(TestMethodTestDescriptor.java:127)
	at org.junit.platform.engine.support.hierarchical.ThrowableCollector.execute(ThrowableCollector.java:74)
	at org.junit.jupiter.engine.descriptor.TestMethodTestDescriptor.prepare(TestMethodTestDescriptor.java:126)
	at org.junit.jupiter.engine.descriptor.TestMethodTestDescriptor.prepare(TestMethodTestDescriptor.java:70)
	at org.junit.platform.engine.support.hierarchical.NodeTestTask.lambda$prepare$0(NodeTestTask.java:144)
	at org.junit.platform.engine.support.hierarchical.ThrowableCollector.execute(ThrowableCollector.java:74)
	at org.junit.platform.engine.support.hierarchical.NodeTestTask.prepare(NodeTestTask.java:144)
	at org.junit.platform.engine.support.hierarchical.NodeTestTask.execute(NodeTestTask.java:110)
	at java.base/java.util.ArrayList.forEach(ArrayList.java:1596)
	at org.junit.platform.engine.support.hierarchical.SameThreadHierarchicalTestExecutorService.invokeAll(SameThreadHierarchicalTestExecutorService.java:42)
	at org.junit.platform.engine.support.hierarchical.NodeTestTask.lambda$executeRecursively$2(NodeTestTask.java:180)
	at org.junit.platform.engine.support.hierarchical.ThrowableCollector.execute(ThrowableCollector.java:74)
	at org.junit.platform.engine.support.hierarchical.NodeTestTask.lambda$executeRecursively$1(NodeTestTask.java:166)
	at org.junit.platform.engine.support.hierarchical.Node.around(Node.java:138)
	at org.junit.platform.engine.support.hierarchical.NodeTestTask.lambda$executeRecursively$0(NodeTestTask.java:164)
	at org.junit.platform.engine.support.hierarchical.ThrowableCollector.execute(ThrowableCollector.java:74)
	at org.junit.platform.engine.support.hierarchical.NodeTestTask.executeRecursively(NodeTestTask.java:163)
	at org.junit.platform.engine.support.hierarchical.NodeTestTask.execute(NodeTestTask.java:116)
	at java.base/java.util.ArrayList.forEach(ArrayList.java:1596)
	at org.junit.platform.engine.support.hierarchical.SameThreadHierarchicalTestExecutorService.invokeAll(SameThreadHierarchicalTestExecutorService.java:42)
	at org.junit.platform.engine.support.hierarchical.NodeTestTask.lambda$executeRecursively$2(NodeTestTask.java:180)
	at org.junit.platform.engine.support.hierarchical.ThrowableCollector.execute(ThrowableCollector.java:74)
	at org.junit.platform.engine.support.hierarchical.NodeTestTask.lambda$executeRecursively$1(NodeTestTask.java:166)
	at org.junit.platform.engine.support.hierarchical.Node.around(Node.java:138)
	at org.junit.platform.engine.support.hierarchical.NodeTestTask.lambda$executeRecursively$0(NodeTestTask.java:164)
	at org.junit.platform.engine.support.hierarchical.ThrowableCollector.execute(ThrowableCollector.java:74)
	at org.junit.platform.engine.support.hierarchical.NodeTestTask.executeRecursively(NodeTestTask.java:163)
	at org.junit.platform.engine.support.hierarchical.NodeTestTask.execute(NodeTestTask.java:116)
	at org.junit.platform.engine.support.hierarchical.SameThreadHierarchicalTestExecutorService.submit(SameThreadHierarchicalTestExecutorService.java:36)
	at org.junit.platform.engine.support.hierarchical.HierarchicalTestExecutor.execute(HierarchicalTestExecutor.java:52)
	at org.junit.platform.engine.support.hierarchical.HierarchicalTestEngine.execute(HierarchicalTestEngine.java:58)
	at org.junit.platform.launcher.core.EngineExecutionOrchestrator.executeEngine(EngineExecutionOrchestrator.java:246)
	at org.junit.platform.launcher.core.EngineExecutionOrchestrator.failOrExecuteEngine(EngineExecutionOrchestrator.java:218)
	at org.junit.platform.launcher.core.EngineExecutionOrchestrator.execute(EngineExecutionOrchestrator.java:179)
	at org.junit.platform.launcher.core.EngineExecutionOrchestrator.execute(EngineExecutionOrchestrator.java:108)
	at org.junit.platform.launcher.core.EngineExecutionOrchestrator.lambda$execute$0(EngineExecutionOrchestrator.java:66)
	at org.junit.platform.launcher.core.EngineExecutionOrchestrator.withInterceptedStreams(EngineExecutionOrchestrator.java:157)
	at org.junit.platform.launcher.core.EngineExecutionOrchestrator.execute(EngineExecutionOrchestrator.java:65)
	at org.junit.platform.launcher.core.DefaultLauncher.execute(DefaultLauncher.java:125)
	at org.junit.platform.launcher.core.DefaultLauncher.execute(DefaultLauncher.java:114)
	at org.junit.platform.launcher.core.DefaultLauncher.execute(DefaultLauncher.java:93)
	at org.junit.platform.launcher.core.DelegatingLauncher.execute(DelegatingLauncher.java:48)
	at org.junit.platform.launcher.core.InterceptingLauncher.lambda$execute$0(InterceptingLauncher.java:41)
	at org.junit.platform.launcher.core.ClasspathAlignmentCheckingLauncherInterceptor.intercept(ClasspathAlignmentCheckingLauncherInterceptor.java:25)
	at org.junit.platform.launcher.core.InterceptingLauncher.execute(InterceptingLauncher.java:40)
	at org.junit.platform.launcher.core.DelegatingLauncher.execute(DelegatingLauncher.java:48)
	at org.junit.platform.launcher.core.SessionPerRequestLauncher.execute(SessionPerRequestLauncher.java:67)
	at com.intellij.junit5.JUnit5IdeaTestRunner.startRunnerWithArgs(JUnit5IdeaTestRunner.java:57)
	at com.intellij.rt.junit.IdeaTestRunner$Repeater$1.execute(IdeaTestRunner.java:38)
	at com.intellij.rt.execution.junit.TestsRepeater.repeat(TestsRepeater.java:11)
	at com.intellij.rt.junit.IdeaTestRunner$Repeater.startRunnerWithArgs(IdeaTestRunner.java:35)
	at com.intellij.rt.junit.JUnitStarter.prepareStreamsAndStart(JUnitStarter.java:231)
	at com.intellij.rt.junit.JUnitStarter.main(JUnitStarter.java:55)
Caused by: org.hibernate.boot.registry.classloading.spi.ClassLoadingException: Unable to load class [org.hibernate.dialect.PostgresSQLDialect]
	at org.hibernate.boot.registry.classloading.internal.ClassLoaderServiceImpl.classForName(ClassLoaderServiceImpl.java:90)
	at org.hibernate.boot.registry.selector.internal.StrategySelectorImpl.selectStrategyImplementor(StrategySelectorImpl.java:79)
	... 134 common frames omitted
Caused by: java.lang.ClassNotFoundException: Could not load requested class: org.hibernate.dialect.PostgresSQLDialect
	at org.hibernate.boot.registry.classloading.internal.AggregatedClassLoader.findClass(AggregatedClassLoader.java:198)
	at java.base/java.lang.ClassLoader.loadClass(ClassLoader.java:593)
	at java.base/java.lang.ClassLoader.loadClass(ClassLoader.java:526)
	at java.base/java.lang.Class.forName0(Native Method)
	at java.base/java.lang.Class.forName(Class.java:534)
	at java.base/java.lang.Class.forName(Class.java:513)
	at org.hibernate.boot.registry.classloading.internal.ClassLoaderServiceImpl.classForName(ClassLoaderServiceImpl.java:87)
	... 135 common frames omitted
	Suppressed: java.lang.ClassNotFoundException: org.hibernate.dialect.PostgresSQLDialect
		at java.base/jdk.internal.loader.BuiltinClassLoader.loadClass(BuiltinClassLoader.java:641)
		at java.base/jdk.internal.loader.ClassLoaders$AppClassLoader.loadClass(ClassLoaders.java:188)
		at java.base/java.lang.ClassLoader.loadClass(ClassLoader.java:526)
		at org.hibernate.boot.registry.classloading.internal.AggregatedClassLoader.findClass(AggregatedClassLoader.java:202)
		... 141 common frames omitted
	Suppressed: java.lang.ClassNotFoundException: org.hibernate.dialect.PostgresSQLDialect
		at java.base/jdk.internal.loader.BuiltinClassLoader.loadClass(BuiltinClassLoader.java:641)
		at java.base/jdk.internal.loader.ClassLoaders$AppClassLoader.loadClass(ClassLoaders.java:188)
		at java.base/java.lang.ClassLoader.loadClass(ClassLoader.java:526)
		at org.hibernate.boot.registry.classloading.internal.AggregatedClassLoader.findClass(AggregatedClassLoader.java:202)
		... 141 common frames omitted
	Suppressed: java.lang.ClassNotFoundException: org.hibernate.dialect.PostgresSQLDialect
		at java.base/jdk.internal.loader.BuiltinClassLoader.loadClass(BuiltinClassLoader.java:641)
		at java.base/jdk.internal.loader.ClassLoaders$AppClassLoader.loadClass(ClassLoaders.java:188)
		at java.base/java.lang.ClassLoader.loadClass(ClassLoader.java:526)
		at org.hibernate.boot.registry.classloading.internal.AggregatedClassLoader.findClass(AggregatedClassLoader.java:202)
		... 141 common frames omitted
2026-03-03 19:06:30 [] ERROR - Failed to initialize JPA EntityManagerFactory: Unable to create requested service [org.hibernate.engine.jdbc.env.spi.JdbcEnvironment] due to: Unable to resolve name [org.hibernate.dialect.PostgresSQLDialect] as strategy [org.hibernate.dialect.Dialect]
2026-03-03 19:06:30 [] WARN  - Exception encountered during context initialization - cancelling refresh attempt: org.springframework.beans.factory.BeanCreationException: Error creating bean with name 'entityManagerFactory' defined in class path resource [org/springframework/boot/hibernate/autoconfigure/HibernateJpaConfiguration.class]: Unable to create requested service [org.hibernate.engine.jdbc.env.spi.JdbcEnvironment] due to: Unable to resolve name [org.hibernate.dialect.PostgresSQLDialect] as strategy [org.hibernate.dialect.Dialect]
2026-03-03 19:06:30 [] INFO  - HikariPool-1 - Shutdown initiated...
2026-03-03 19:06:30 [] INFO  - HikariPool-1 - Shutdown completed.
2026-03-03 19:06:30 [] INFO  - 

Error starting ApplicationContext. To display the condition evaluation report re-run your application with 'debug' enabled.
2026-03-03 19:06:30 [] ERROR - Application run failed
org.springframework.beans.factory.BeanCreationException: Error creating bean with name 'entityManagerFactory' defined in class path resource [org/springframework/boot/hibernate/autoconfigure/HibernateJpaConfiguration.class]: Unable to create requested service [org.hibernate.engine.jdbc.env.spi.JdbcEnvironment] due to: Unable to resolve name [org.hibernate.dialect.PostgresSQLDialect] as strategy [org.hibernate.dialect.Dialect]
	at org.springframework.beans.factory.support.AbstractAutowireCapableBeanFactory.initializeBean(AbstractAutowireCapableBeanFactory.java:1817)
	at org.springframework.beans.factory.support.AbstractAutowireCapableBeanFactory.doCreateBean(AbstractAutowireCapableBeanFactory.java:603)
	at org.springframework.beans.factory.support.AbstractAutowireCapableBeanFactory.createBean(AbstractAutowireCapableBeanFactory.java:525)
	at org.springframework.beans.factory.support.AbstractBeanFactory.lambda$doGetBean$0(AbstractBeanFactory.java:333)
	at org.springframework.beans.factory.support.DefaultSingletonBeanRegistry.getSingleton(DefaultSingletonBeanRegistry.java:371)
	at org.springframework.beans.factory.support.AbstractBeanFactory.doGetBean(AbstractBeanFactory.java:331)
	at org.springframework.beans.factory.support.AbstractBeanFactory.getBean(AbstractBeanFactory.java:201)
	at org.springframework.context.support.AbstractApplicationContext.finishBeanFactoryInitialization(AbstractApplicationContext.java:966)
	at org.springframework.context.support.AbstractApplicationContext.refresh(AbstractApplicationContext.java:620)
	at org.springframework.boot.SpringApplication.refresh(SpringApplication.java:765)
	at org.springframework.boot.SpringApplication.refreshContext(SpringApplication.java:454)
	at org.springframework.boot.SpringApplication.run(SpringApplication.java:321)
	at org.springframework.boot.test.context.SpringBootContextLoader.lambda$loadContext$2(SpringBootContextLoader.java:148)
	at org.springframework.util.function.ThrowingSupplier.get(ThrowingSupplier.java:58)
	at org.springframework.util.function.ThrowingSupplier.get(ThrowingSupplier.java:46)
	at org.springframework.boot.SpringApplication.withHook(SpringApplication.java:1474)
	at org.springframework.boot.test.context.SpringBootContextLoader$ContextLoaderHook.run(SpringBootContextLoader.java:573)
	at org.springframework.boot.test.context.SpringBootContextLoader.loadContext(SpringBootContextLoader.java:148)
	at org.springframework.boot.test.context.SpringBootContextLoader.loadContext(SpringBootContextLoader.java:114)
	at org.springframework.test.context.cache.DefaultCacheAwareContextLoaderDelegate.loadContextInternal(DefaultCacheAwareContextLoaderDelegate.java:247)
	at org.springframework.test.context.cache.DefaultCacheAwareContextLoaderDelegate.lambda$loadContext$0(DefaultCacheAwareContextLoaderDelegate.java:167)
	at org.springframework.test.context.cache.DefaultContextCache.put(DefaultContextCache.java:172)
	at org.springframework.test.context.cache.DefaultCacheAwareContextLoaderDelegate.loadContext(DefaultCacheAwareContextLoaderDelegate.java:160)
	at org.springframework.test.context.support.DefaultTestContext.getApplicationContext(DefaultTestContext.java:128)
	at org.springframework.test.context.web.ServletTestExecutionListener.setUpRequestContextIfNecessary(ServletTestExecutionListener.java:200)
	at org.springframework.test.context.web.ServletTestExecutionListener.prepareTestInstance(ServletTestExecutionListener.java:139)
	at org.springframework.test.context.TestContextManager.prepareTestInstance(TestContextManager.java:260)
	at org.springframework.test.context.junit.jupiter.SpringExtension.postProcessTestInstance(SpringExtension.java:203)
	at org.junit.jupiter.engine.descriptor.ClassBasedTestDescriptor.lambda$invokeTestInstancePostProcessors$1(ClassBasedTestDescriptor.java:423)
	at org.junit.jupiter.engine.descriptor.ClassBasedTestDescriptor.executeAndMaskThrowable(ClassBasedTestDescriptor.java:428)
	at org.junit.jupiter.engine.descriptor.ClassBasedTestDescriptor.lambda$invokeTestInstancePostProcessors$0(ClassBasedTestDescriptor.java:422)
	at java.base/java.util.stream.ForEachOps$ForEachOp$OfRef.accept(ForEachOps.java:184)
	at java.base/java.util.stream.ReferencePipeline$3$1.accept(ReferencePipeline.java:197)
	at java.base/java.util.stream.ReferencePipeline$2$1.accept(ReferencePipeline.java:179)
	at java.base/java.util.stream.ReferencePipeline$3$1.accept(ReferencePipeline.java:197)
	at java.base/java.util.ArrayList$ArrayListSpliterator.forEachRemaining(ArrayList.java:1708)
	at java.base/java.util.stream.AbstractPipeline.copyInto(AbstractPipeline.java:509)
	at java.base/java.util.stream.AbstractPipeline.wrapAndCopyInto(AbstractPipeline.java:499)
	at java.base/java.util.stream.ForEachOps$ForEachOp.evaluateSequential(ForEachOps.java:151)
	at java.base/java.util.stream.ForEachOps$ForEachOp$OfRef.evaluateSequential(ForEachOps.java:174)
	at java.base/java.util.stream.AbstractPipeline.evaluate(AbstractPipeline.java:234)
	at java.base/java.util.stream.ReferencePipeline.forEach(ReferencePipeline.java:596)
	at org.junit.jupiter.engine.descriptor.ClassBasedTestDescriptor.invokeTestInstancePostProcessors(ClassBasedTestDescriptor.java:422)
	at org.junit.jupiter.engine.descriptor.ClassBasedTestDescriptor.lambda$instantiateAndPostProcessTestInstance$0(ClassBasedTestDescriptor.java:334)
	at org.junit.platform.engine.support.hierarchical.ThrowableCollector.execute(ThrowableCollector.java:74)
	at org.junit.jupiter.engine.descriptor.ClassBasedTestDescriptor.instantiateAndPostProcessTestInstance(ClassBasedTestDescriptor.java:333)
	at org.junit.jupiter.engine.descriptor.ClassBasedTestDescriptor.lambda$testInstancesProvider$1(ClassBasedTestDescriptor.java:322)
	at java.base/java.util.Optional.orElseGet(Optional.java:364)
	at org.junit.jupiter.engine.descriptor.ClassBasedTestDescriptor.lambda$testInstancesProvider$0(ClassBasedTestDescriptor.java:321)
	at org.junit.jupiter.engine.execution.TestInstancesProvider.getTestInstances(TestInstancesProvider.java:27)
	at org.junit.jupiter.engine.descriptor.TestMethodTestDescriptor.lambda$prepare$0(TestMethodTestDescriptor.java:127)
	at org.junit.platform.engine.support.hierarchical.ThrowableCollector.execute(ThrowableCollector.java:74)
	at org.junit.jupiter.engine.descriptor.TestMethodTestDescriptor.prepare(TestMethodTestDescriptor.java:126)
	at org.junit.jupiter.engine.descriptor.TestMethodTestDescriptor.prepare(TestMethodTestDescriptor.java:70)
	at org.junit.platform.engine.support.hierarchical.NodeTestTask.lambda$prepare$0(NodeTestTask.java:144)
	at org.junit.platform.engine.support.hierarchical.ThrowableCollector.execute(ThrowableCollector.java:74)
	at org.junit.platform.engine.support.hierarchical.NodeTestTask.prepare(NodeTestTask.java:144)
	at org.junit.platform.engine.support.hierarchical.NodeTestTask.execute(NodeTestTask.java:110)
	at java.base/java.util.ArrayList.forEach(ArrayList.java:1596)
	at org.junit.platform.engine.support.hierarchical.SameThreadHierarchicalTestExecutorService.invokeAll(SameThreadHierarchicalTestExecutorService.java:42)
	at org.junit.platform.engine.support.hierarchical.NodeTestTask.lambda$executeRecursively$2(NodeTestTask.java:180)
	at org.junit.platform.engine.support.hierarchical.ThrowableCollector.execute(ThrowableCollector.java:74)
	at org.junit.platform.engine.support.hierarchical.NodeTestTask.lambda$executeRecursively$1(NodeTestTask.java:166)
	at org.junit.platform.engine.support.hierarchical.Node.around(Node.java:138)
	at org.junit.platform.engine.support.hierarchical.NodeTestTask.lambda$executeRecursively$0(NodeTestTask.java:164)
	at org.junit.platform.engine.support.hierarchical.ThrowableCollector.execute(ThrowableCollector.java:74)
	at org.junit.platform.engine.support.hierarchical.NodeTestTask.executeRecursively(NodeTestTask.java:163)
	at org.junit.platform.engine.support.hierarchical.NodeTestTask.execute(NodeTestTask.java:116)
	at java.base/java.util.ArrayList.forEach(ArrayList.java:1596)
	at org.junit.platform.engine.support.hierarchical.SameThreadHierarchicalTestExecutorService.invokeAll(SameThreadHierarchicalTestExecutorService.java:42)
	at org.junit.platform.engine.support.hierarchical.NodeTestTask.lambda$executeRecursively$2(NodeTestTask.java:180)
	at org.junit.platform.engine.support.hierarchical.ThrowableCollector.execute(ThrowableCollector.java:74)
	at org.junit.platform.engine.support.hierarchical.NodeTestTask.lambda$executeRecursively$1(NodeTestTask.java:166)
	at org.junit.platform.engine.support.hierarchical.Node.around(Node.java:138)
	at org.junit.platform.engine.support.hierarchical.NodeTestTask.lambda$executeRecursively$0(NodeTestTask.java:164)
	at org.junit.platform.engine.support.hierarchical.ThrowableCollector.execute(ThrowableCollector.java:74)
	at org.junit.platform.engine.support.hierarchical.NodeTestTask.executeRecursively(NodeTestTask.java:163)
	at org.junit.platform.engine.support.hierarchical.NodeTestTask.execute(NodeTestTask.java:116)
	at org.junit.platform.engine.support.hierarchical.SameThreadHierarchicalTestExecutorService.submit(SameThreadHierarchicalTestExecutorService.java:36)
	at org.junit.platform.engine.support.hierarchical.HierarchicalTestExecutor.execute(HierarchicalTestExecutor.java:52)
	at org.junit.platform.engine.support.hierarchical.HierarchicalTestEngine.execute(HierarchicalTestEngine.java:58)
	at org.junit.platform.launcher.core.EngineExecutionOrchestrator.executeEngine(EngineExecutionOrchestrator.java:246)
	at org.junit.platform.launcher.core.EngineExecutionOrchestrator.failOrExecuteEngine(EngineExecutionOrchestrator.java:218)
	at org.junit.platform.launcher.core.EngineExecutionOrchestrator.execute(EngineExecutionOrchestrator.java:179)
	at org.junit.platform.launcher.core.EngineExecutionOrchestrator.execute(EngineExecutionOrchestrator.java:108)
	at org.junit.platform.launcher.core.EngineExecutionOrchestrator.lambda$execute$0(EngineExecutionOrchestrator.java:66)
	at org.junit.platform.launcher.core.EngineExecutionOrchestrator.withInterceptedStreams(EngineExecutionOrchestrator.java:157)
	at org.junit.platform.launcher.core.EngineExecutionOrchestrator.execute(EngineExecutionOrchestrator.java:65)
	at org.junit.platform.launcher.core.DefaultLauncher.execute(DefaultLauncher.java:125)
	at org.junit.platform.launcher.core.DefaultLauncher.execute(DefaultLauncher.java:114)
	at org.junit.platform.launcher.core.DefaultLauncher.execute(DefaultLauncher.java:93)
	at org.junit.platform.launcher.core.DelegatingLauncher.execute(DelegatingLauncher.java:48)
	at org.junit.platform.launcher.core.InterceptingLauncher.lambda$execute$0(InterceptingLauncher.java:41)
	at org.junit.platform.launcher.core.ClasspathAlignmentCheckingLauncherInterceptor.intercept(ClasspathAlignmentCheckingLauncherInterceptor.java:25)
	at org.junit.platform.launcher.core.InterceptingLauncher.execute(InterceptingLauncher.java:40)
	at org.junit.platform.launcher.core.DelegatingLauncher.execute(DelegatingLauncher.java:48)
	at org.junit.platform.launcher.core.SessionPerRequestLauncher.execute(SessionPerRequestLauncher.java:67)
	at com.intellij.junit5.JUnit5IdeaTestRunner.startRunnerWithArgs(JUnit5IdeaTestRunner.java:57)
	at com.intellij.rt.junit.IdeaTestRunner$Repeater$1.execute(IdeaTestRunner.java:38)
	at com.intellij.rt.execution.junit.TestsRepeater.repeat(TestsRepeater.java:11)
	at com.intellij.rt.junit.IdeaTestRunner$Repeater.startRunnerWithArgs(IdeaTestRunner.java:35)
	at com.intellij.rt.junit.JUnitStarter.prepareStreamsAndStart(JUnitStarter.java:231)
	at com.intellij.rt.junit.JUnitStarter.main(JUnitStarter.java:55)
Caused by: org.hibernate.service.spi.ServiceException: Unable to create requested service [org.hibernate.engine.jdbc.env.spi.JdbcEnvironment] due to: Unable to resolve name [org.hibernate.dialect.PostgresSQLDialect] as strategy [org.hibernate.dialect.Dialect]
	at org.hibernate.service.internal.AbstractServiceRegistryImpl.createService(AbstractServiceRegistryImpl.java:275)
	at org.hibernate.service.internal.AbstractServiceRegistryImpl.initializeService(AbstractServiceRegistryImpl.java:237)
	at org.hibernate.service.internal.AbstractServiceRegistryImpl.getService(AbstractServiceRegistryImpl.java:214)
	at org.hibernate.boot.model.relational.Database.<init>(Database.java:44)
	at org.hibernate.boot.internal.InFlightMetadataCollectorImpl.getDatabase(InFlightMetadataCollectorImpl.java:255)
	at org.hibernate.boot.internal.InFlightMetadataCollectorImpl.<init>(InFlightMetadataCollectorImpl.java:207)
	at org.hibernate.boot.model.process.spi.MetadataBuildingProcess.complete(MetadataBuildingProcess.java:185)
	at org.hibernate.jpa.boot.internal.EntityManagerFactoryBuilderImpl.metadata(EntityManagerFactoryBuilderImpl.java:1395)
	at org.hibernate.jpa.boot.internal.EntityManagerFactoryBuilderImpl.populateSessionFactoryBuilder(EntityManagerFactoryBuilderImpl.java:1475)
	at org.hibernate.jpa.boot.internal.EntityManagerFactoryBuilderImpl.build(EntityManagerFactoryBuilderImpl.java:1457)
	at org.springframework.orm.jpa.vendor.SpringHibernateJpaPersistenceProvider.createContainerEntityManagerFactory(SpringHibernateJpaPersistenceProvider.java:66)
	at org.springframework.orm.jpa.LocalContainerEntityManagerFactoryBean.createNativeEntityManagerFactory(LocalContainerEntityManagerFactoryBean.java:433)
	at org.springframework.orm.jpa.AbstractEntityManagerFactoryBean.buildNativeEntityManagerFactory(AbstractEntityManagerFactoryBean.java:416)
	at org.springframework.orm.jpa.AbstractEntityManagerFactoryBean.afterPropertiesSet(AbstractEntityManagerFactoryBean.java:396)
	at org.springframework.orm.jpa.LocalContainerEntityManagerFactoryBean.afterPropertiesSet(LocalContainerEntityManagerFactoryBean.java:409)
	at org.springframework.beans.factory.support.AbstractAutowireCapableBeanFactory.invokeInitMethods(AbstractAutowireCapableBeanFactory.java:1864)
	at org.springframework.beans.factory.support.AbstractAutowireCapableBeanFactory.initializeBean(AbstractAutowireCapableBeanFactory.java:1813)
	... 102 common frames omitted
Caused by: org.hibernate.boot.registry.selector.spi.StrategySelectionException: Unable to resolve name [org.hibernate.dialect.PostgresSQLDialect] as strategy [org.hibernate.dialect.Dialect]
	at org.hibernate.boot.registry.selector.internal.StrategySelectorImpl.selectStrategyImplementor(StrategySelectorImpl.java:83)
	at org.hibernate.boot.registry.selector.internal.StrategySelectorImpl.resolveStrategy(StrategySelectorImpl.java:163)
	at org.hibernate.boot.registry.selector.internal.StrategySelectorImpl.resolveStrategy(StrategySelectorImpl.java:118)
	at org.hibernate.engine.jdbc.dialect.internal.DialectFactoryImpl.constructDialect(DialectFactoryImpl.java:122)
	at org.hibernate.engine.jdbc.dialect.internal.DialectFactoryImpl.buildDialect(DialectFactoryImpl.java:87)
	at org.hibernate.engine.jdbc.env.internal.JdbcEnvironmentInitiator.getJdbcEnvironmentWithDefaults(JdbcEnvironmentInitiator.java:207)
	at org.hibernate.engine.jdbc.env.internal.JdbcEnvironmentInitiator.getJdbcEnvironmentUsingJdbcMetadata(JdbcEnvironmentInitiator.java:432)
	at org.hibernate.engine.jdbc.env.internal.JdbcEnvironmentInitiator.getJdbcEnvironment(JdbcEnvironmentInitiator.java:149)
	at org.hibernate.engine.jdbc.env.internal.JdbcEnvironmentInitiator.initiateService(JdbcEnvironmentInitiator.java:127)
	at org.hibernate.engine.jdbc.env.internal.JdbcEnvironmentInitiator.initiateService(JdbcEnvironmentInitiator.java:82)
	at org.hibernate.boot.registry.internal.StandardServiceRegistryImpl.initiateService(StandardServiceRegistryImpl.java:133)
	at org.hibernate.service.internal.AbstractServiceRegistryImpl.createService(AbstractServiceRegistryImpl.java:262)
	... 118 common frames omitted
Caused by: org.hibernate.boot.registry.classloading.spi.ClassLoadingException: Unable to load class [org.hibernate.dialect.PostgresSQLDialect]
	at org.hibernate.boot.registry.classloading.internal.ClassLoaderServiceImpl.classForName(ClassLoaderServiceImpl.java:90)
	at org.hibernate.boot.registry.selector.internal.StrategySelectorImpl.selectStrategyImplementor(StrategySelectorImpl.java:79)
	... 129 common frames omitted
Caused by: java.lang.ClassNotFoundException: Could not load requested class: org.hibernate.dialect.PostgresSQLDialect
	at org.hibernate.boot.registry.classloading.internal.AggregatedClassLoader.findClass(AggregatedClassLoader.java:198)
	at java.base/java.lang.ClassLoader.loadClass(ClassLoader.java:593)
	at java.base/java.lang.ClassLoader.loadClass(ClassLoader.java:526)
	at java.base/java.lang.Class.forName0(Native Method)
	at java.base/java.lang.Class.forName(Class.java:534)
	at java.base/java.lang.Class.forName(Class.java:513)
	at org.hibernate.boot.registry.classloading.internal.ClassLoaderServiceImpl.classForName(ClassLoaderServiceImpl.java:87)
	... 130 common frames omitted
	Suppressed: java.lang.ClassNotFoundException: org.hibernate.dialect.PostgresSQLDialect
		at java.base/jdk.internal.loader.BuiltinClassLoader.loadClass(BuiltinClassLoader.java:641)
		at java.base/jdk.internal.loader.ClassLoaders$AppClassLoader.loadClass(ClassLoaders.java:188)
		at java.base/java.lang.ClassLoader.loadClass(ClassLoader.java:526)
		at org.hibernate.boot.registry.classloading.internal.AggregatedClassLoader.findClass(AggregatedClassLoader.java:202)
		... 136 common frames omitted
	Suppressed: java.lang.ClassNotFoundException: org.hibernate.dialect.PostgresSQLDialect
		at java.base/jdk.internal.loader.BuiltinClassLoader.loadClass(BuiltinClassLoader.java:641)
		at java.base/jdk.internal.loader.ClassLoaders$AppClassLoader.loadClass(ClassLoaders.java:188)
		at java.base/java.lang.ClassLoader.loadClass(ClassLoader.java:526)
		at org.hibernate.boot.registry.classloading.internal.AggregatedClassLoader.findClass(AggregatedClassLoader.java:202)
		... 136 common frames omitted
	Suppressed: java.lang.ClassNotFoundException: org.hibernate.dialect.PostgresSQLDialect
		at java.base/jdk.internal.loader.BuiltinClassLoader.loadClass(BuiltinClassLoader.java:641)
		at java.base/jdk.internal.loader.ClassLoaders$AppClassLoader.loadClass(ClassLoaders.java:188)
		at java.base/java.lang.ClassLoader.loadClass(ClassLoader.java:526)
		at org.hibernate.boot.registry.classloading.internal.AggregatedClassLoader.findClass(AggregatedClassLoader.java:202)
		... 136 common frames omitted
2026-03-03 19:06:30 [] WARN  - Caught exception while allowing TestExecutionListener [org.springframework.test.context.web.ServletTestExecutionListener] to prepare test instance [com.site.webapp.WebappApplicationTests@1760e688]
java.lang.IllegalStateException: Failed to load ApplicationContext for [WebMergedContextConfiguration@5c60f096 testClass = com.site.webapp.WebappApplicationTests, locations = [], classes = [com.site.webapp.WebappApplication], contextInitializerClasses = [], activeProfiles = [], propertySourceDescriptors = [], propertySourceProperties = ["org.springframework.boot.test.context.SpringBootTestContextBootstrapper=true"], contextCustomizers = [org.springframework.boot.test.context.PropertyMappingContextCustomizer@0, org.springframework.boot.test.context.filter.ExcludeFilterContextCustomizer@5dda6f9, org.springframework.boot.test.json.DuplicateJsonObjectContextCustomizerFactory$DuplicateJsonObjectContextCustomizer@67af833b, org.springframework.test.context.support.DynamicPropertiesContextCustomizer@0, org.springframework.boot.webmvc.test.autoconfigure.WebDriverContextCustomizer@7646731d, org.springframework.boot.web.server.context.SpringBootTestRandomPortContextCustomizerFactory$Customizer@5a4bef8, org.springframework.boot.test.autoconfigure.OnFailureConditionReportContextCustomizerFactory$OnFailureConditionReportContextCustomizer@5d8445d7, org.springframework.boot.test.context.SpringBootTestAnnotation@81eefd6a], resourceBasePath = "src/main/webapp", contextLoader = org.springframework.boot.test.context.SpringBootContextLoader, parent = null]
	at org.springframework.test.context.cache.DefaultCacheAwareContextLoaderDelegate.lambda$loadContext$0(DefaultCacheAwareContextLoaderDelegate.java:195)
	at org.springframework.test.context.cache.DefaultContextCache.put(DefaultContextCache.java:172)
	at org.springframework.test.context.cache.DefaultCacheAwareContextLoaderDelegate.loadContext(DefaultCacheAwareContextLoaderDelegate.java:160)
	at org.springframework.test.context.support.DefaultTestContext.getApplicationContext(DefaultTestContext.java:128)
	at org.springframework.test.context.web.ServletTestExecutionListener.setUpRequestContextIfNecessary(ServletTestExecutionListener.java:200)
	at org.springframework.test.context.web.ServletTestExecutionListener.prepareTestInstance(ServletTestExecutionListener.java:139)
	at org.springframework.test.context.TestContextManager.prepareTestInstance(TestContextManager.java:260)
	at org.springframework.test.context.junit.jupiter.SpringExtension.postProcessTestInstance(SpringExtension.java:203)
	at org.junit.jupiter.engine.descriptor.ClassBasedTestDescriptor.lambda$invokeTestInstancePostProcessors$1(ClassBasedTestDescriptor.java:423)
	at org.junit.jupiter.engine.descriptor.ClassBasedTestDescriptor.executeAndMaskThrowable(ClassBasedTestDescriptor.java:428)
	at org.junit.jupiter.engine.descriptor.ClassBasedTestDescriptor.lambda$invokeTestInstancePostProcessors$0(ClassBasedTestDescriptor.java:422)
	at java.base/java.util.stream.ForEachOps$ForEachOp$OfRef.accept(ForEachOps.java:184)
	at java.base/java.util.stream.ReferencePipeline$3$1.accept(ReferencePipeline.java:197)
	at java.base/java.util.stream.ReferencePipeline$2$1.accept(ReferencePipeline.java:179)
	at java.base/java.util.stream.ReferencePipeline$3$1.accept(ReferencePipeline.java:197)
	at java.base/java.util.ArrayList$ArrayListSpliterator.forEachRemaining(ArrayList.java:1708)
	at java.base/java.util.stream.AbstractPipeline.copyInto(AbstractPipeline.java:509)
	at java.base/java.util.stream.AbstractPipeline.wrapAndCopyInto(AbstractPipeline.java:499)
	at java.base/java.util.stream.ForEachOps$ForEachOp.evaluateSequential(ForEachOps.java:151)
	at java.base/java.util.stream.ForEachOps$ForEachOp$OfRef.evaluateSequential(ForEachOps.java:174)
	at java.base/java.util.stream.AbstractPipeline.evaluate(AbstractPipeline.java:234)
	at java.base/java.util.stream.ReferencePipeline.forEach(ReferencePipeline.java:596)
	at org.junit.jupiter.engine.descriptor.ClassBasedTestDescriptor.invokeTestInstancePostProcessors(ClassBasedTestDescriptor.java:422)
	at org.junit.jupiter.engine.descriptor.ClassBasedTestDescriptor.lambda$instantiateAndPostProcessTestInstance$0(ClassBasedTestDescriptor.java:334)
	at org.junit.platform.engine.support.hierarchical.ThrowableCollector.execute(ThrowableCollector.java:74)
	at org.junit.jupiter.engine.descriptor.ClassBasedTestDescriptor.instantiateAndPostProcessTestInstance(ClassBasedTestDescriptor.java:333)
	at org.junit.jupiter.engine.descriptor.ClassBasedTestDescriptor.lambda$testInstancesProvider$1(ClassBasedTestDescriptor.java:322)
	at java.base/java.util.Optional.orElseGet(Optional.java:364)
	at org.junit.jupiter.engine.descriptor.ClassBasedTestDescriptor.lambda$testInstancesProvider$0(ClassBasedTestDescriptor.java:321)
	at org.junit.jupiter.engine.execution.TestInstancesProvider.getTestInstances(TestInstancesProvider.java:27)
	at org.junit.jupiter.engine.descriptor.TestMethodTestDescriptor.lambda$prepare$0(TestMethodTestDescriptor.java:127)
	at org.junit.platform.engine.support.hierarchical.ThrowableCollector.execute(ThrowableCollector.java:74)
	at org.junit.jupiter.engine.descriptor.TestMethodTestDescriptor.prepare(TestMethodTestDescriptor.java:126)
	at org.junit.jupiter.engine.descriptor.TestMethodTestDescriptor.prepare(TestMethodTestDescriptor.java:70)
	at org.junit.platform.engine.support.hierarchical.NodeTestTask.lambda$prepare$0(NodeTestTask.java:144)
	at org.junit.platform.engine.support.hierarchical.ThrowableCollector.execute(ThrowableCollector.java:74)
	at org.junit.platform.engine.support.hierarchical.NodeTestTask.prepare(NodeTestTask.java:144)
	at org.junit.platform.engine.support.hierarchical.NodeTestTask.execute(NodeTestTask.java:110)
	at java.base/java.util.ArrayList.forEach(ArrayList.java:1596)
	at org.junit.platform.engine.support.hierarchical.SameThreadHierarchicalTestExecutorService.invokeAll(SameThreadHierarchicalTestExecutorService.java:42)
	at org.junit.platform.engine.support.hierarchical.NodeTestTask.lambda$executeRecursively$2(NodeTestTask.java:180)
	at org.junit.platform.engine.support.hierarchical.ThrowableCollector.execute(ThrowableCollector.java:74)
	at org.junit.platform.engine.support.hierarchical.NodeTestTask.lambda$executeRecursively$1(NodeTestTask.java:166)
	at org.junit.platform.engine.support.hierarchical.Node.around(Node.java:138)
	at org.junit.platform.engine.support.hierarchical.NodeTestTask.lambda$executeRecursively$0(NodeTestTask.java:164)
	at org.junit.platform.engine.support.hierarchical.ThrowableCollector.execute(ThrowableCollector.java:74)
	at org.junit.platform.engine.support.hierarchical.NodeTestTask.executeRecursively(NodeTestTask.java:163)
	at org.junit.platform.engine.support.hierarchical.NodeTestTask.execute(NodeTestTask.java:116)
	at java.base/java.util.ArrayList.forEach(ArrayList.java:1596)
	at org.junit.platform.engine.support.hierarchical.SameThreadHierarchicalTestExecutorService.invokeAll(SameThreadHierarchicalTestExecutorService.java:42)
	at org.junit.platform.engine.support.hierarchical.NodeTestTask.lambda$executeRecursively$2(NodeTestTask.java:180)
	at org.junit.platform.engine.support.hierarchical.ThrowableCollector.execute(ThrowableCollector.java:74)
	at org.junit.platform.engine.support.hierarchical.NodeTestTask.lambda$executeRecursively$1(NodeTestTask.java:166)
	at org.junit.platform.engine.support.hierarchical.Node.around(Node.java:138)
	at org.junit.platform.engine.support.hierarchical.NodeTestTask.lambda$executeRecursively$0(NodeTestTask.java:164)
	at org.junit.platform.engine.support.hierarchical.ThrowableCollector.execute(ThrowableCollector.java:74)
	at org.junit.platform.engine.support.hierarchical.NodeTestTask.executeRecursively(NodeTestTask.java:163)
	at org.junit.platform.engine.support.hierarchical.NodeTestTask.execute(NodeTestTask.java:116)
	at org.junit.platform.engine.support.hierarchical.SameThreadHierarchicalTestExecutorService.submit(SameThreadHierarchicalTestExecutorService.java:36)
	at org.junit.platform.engine.support.hierarchical.HierarchicalTestExecutor.execute(HierarchicalTestExecutor.java:52)
	at org.junit.platform.engine.support.hierarchical.HierarchicalTestEngine.execute(HierarchicalTestEngine.java:58)
	at org.junit.platform.launcher.core.EngineExecutionOrchestrator.executeEngine(EngineExecutionOrchestrator.java:246)
	at org.junit.platform.launcher.core.EngineExecutionOrchestrator.failOrExecuteEngine(EngineExecutionOrchestrator.java:218)
	at org.junit.platform.launcher.core.EngineExecutionOrchestrator.execute(EngineExecutionOrchestrator.java:179)
	at org.junit.platform.launcher.core.EngineExecutionOrchestrator.execute(EngineExecutionOrchestrator.java:108)
	at org.junit.platform.launcher.core.EngineExecutionOrchestrator.lambda$execute$0(EngineExecutionOrchestrator.java:66)
	at org.junit.platform.launcher.core.EngineExecutionOrchestrator.withInterceptedStreams(EngineExecutionOrchestrator.java:157)
	at org.junit.platform.launcher.core.EngineExecutionOrchestrator.execute(EngineExecutionOrchestrator.java:65)
	at org.junit.platform.launcher.core.DefaultLauncher.execute(DefaultLauncher.java:125)
	at org.junit.platform.launcher.core.DefaultLauncher.execute(DefaultLauncher.java:114)
	at org.junit.platform.launcher.core.DefaultLauncher.execute(DefaultLauncher.java:93)
	at org.junit.platform.launcher.core.DelegatingLauncher.execute(DelegatingLauncher.java:48)
	at org.junit.platform.launcher.core.InterceptingLauncher.lambda$execute$0(InterceptingLauncher.java:41)
	at org.junit.platform.launcher.core.ClasspathAlignmentCheckingLauncherInterceptor.intercept(ClasspathAlignmentCheckingLauncherInterceptor.java:25)
	at org.junit.platform.launcher.core.InterceptingLauncher.execute(InterceptingLauncher.java:40)
	at org.junit.platform.launcher.core.DelegatingLauncher.execute(DelegatingLauncher.java:48)
	at org.junit.platform.launcher.core.SessionPerRequestLauncher.execute(SessionPerRequestLauncher.java:67)
	at com.intellij.junit5.JUnit5IdeaTestRunner.startRunnerWithArgs(JUnit5IdeaTestRunner.java:57)
	at com.intellij.rt.junit.IdeaTestRunner$Repeater$1.execute(IdeaTestRunner.java:38)
	at com.intellij.rt.execution.junit.TestsRepeater.repeat(TestsRepeater.java:11)
	at com.intellij.rt.junit.IdeaTestRunner$Repeater.startRunnerWithArgs(IdeaTestRunner.java:35)
	at com.intellij.rt.junit.JUnitStarter.prepareStreamsAndStart(JUnitStarter.java:231)
	at com.intellij.rt.junit.JUnitStarter.main(JUnitStarter.java:55)
Caused by: org.springframework.beans.factory.BeanCreationException: Error creating bean with name 'entityManagerFactory' defined in class path resource [org/springframework/boot/hibernate/autoconfigure/HibernateJpaConfiguration.class]: Unable to create requested service [org.hibernate.engine.jdbc.env.spi.JdbcEnvironment] due to: Unable to resolve name [org.hibernate.dialect.PostgresSQLDialect] as strategy [org.hibernate.dialect.Dialect]
	at org.springframework.beans.factory.support.AbstractAutowireCapableBeanFactory.initializeBean(AbstractAutowireCapableBeanFactory.java:1817)
	at org.springframework.beans.factory.support.AbstractAutowireCapableBeanFactory.doCreateBean(AbstractAutowireCapableBeanFactory.java:603)
	at org.springframework.beans.factory.support.AbstractAutowireCapableBeanFactory.createBean(AbstractAutowireCapableBeanFactory.java:525)
	at org.springframework.beans.factory.support.AbstractBeanFactory.lambda$doGetBean$0(AbstractBeanFactory.java:333)
	at org.springframework.beans.factory.support.DefaultSingletonBeanRegistry.getSingleton(DefaultSingletonBeanRegistry.java:371)
	at org.springframework.beans.factory.support.AbstractBeanFactory.doGetBean(AbstractBeanFactory.java:331)
	at org.springframework.beans.factory.support.AbstractBeanFactory.getBean(AbstractBeanFactory.java:201)
	at org.springframework.context.support.AbstractApplicationContext.finishBeanFactoryInitialization(AbstractApplicationContext.java:966)
	at org.springframework.context.support.AbstractApplicationContext.refresh(AbstractApplicationContext.java:620)
	at org.springframework.boot.SpringApplication.refresh(SpringApplication.java:765)
	at org.springframework.boot.SpringApplication.refreshContext(SpringApplication.java:454)
	at org.springframework.boot.SpringApplication.run(SpringApplication.java:321)
	at org.springframework.boot.test.context.SpringBootContextLoader.lambda$loadContext$2(SpringBootContextLoader.java:148)
	at org.springframework.util.function.ThrowingSupplier.get(ThrowingSupplier.java:58)
	at org.springframework.util.function.ThrowingSupplier.get(ThrowingSupplier.java:46)
	at org.springframework.boot.SpringApplication.withHook(SpringApplication.java:1474)
	at org.springframework.boot.test.context.SpringBootContextLoader$ContextLoaderHook.run(SpringBootContextLoader.java:573)
	at org.springframework.boot.test.context.SpringBootContextLoader.loadContext(SpringBootContextLoader.java:148)
	at org.springframework.boot.test.context.SpringBootContextLoader.loadContext(SpringBootContextLoader.java:114)
	at org.springframework.test.context.cache.DefaultCacheAwareContextLoaderDelegate.loadContextInternal(DefaultCacheAwareContextLoaderDelegate.java:247)
	at org.springframework.test.context.cache.DefaultCacheAwareContextLoaderDelegate.lambda$loadContext$0(DefaultCacheAwareContextLoaderDelegate.java:167)
	... 82 common frames omitted
Caused by: org.hibernate.service.spi.ServiceException: Unable to create requested service [org.hibernate.engine.jdbc.env.spi.JdbcEnvironment] due to: Unable to resolve name [org.hibernate.dialect.PostgresSQLDialect] as strategy [org.hibernate.dialect.Dialect]
	at org.hibernate.service.internal.AbstractServiceRegistryImpl.createService(AbstractServiceRegistryImpl.java:275)
	at org.hibernate.service.internal.AbstractServiceRegistryImpl.initializeService(AbstractServiceRegistryImpl.java:237)
	at org.hibernate.service.internal.AbstractServiceRegistryImpl.getService(AbstractServiceRegistryImpl.java:214)
	at org.hibernate.boot.model.relational.Database.<init>(Database.java:44)
	at org.hibernate.boot.internal.InFlightMetadataCollectorImpl.getDatabase(InFlightMetadataCollectorImpl.java:255)
	at org.hibernate.boot.internal.InFlightMetadataCollectorImpl.<init>(InFlightMetadataCollectorImpl.java:207)
	at org.hibernate.boot.model.process.spi.MetadataBuildingProcess.complete(MetadataBuildingProcess.java:185)
	at org.hibernate.jpa.boot.internal.EntityManagerFactoryBuilderImpl.metadata(EntityManagerFactoryBuilderImpl.java:1395)
	at org.hibernate.jpa.boot.internal.EntityManagerFactoryBuilderImpl.populateSessionFactoryBuilder(EntityManagerFactoryBuilderImpl.java:1475)
	at org.hibernate.jpa.boot.internal.EntityManagerFactoryBuilderImpl.build(EntityManagerFactoryBuilderImpl.java:1457)
	at org.springframework.orm.jpa.vendor.SpringHibernateJpaPersistenceProvider.createContainerEntityManagerFactory(SpringHibernateJpaPersistenceProvider.java:66)
	at org.springframework.orm.jpa.LocalContainerEntityManagerFactoryBean.createNativeEntityManagerFactory(LocalContainerEntityManagerFactoryBean.java:433)
	at org.springframework.orm.jpa.AbstractEntityManagerFactoryBean.buildNativeEntityManagerFactory(AbstractEntityManagerFactoryBean.java:416)
	at org.springframework.orm.jpa.AbstractEntityManagerFactoryBean.afterPropertiesSet(AbstractEntityManagerFactoryBean.java:396)
	at org.springframework.orm.jpa.LocalContainerEntityManagerFactoryBean.afterPropertiesSet(LocalContainerEntityManagerFactoryBean.java:409)
	at org.springframework.beans.factory.support.AbstractAutowireCapableBeanFactory.invokeInitMethods(AbstractAutowireCapableBeanFactory.java:1864)
	at org.springframework.beans.factory.support.AbstractAutowireCapableBeanFactory.initializeBean(AbstractAutowireCapableBeanFactory.java:1813)
	... 102 common frames omitted
Caused by: org.hibernate.boot.registry.selector.spi.StrategySelectionException: Unable to resolve name [org.hibernate.dialect.PostgresSQLDialect] as strategy [org.hibernate.dialect.Dialect]
	at org.hibernate.boot.registry.selector.internal.StrategySelectorImpl.selectStrategyImplementor(StrategySelectorImpl.java:83)
	at org.hibernate.boot.registry.selector.internal.StrategySelectorImpl.resolveStrategy(StrategySelectorImpl.java:163)
	at org.hibernate.boot.registry.selector.internal.StrategySelectorImpl.resolveStrategy(StrategySelectorImpl.java:118)
	at org.hibernate.engine.jdbc.dialect.internal.DialectFactoryImpl.constructDialect(DialectFactoryImpl.java:122)
	at org.hibernate.engine.jdbc.dialect.internal.DialectFactoryImpl.buildDialect(DialectFactoryImpl.java:87)
	at org.hibernate.engine.jdbc.env.internal.JdbcEnvironmentInitiator.getJdbcEnvironmentWithDefaults(JdbcEnvironmentInitiator.java:207)
	at org.hibernate.engine.jdbc.env.internal.JdbcEnvironmentInitiator.getJdbcEnvironmentUsingJdbcMetadata(JdbcEnvironmentInitiator.java:432)
	at org.hibernate.engine.jdbc.env.internal.JdbcEnvironmentInitiator.getJdbcEnvironment(JdbcEnvironmentInitiator.java:149)
	at org.hibernate.engine.jdbc.env.internal.JdbcEnvironmentInitiator.initiateService(JdbcEnvironmentInitiator.java:127)
	at org.hibernate.engine.jdbc.env.internal.JdbcEnvironmentInitiator.initiateService(JdbcEnvironmentInitiator.java:82)
	at org.hibernate.boot.registry.internal.StandardServiceRegistryImpl.initiateService(StandardServiceRegistryImpl.java:133)
	at org.hibernate.service.internal.AbstractServiceRegistryImpl.createService(AbstractServiceRegistryImpl.java:262)
	... 118 common frames omitted
Caused by: org.hibernate.boot.registry.classloading.spi.ClassLoadingException: Unable to load class [org.hibernate.dialect.PostgresSQLDialect]
	at org.hibernate.boot.registry.classloading.internal.ClassLoaderServiceImpl.classForName(ClassLoaderServiceImpl.java:90)
	at org.hibernate.boot.registry.selector.internal.StrategySelectorImpl.selectStrategyImplementor(StrategySelectorImpl.java:79)
	... 129 common frames omitted
Caused by: java.lang.ClassNotFoundException: Could not load requested class: org.hibernate.dialect.PostgresSQLDialect
	at org.hibernate.boot.registry.classloading.internal.AggregatedClassLoader.findClass(AggregatedClassLoader.java:198)
	at java.base/java.lang.ClassLoader.loadClass(ClassLoader.java:593)
	at java.base/java.lang.ClassLoader.loadClass(ClassLoader.java:526)
	at java.base/java.lang.Class.forName0(Native Method)
	at java.base/java.lang.Class.forName(Class.java:534)
	at java.base/java.lang.Class.forName(Class.java:513)
	at org.hibernate.boot.registry.classloading.internal.ClassLoaderServiceImpl.classForName(ClassLoaderServiceImpl.java:87)
	... 130 common frames omitted
	Suppressed: java.lang.ClassNotFoundException: org.hibernate.dialect.PostgresSQLDialect
		at java.base/jdk.internal.loader.BuiltinClassLoader.loadClass(BuiltinClassLoader.java:641)
		at java.base/jdk.internal.loader.ClassLoaders$AppClassLoader.loadClass(ClassLoaders.java:188)
		at java.base/java.lang.ClassLoader.loadClass(ClassLoader.java:526)
		at org.hibernate.boot.registry.classloading.internal.AggregatedClassLoader.findClass(AggregatedClassLoader.java:202)
		... 136 common frames omitted
	Suppressed: java.lang.ClassNotFoundException: org.hibernate.dialect.PostgresSQLDialect
		at java.base/jdk.internal.loader.BuiltinClassLoader.loadClass(BuiltinClassLoader.java:641)
		at java.base/jdk.internal.loader.ClassLoaders$AppClassLoader.loadClass(ClassLoaders.java:188)
		at java.base/java.lang.ClassLoader.loadClass(ClassLoader.java:526)
		at org.hibernate.boot.registry.classloading.internal.AggregatedClassLoader.findClass(AggregatedClassLoader.java:202)
		... 136 common frames omitted
	Suppressed: java.lang.ClassNotFoundException: org.hibernate.dialect.PostgresSQLDialect
		at java.base/jdk.internal.loader.BuiltinClassLoader.loadClass(BuiltinClassLoader.java:641)
		at java.base/jdk.internal.loader.ClassLoaders$AppClassLoader.loadClass(ClassLoaders.java:188)
		at java.base/java.lang.ClassLoader.loadClass(ClassLoader.java:526)
		at org.hibernate.boot.registry.classloading.internal.AggregatedClassLoader.findClass(AggregatedClassLoader.java:202)
		... 136 common frames omitted
2026-03-03 19:06:30 [] INFO  - Could not detect default configuration classes for test class [com.site.webapp.repo.UserRepositoryTest]: UserRepositoryTest does not declare any static, non-private, non-final, nested classes annotated with @Configuration.
2026-03-03 19:06:30 [] INFO  - Found @SpringBootConfiguration com.site.webapp.WebappApplication for test class com.site.webapp.repo.UserRepositoryTest
2026-03-03 19:06:30 [] WARN  - Caught exception while allowing TestExecutionListener [org.springframework.test.context.web.ServletTestExecutionListener] to prepare test instance [com.site.webapp.repo.UserRepositoryTest@281ca256]
java.lang.IllegalStateException: ApplicationContext failure threshold (1) exceeded: skipping repeated attempt to load context for [WebMergedContextConfiguration@3a8ead9 testClass = com.site.webapp.repo.UserRepositoryTest, locations = [], classes = [com.site.webapp.WebappApplication], contextInitializerClasses = [], activeProfiles = [], propertySourceDescriptors = [], propertySourceProperties = ["org.springframework.boot.test.context.SpringBootTestContextBootstrapper=true"], contextCustomizers = [org.springframework.boot.test.context.PropertyMappingContextCustomizer@0, org.springframework.boot.test.context.filter.ExcludeFilterContextCustomizer@5dda6f9, org.springframework.boot.test.json.DuplicateJsonObjectContextCustomizerFactory$DuplicateJsonObjectContextCustomizer@67af833b, org.springframework.test.context.support.DynamicPropertiesContextCustomizer@0, org.springframework.boot.webmvc.test.autoconfigure.WebDriverContextCustomizer@7646731d, org.springframework.boot.web.server.context.SpringBootTestRandomPortContextCustomizerFactory$Customizer@5a4bef8, org.springframework.boot.test.autoconfigure.OnFailureConditionReportContextCustomizerFactory$OnFailureConditionReportContextCustomizer@5d8445d7, org.springframework.boot.test.context.SpringBootTestAnnotation@81eefd6a], resourceBasePath = "src/main/webapp", contextLoader = org.springframework.boot.test.context.SpringBootContextLoader, parent = null]
	at org.springframework.test.context.cache.DefaultCacheAwareContextLoaderDelegate.loadContext(DefaultCacheAwareContextLoaderDelegate.java:157)
	at org.springframework.test.context.support.DefaultTestContext.getApplicationContext(DefaultTestContext.java:128)
	at org.springframework.test.context.web.ServletTestExecutionListener.setUpRequestContextIfNecessary(ServletTestExecutionListener.java:200)
	at org.springframework.test.context.web.ServletTestExecutionListener.prepareTestInstance(ServletTestExecutionListener.java:139)
	at org.springframework.test.context.TestContextManager.prepareTestInstance(TestContextManager.java:260)
	at org.springframework.test.context.junit.jupiter.SpringExtension.postProcessTestInstance(SpringExtension.java:203)
	at org.junit.jupiter.engine.descriptor.ClassBasedTestDescriptor.lambda$invokeTestInstancePostProcessors$1(ClassBasedTestDescriptor.java:423)
	at org.junit.jupiter.engine.descriptor.ClassBasedTestDescriptor.executeAndMaskThrowable(ClassBasedTestDescriptor.java:428)
	at org.junit.jupiter.engine.descriptor.ClassBasedTestDescriptor.lambda$invokeTestInstancePostProcessors$0(ClassBasedTestDescriptor.java:422)
	at java.base/java.util.stream.ForEachOps$ForEachOp$OfRef.accept(ForEachOps.java:184)
	at java.base/java.util.stream.ReferencePipeline$3$1.accept(ReferencePipeline.java:197)
	at java.base/java.util.stream.ReferencePipeline$2$1.accept(ReferencePipeline.java:179)
	at java.base/java.util.stream.ReferencePipeline$3$1.accept(ReferencePipeline.java:197)
	at java.base/java.util.ArrayList$ArrayListSpliterator.forEachRemaining(ArrayList.java:1708)
	at java.base/java.util.stream.AbstractPipeline.copyInto(AbstractPipeline.java:509)
	at java.base/java.util.stream.AbstractPipeline.wrapAndCopyInto(AbstractPipeline.java:499)
	at java.base/java.util.stream.ForEachOps$ForEachOp.evaluateSequential(ForEachOps.java:151)
	at java.base/java.util.stream.ForEachOps$ForEachOp$OfRef.evaluateSequential(ForEachOps.java:174)
	at java.base/java.util.stream.AbstractPipeline.evaluate(AbstractPipeline.java:234)
	at java.base/java.util.stream.ReferencePipeline.forEach(ReferencePipeline.java:596)
	at org.junit.jupiter.engine.descriptor.ClassBasedTestDescriptor.invokeTestInstancePostProcessors(ClassBasedTestDescriptor.java:422)
	at org.junit.jupiter.engine.descriptor.ClassBasedTestDescriptor.lambda$instantiateAndPostProcessTestInstance$0(ClassBasedTestDescriptor.java:334)
	at org.junit.platform.engine.support.hierarchical.ThrowableCollector.execute(ThrowableCollector.java:74)
	at org.junit.jupiter.engine.descriptor.ClassBasedTestDescriptor.instantiateAndPostProcessTestInstance(ClassBasedTestDescriptor.java:333)
	at org.junit.jupiter.engine.descriptor.ClassBasedTestDescriptor.lambda$testInstancesProvider$1(ClassBasedTestDescriptor.java:322)
	at java.base/java.util.Optional.orElseGet(Optional.java:364)
	at org.junit.jupiter.engine.descriptor.ClassBasedTestDescriptor.lambda$testInstancesProvider$0(ClassBasedTestDescriptor.java:321)
	at org.junit.jupiter.engine.execution.TestInstancesProvider.getTestInstances(TestInstancesProvider.java:27)
	at org.junit.jupiter.engine.descriptor.TestMethodTestDescriptor.lambda$prepare$0(TestMethodTestDescriptor.java:127)
	at org.junit.platform.engine.support.hierarchical.ThrowableCollector.execute(ThrowableCollector.java:74)
	at org.junit.jupiter.engine.descriptor.TestMethodTestDescriptor.prepare(TestMethodTestDescriptor.java:126)
	at org.junit.jupiter.engine.descriptor.TestMethodTestDescriptor.prepare(TestMethodTestDescriptor.java:70)
	at org.junit.platform.engine.support.hierarchical.NodeTestTask.lambda$prepare$0(NodeTestTask.java:144)
	at org.junit.platform.engine.support.hierarchical.ThrowableCollector.execute(ThrowableCollector.java:74)
	at org.junit.platform.engine.support.hierarchical.NodeTestTask.prepare(NodeTestTask.java:144)
	at org.junit.platform.engine.support.hierarchical.NodeTestTask.execute(NodeTestTask.java:110)
	at java.base/java.util.ArrayList.forEach(ArrayList.java:1596)
	at org.junit.platform.engine.support.hierarchical.SameThreadHierarchicalTestExecutorService.invokeAll(SameThreadHierarchicalTestExecutorService.java:42)
	at org.junit.platform.engine.support.hierarchical.NodeTestTask.lambda$executeRecursively$2(NodeTestTask.java:180)
	at org.junit.platform.engine.support.hierarchical.ThrowableCollector.execute(ThrowableCollector.java:74)
	at org.junit.platform.engine.support.hierarchical.NodeTestTask.lambda$executeRecursively$1(NodeTestTask.java:166)
	at org.junit.platform.engine.support.hierarchical.Node.around(Node.java:138)
	at org.junit.platform.engine.support.hierarchical.NodeTestTask.lambda$executeRecursively$0(NodeTestTask.java:164)
	at org.junit.platform.engine.support.hierarchical.ThrowableCollector.execute(ThrowableCollector.java:74)
	at org.junit.platform.engine.support.hierarchical.NodeTestTask.executeRecursively(NodeTestTask.java:163)
	at org.junit.platform.engine.support.hierarchical.NodeTestTask.execute(NodeTestTask.java:116)
	at java.base/java.util.ArrayList.forEach(ArrayList.java:1596)
	at org.junit.platform.engine.support.hierarchical.SameThreadHierarchicalTestExecutorService.invokeAll(SameThreadHierarchicalTestExecutorService.java:42)
	at org.junit.platform.engine.support.hierarchical.NodeTestTask.lambda$executeRecursively$2(NodeTestTask.java:180)
	at org.junit.platform.engine.support.hierarchical.ThrowableCollector.execute(ThrowableCollector.java:74)
	at org.junit.platform.engine.support.hierarchical.NodeTestTask.lambda$executeRecursively$1(NodeTestTask.java:166)
	at org.junit.platform.engine.support.hierarchical.Node.around(Node.java:138)
	at org.junit.platform.engine.support.hierarchical.NodeTestTask.lambda$executeRecursively$0(NodeTestTask.java:164)
	at org.junit.platform.engine.support.hierarchical.ThrowableCollector.execute(ThrowableCollector.java:74)
	at org.junit.platform.engine.support.hierarchical.NodeTestTask.executeRecursively(NodeTestTask.java:163)
	at org.junit.platform.engine.support.hierarchical.NodeTestTask.execute(NodeTestTask.java:116)
	at org.junit.platform.engine.support.hierarchical.SameThreadHierarchicalTestExecutorService.submit(SameThreadHierarchicalTestExecutorService.java:36)
	at org.junit.platform.engine.support.hierarchical.HierarchicalTestExecutor.execute(HierarchicalTestExecutor.java:52)
	at org.junit.platform.engine.support.hierarchical.HierarchicalTestEngine.execute(HierarchicalTestEngine.java:58)
	at org.junit.platform.launcher.core.EngineExecutionOrchestrator.executeEngine(EngineExecutionOrchestrator.java:246)
	at org.junit.platform.launcher.core.EngineExecutionOrchestrator.failOrExecuteEngine(EngineExecutionOrchestrator.java:218)
	at org.junit.platform.launcher.core.EngineExecutionOrchestrator.execute(EngineExecutionOrchestrator.java:179)
	at org.junit.platform.launcher.core.EngineExecutionOrchestrator.execute(EngineExecutionOrchestrator.java:108)
	at org.junit.platform.launcher.core.EngineExecutionOrchestrator.lambda$execute$0(EngineExecutionOrchestrator.java:66)
	at org.junit.platform.launcher.core.EngineExecutionOrchestrator.withInterceptedStreams(EngineExecutionOrchestrator.java:157)
	at org.junit.platform.launcher.core.EngineExecutionOrchestrator.execute(EngineExecutionOrchestrator.java:65)
	at org.junit.platform.launcher.core.DefaultLauncher.execute(DefaultLauncher.java:125)
	at org.junit.platform.launcher.core.DefaultLauncher.execute(DefaultLauncher.java:114)
	at org.junit.platform.launcher.core.DefaultLauncher.execute(DefaultLauncher.java:93)
	at org.junit.platform.launcher.core.DelegatingLauncher.execute(DelegatingLauncher.java:48)
	at org.junit.platform.launcher.core.InterceptingLauncher.lambda$execute$0(InterceptingLauncher.java:41)
	at org.junit.platform.launcher.core.ClasspathAlignmentCheckingLauncherInterceptor.intercept(ClasspathAlignmentCheckingLauncherInterceptor.java:25)
	at org.junit.platform.launcher.core.InterceptingLauncher.execute(InterceptingLauncher.java:40)
	at org.junit.platform.launcher.core.DelegatingLauncher.execute(DelegatingLauncher.java:48)
	at org.junit.platform.launcher.core.SessionPerRequestLauncher.execute(SessionPerRequestLauncher.java:67)
	at com.intellij.junit5.JUnit5IdeaTestRunner.startRunnerWithArgs(JUnit5IdeaTestRunner.java:57)
	at com.intellij.rt.junit.IdeaTestRunner$Repeater$1.execute(IdeaTestRunner.java:38)
	at com.intellij.rt.execution.junit.TestsRepeater.repeat(TestsRepeater.java:11)
	at com.intellij.rt.junit.IdeaTestRunner$Repeater.startRunnerWithArgs(IdeaTestRunner.java:35)
	at com.intellij.rt.junit.JUnitStarter.prepareStreamsAndStart(JUnitStarter.java:231)
	at com.intellij.rt.junit.JUnitStarter.main(JUnitStarter.java:55)
2026-03-03 19:06:30 [] INFO  - Could not detect default configuration classes for test class [com.site.webapp.controllers.RegistrationControllerTest]: RegistrationControllerTest does not declare any static, non-private, non-final, nested classes annotated with @Configuration.
2026-03-03 19:06:30 [] INFO  - Found @SpringBootConfiguration com.site.webapp.WebappApplication for test class com.site.webapp.controllers.RegistrationControllerTest
2026-03-03 19:06:30 [] WARN  - Caught exception while allowing TestExecutionListener [org.springframework.test.context.web.ServletTestExecutionListener] to prepare test instance [com.site.webapp.controllers.RegistrationControllerTest@5690c2a8]
java.lang.IllegalStateException: ApplicationContext failure threshold (1) exceeded: skipping repeated attempt to load context for [WebMergedContextConfiguration@694b1ddb testClass = com.site.webapp.controllers.RegistrationControllerTest, locations = [], classes = [com.site.webapp.WebappApplication], contextInitializerClasses = [], activeProfiles = [], propertySourceDescriptors = [], propertySourceProperties = ["org.springframework.boot.test.context.SpringBootTestContextBootstrapper=true"], contextCustomizers = [org.springframework.boot.test.context.PropertyMappingContextCustomizer@0, org.springframework.boot.test.context.filter.ExcludeFilterContextCustomizer@5dda6f9, org.springframework.boot.test.json.DuplicateJsonObjectContextCustomizerFactory$DuplicateJsonObjectContextCustomizer@67af833b, org.springframework.test.context.support.DynamicPropertiesContextCustomizer@0, org.springframework.boot.webmvc.test.autoconfigure.WebDriverContextCustomizer@7646731d, org.springframework.boot.web.server.context.SpringBootTestRandomPortContextCustomizerFactory$Customizer@5a4bef8, org.springframework.boot.test.autoconfigure.OnFailureConditionReportContextCustomizerFactory$OnFailureConditionReportContextCustomizer@5d8445d7, org.springframework.boot.test.context.SpringBootTestAnnotation@81eefd6a], resourceBasePath = "src/main/webapp", contextLoader = org.springframework.boot.test.context.SpringBootContextLoader, parent = null]
	at org.springframework.test.context.cache.DefaultCacheAwareContextLoaderDelegate.loadContext(DefaultCacheAwareContextLoaderDelegate.java:157)
	at org.springframework.test.context.support.DefaultTestContext.getApplicationContext(DefaultTestContext.java:128)
	at org.springframework.test.context.web.ServletTestExecutionListener.setUpRequestContextIfNecessary(ServletTestExecutionListener.java:200)
	at org.springframework.test.context.web.ServletTestExecutionListener.prepareTestInstance(ServletTestExecutionListener.java:139)
	at org.springframework.test.context.TestContextManager.prepareTestInstance(TestContextManager.java:260)
	at org.springframework.test.context.junit.jupiter.SpringExtension.postProcessTestInstance(SpringExtension.java:203)
	at org.junit.jupiter.engine.descriptor.ClassBasedTestDescriptor.lambda$invokeTestInstancePostProcessors$1(ClassBasedTestDescriptor.java:423)
	at org.junit.jupiter.engine.descriptor.ClassBasedTestDescriptor.executeAndMaskThrowable(ClassBasedTestDescriptor.java:428)
	at org.junit.jupiter.engine.descriptor.ClassBasedTestDescriptor.lambda$invokeTestInstancePostProcessors$0(ClassBasedTestDescriptor.java:422)
	at java.base/java.util.stream.ForEachOps$ForEachOp$OfRef.accept(ForEachOps.java:184)
	at java.base/java.util.stream.ReferencePipeline$3$1.accept(ReferencePipeline.java:197)
	at java.base/java.util.stream.ReferencePipeline$2$1.accept(ReferencePipeline.java:179)
	at java.base/java.util.stream.ReferencePipeline$3$1.accept(ReferencePipeline.java:197)
	at java.base/java.util.ArrayList$ArrayListSpliterator.forEachRemaining(ArrayList.java:1708)
	at java.base/java.util.stream.AbstractPipeline.copyInto(AbstractPipeline.java:509)
	at java.base/java.util.stream.AbstractPipeline.wrapAndCopyInto(AbstractPipeline.java:499)
	at java.base/java.util.stream.ForEachOps$ForEachOp.evaluateSequential(ForEachOps.java:151)
	at java.base/java.util.stream.ForEachOps$ForEachOp$OfRef.evaluateSequential(ForEachOps.java:174)
	at java.base/java.util.stream.AbstractPipeline.evaluate(AbstractPipeline.java:234)
	at java.base/java.util.stream.ReferencePipeline.forEach(ReferencePipeline.java:596)
	at org.junit.jupiter.engine.descriptor.ClassBasedTestDescriptor.invokeTestInstancePostProcessors(ClassBasedTestDescriptor.java:422)
	at org.junit.jupiter.engine.descriptor.ClassBasedTestDescriptor.lambda$instantiateAndPostProcessTestInstance$0(ClassBasedTestDescriptor.java:334)
	at org.junit.platform.engine.support.hierarchical.ThrowableCollector.execute(ThrowableCollector.java:74)
	at org.junit.jupiter.engine.descriptor.ClassBasedTestDescriptor.instantiateAndPostProcessTestInstance(ClassBasedTestDescriptor.java:333)
	at org.junit.jupiter.engine.descriptor.ClassBasedTestDescriptor.lambda$testInstancesProvider$1(ClassBasedTestDescriptor.java:322)
	at java.base/java.util.Optional.orElseGet(Optional.java:364)
	at org.junit.jupiter.engine.descriptor.ClassBasedTestDescriptor.lambda$testInstancesProvider$0(ClassBasedTestDescriptor.java:321)
	at org.junit.jupiter.engine.execution.TestInstancesProvider.getTestInstances(TestInstancesProvider.java:27)
	at org.junit.jupiter.engine.descriptor.TestMethodTestDescriptor.lambda$prepare$0(TestMethodTestDescriptor.java:127)
	at org.junit.platform.engine.support.hierarchical.ThrowableCollector.execute(ThrowableCollector.java:74)
	at org.junit.jupiter.engine.descriptor.TestMethodTestDescriptor.prepare(TestMethodTestDescriptor.java:126)
	at org.junit.jupiter.engine.descriptor.TestMethodTestDescriptor.prepare(TestMethodTestDescriptor.java:70)
	at org.junit.platform.engine.support.hierarchical.NodeTestTask.lambda$prepare$0(NodeTestTask.java:144)
	at org.junit.platform.engine.support.hierarchical.ThrowableCollector.execute(ThrowableCollector.java:74)
	at org.junit.platform.engine.support.hierarchical.NodeTestTask.prepare(NodeTestTask.java:144)
	at org.junit.platform.engine.support.hierarchical.NodeTestTask.execute(NodeTestTask.java:110)
	at java.base/java.util.ArrayList.forEach(ArrayList.java:1596)
	at org.junit.platform.engine.support.hierarchical.SameThreadHierarchicalTestExecutorService.invokeAll(SameThreadHierarchicalTestExecutorService.java:42)
	at org.junit.platform.engine.support.hierarchical.NodeTestTask.lambda$executeRecursively$2(NodeTestTask.java:180)
	at org.junit.platform.engine.support.hierarchical.ThrowableCollector.execute(ThrowableCollector.java:74)
	at org.junit.platform.engine.support.hierarchical.NodeTestTask.lambda$executeRecursively$1(NodeTestTask.java:166)
	at org.junit.platform.engine.support.hierarchical.Node.around(Node.java:138)
	at org.junit.platform.engine.support.hierarchical.NodeTestTask.lambda$executeRecursively$0(NodeTestTask.java:164)
	at org.junit.platform.engine.support.hierarchical.ThrowableCollector.execute(ThrowableCollector.java:74)
	at org.junit.platform.engine.support.hierarchical.NodeTestTask.executeRecursively(NodeTestTask.java:163)
	at org.junit.platform.engine.support.hierarchical.NodeTestTask.execute(NodeTestTask.java:116)
	at java.base/java.util.ArrayList.forEach(ArrayList.java:1596)
	at org.junit.platform.engine.support.hierarchical.SameThreadHierarchicalTestExecutorService.invokeAll(SameThreadHierarchicalTestExecutorService.java:42)
	at org.junit.platform.engine.support.hierarchical.NodeTestTask.lambda$executeRecursively$2(NodeTestTask.java:180)
	at org.junit.platform.engine.support.hierarchical.ThrowableCollector.execute(ThrowableCollector.java:74)
	at org.junit.platform.engine.support.hierarchical.NodeTestTask.lambda$executeRecursively$1(NodeTestTask.java:166)
	at org.junit.platform.engine.support.hierarchical.Node.around(Node.java:138)
	at org.junit.platform.engine.support.hierarchical.NodeTestTask.lambda$executeRecursively$0(NodeTestTask.java:164)
	at org.junit.platform.engine.support.hierarchical.ThrowableCollector.execute(ThrowableCollector.java:74)
	at org.junit.platform.engine.support.hierarchical.NodeTestTask.executeRecursively(NodeTestTask.java:163)
	at org.junit.platform.engine.support.hierarchical.NodeTestTask.execute(NodeTestTask.java:116)
	at org.junit.platform.engine.support.hierarchical.SameThreadHierarchicalTestExecutorService.submit(SameThreadHierarchicalTestExecutorService.java:36)
	at org.junit.platform.engine.support.hierarchical.HierarchicalTestExecutor.execute(HierarchicalTestExecutor.java:52)
	at org.junit.platform.engine.support.hierarchical.HierarchicalTestEngine.execute(HierarchicalTestEngine.java:58)
	at org.junit.platform.launcher.core.EngineExecutionOrchestrator.executeEngine(EngineExecutionOrchestrator.java:246)
	at org.junit.platform.launcher.core.EngineExecutionOrchestrator.failOrExecuteEngine(EngineExecutionOrchestrator.java:218)
	at org.junit.platform.launcher.core.EngineExecutionOrchestrator.execute(EngineExecutionOrchestrator.java:179)
	at org.junit.platform.launcher.core.EngineExecutionOrchestrator.execute(EngineExecutionOrchestrator.java:108)
	at org.junit.platform.launcher.core.EngineExecutionOrchestrator.lambda$execute$0(EngineExecutionOrchestrator.java:66)
	at org.junit.platform.launcher.core.EngineExecutionOrchestrator.withInterceptedStreams(EngineExecutionOrchestrator.java:157)
	at org.junit.platform.launcher.core.EngineExecutionOrchestrator.execute(EngineExecutionOrchestrator.java:65)
	at org.junit.platform.launcher.core.DefaultLauncher.execute(DefaultLauncher.java:125)
	at org.junit.platform.launcher.core.DefaultLauncher.execute(DefaultLauncher.java:114)
	at org.junit.platform.launcher.core.DefaultLauncher.execute(DefaultLauncher.java:93)
	at org.junit.platform.launcher.core.DelegatingLauncher.execute(DelegatingLauncher.java:48)
	at org.junit.platform.launcher.core.InterceptingLauncher.lambda$execute$0(InterceptingLauncher.java:41)
	at org.junit.platform.launcher.core.ClasspathAlignmentCheckingLauncherInterceptor.intercept(ClasspathAlignmentCheckingLauncherInterceptor.java:25)
	at org.junit.platform.launcher.core.InterceptingLauncher.execute(InterceptingLauncher.java:40)
	at org.junit.platform.launcher.core.DelegatingLauncher.execute(DelegatingLauncher.java:48)
	at org.junit.platform.launcher.core.SessionPerRequestLauncher.execute(SessionPerRequestLauncher.java:67)
	at com.intellij.junit5.JUnit5IdeaTestRunner.startRunnerWithArgs(JUnit5IdeaTestRunner.java:57)
	at com.intellij.rt.junit.IdeaTestRunner$Repeater$1.execute(IdeaTestRunner.java:38)
	at com.intellij.rt.execution.junit.TestsRepeater.repeat(TestsRepeater.java:11)
	at com.intellij.rt.junit.IdeaTestRunner$Repeater.startRunnerWithArgs(IdeaTestRunner.java:35)
	at com.intellij.rt.junit.JUnitStarter.prepareStreamsAndStart(JUnitStarter.java:231)
	at com.intellij.rt.junit.JUnitStarter.main(JUnitStarter.java:55)
2026-03-03 19:06:30 [] WARN  - Caught exception while allowing TestExecutionListener [org.springframework.test.context.web.ServletTestExecutionListener] to prepare test instance [com.site.webapp.controllers.RegistrationControllerTest@4d2bc56a]
java.lang.IllegalStateException: ApplicationContext failure threshold (1) exceeded: skipping repeated attempt to load context for [WebMergedContextConfiguration@694b1ddb testClass = com.site.webapp.controllers.RegistrationControllerTest, locations = [], classes = [com.site.webapp.WebappApplication], contextInitializerClasses = [], activeProfiles = [], propertySourceDescriptors = [], propertySourceProperties = ["org.springframework.boot.test.context.SpringBootTestContextBootstrapper=true"], contextCustomizers = [org.springframework.boot.test.context.PropertyMappingContextCustomizer@0, org.springframework.boot.test.context.filter.ExcludeFilterContextCustomizer@5dda6f9, org.springframework.boot.test.json.DuplicateJsonObjectContextCustomizerFactory$DuplicateJsonObjectContextCustomizer@67af833b, org.springframework.test.context.support.DynamicPropertiesContextCustomizer@0, org.springframework.boot.webmvc.test.autoconfigure.WebDriverContextCustomizer@7646731d, org.springframework.boot.web.server.context.SpringBootTestRandomPortContextCustomizerFactory$Customizer@5a4bef8, org.springframework.boot.test.autoconfigure.OnFailureConditionReportContextCustomizerFactory$OnFailureConditionReportContextCustomizer@5d8445d7, org.springframework.boot.test.context.SpringBootTestAnnotation@81eefd6a], resourceBasePath = "src/main/webapp", contextLoader = org.springframework.boot.test.context.SpringBootContextLoader, parent = null]
	at org.springframework.test.context.cache.DefaultCacheAwareContextLoaderDelegate.loadContext(DefaultCacheAwareContextLoaderDelegate.java:157)
	at org.springframework.test.context.support.DefaultTestContext.getApplicationContext(DefaultTestContext.java:128)
	at org.springframework.test.context.web.ServletTestExecutionListener.setUpRequestContextIfNecessary(ServletTestExecutionListener.java:200)
	at org.springframework.test.context.web.ServletTestExecutionListener.prepareTestInstance(ServletTestExecutionListener.java:139)
	at org.springframework.test.context.TestContextManager.prepareTestInstance(TestContextManager.java:260)
	at org.springframework.test.context.junit.jupiter.SpringExtension.postProcessTestInstance(SpringExtension.java:203)
	at org.junit.jupiter.engine.descriptor.ClassBasedTestDescriptor.lambda$invokeTestInstancePostProcessors$1(ClassBasedTestDescriptor.java:423)
	at org.junit.jupiter.engine.descriptor.ClassBasedTestDescriptor.executeAndMaskThrowable(ClassBasedTestDescriptor.java:428)
	at org.junit.jupiter.engine.descriptor.ClassBasedTestDescriptor.lambda$invokeTestInstancePostProcessors$0(ClassBasedTestDescriptor.java:422)
	at java.base/java.util.stream.ForEachOps$ForEachOp$OfRef.accept(ForEachOps.java:184)
	at java.base/java.util.stream.ReferencePipeline$3$1.accept(ReferencePipeline.java:197)
	at java.base/java.util.stream.ReferencePipeline$2$1.accept(ReferencePipeline.java:179)
	at java.base/java.util.stream.ReferencePipeline$3$1.accept(ReferencePipeline.java:197)
	at java.base/java.util.ArrayList$ArrayListSpliterator.forEachRemaining(ArrayList.java:1708)
	at java.base/java.util.stream.AbstractPipeline.copyInto(AbstractPipeline.java:509)
	at java.base/java.util.stream.AbstractPipeline.wrapAndCopyInto(AbstractPipeline.java:499)
	at java.base/java.util.stream.ForEachOps$ForEachOp.evaluateSequential(ForEachOps.java:151)
	at java.base/java.util.stream.ForEachOps$ForEachOp$OfRef.evaluateSequential(ForEachOps.java:174)
	at java.base/java.util.stream.AbstractPipeline.evaluate(AbstractPipeline.java:234)
	at java.base/java.util.stream.ReferencePipeline.forEach(ReferencePipeline.java:596)
	at org.junit.jupiter.engine.descriptor.ClassBasedTestDescriptor.invokeTestInstancePostProcessors(ClassBasedTestDescriptor.java:422)
	at org.junit.jupiter.engine.descriptor.ClassBasedTestDescriptor.lambda$instantiateAndPostProcessTestInstance$0(ClassBasedTestDescriptor.java:334)
	at org.junit.platform.engine.support.hierarchical.ThrowableCollector.execute(ThrowableCollector.java:74)
	at org.junit.jupiter.engine.descriptor.ClassBasedTestDescriptor.instantiateAndPostProcessTestInstance(ClassBasedTestDescriptor.java:333)
	at org.junit.jupiter.engine.descriptor.ClassBasedTestDescriptor.lambda$testInstancesProvider$1(ClassBasedTestDescriptor.java:322)
	at java.base/java.util.Optional.orElseGet(Optional.java:364)
	at org.junit.jupiter.engine.descriptor.ClassBasedTestDescriptor.lambda$testInstancesProvider$0(ClassBasedTestDescriptor.java:321)
	at org.junit.jupiter.engine.execution.TestInstancesProvider.getTestInstances(TestInstancesProvider.java:27)
	at org.junit.jupiter.engine.descriptor.TestMethodTestDescriptor.lambda$prepare$0(TestMethodTestDescriptor.java:127)
	at org.junit.platform.engine.support.hierarchical.ThrowableCollector.execute(ThrowableCollector.java:74)
	at org.junit.jupiter.engine.descriptor.TestMethodTestDescriptor.prepare(TestMethodTestDescriptor.java:126)
	at org.junit.jupiter.engine.descriptor.TestMethodTestDescriptor.prepare(TestMethodTestDescriptor.java:70)
	at org.junit.platform.engine.support.hierarchical.NodeTestTask.lambda$prepare$0(NodeTestTask.java:144)
	at org.junit.platform.engine.support.hierarchical.ThrowableCollector.execute(ThrowableCollector.java:74)
	at org.junit.platform.engine.support.hierarchical.NodeTestTask.prepare(NodeTestTask.java:144)
	at org.junit.platform.engine.support.hierarchical.NodeTestTask.execute(NodeTestTask.java:110)
	at java.base/java.util.ArrayList.forEach(ArrayList.java:1596)
	at org.junit.platform.engine.support.hierarchical.SameThreadHierarchicalTestExecutorService.invokeAll(SameThreadHierarchicalTestExecutorService.java:42)
	at org.junit.platform.engine.support.hierarchical.NodeTestTask.lambda$executeRecursively$2(NodeTestTask.java:180)
	at org.junit.platform.engine.support.hierarchical.ThrowableCollector.execute(ThrowableCollector.java:74)
	at org.junit.platform.engine.support.hierarchical.NodeTestTask.lambda$executeRecursively$1(NodeTestTask.java:166)
	at org.junit.platform.engine.support.hierarchical.Node.around(Node.java:138)
	at org.junit.platform.engine.support.hierarchical.NodeTestTask.lambda$executeRecursively$0(NodeTestTask.java:164)
	at org.junit.platform.engine.support.hierarchical.ThrowableCollector.execute(ThrowableCollector.java:74)
	at org.junit.platform.engine.support.hierarchical.NodeTestTask.executeRecursively(NodeTestTask.java:163)
	at org.junit.platform.engine.support.hierarchical.NodeTestTask.execute(NodeTestTask.java:116)
	at java.base/java.util.ArrayList.forEach(ArrayList.java:1596)
	at org.junit.platform.engine.support.hierarchical.SameThreadHierarchicalTestExecutorService.invokeAll(SameThreadHierarchicalTestExecutorService.java:42)
	at org.junit.platform.engine.support.hierarchical.NodeTestTask.lambda$executeRecursively$2(NodeTestTask.java:180)
	at org.junit.platform.engine.support.hierarchical.ThrowableCollector.execute(ThrowableCollector.java:74)
	at org.junit.platform.engine.support.hierarchical.NodeTestTask.lambda$executeRecursively$1(NodeTestTask.java:166)
	at org.junit.platform.engine.support.hierarchical.Node.around(Node.java:138)
	at org.junit.platform.engine.support.hierarchical.NodeTestTask.lambda$executeRecursively$0(NodeTestTask.java:164)
	at org.junit.platform.engine.support.hierarchical.ThrowableCollector.execute(ThrowableCollector.java:74)
	at org.junit.platform.engine.support.hierarchical.NodeTestTask.executeRecursively(NodeTestTask.java:163)
	at org.junit.platform.engine.support.hierarchical.NodeTestTask.execute(NodeTestTask.java:116)
	at org.junit.platform.engine.support.hierarchical.SameThreadHierarchicalTestExecutorService.submit(SameThreadHierarchicalTestExecutorService.java:36)
	at org.junit.platform.engine.support.hierarchical.HierarchicalTestExecutor.execute(HierarchicalTestExecutor.java:52)
	at org.junit.platform.engine.support.hierarchical.HierarchicalTestEngine.execute(HierarchicalTestEngine.java:58)
	at org.junit.platform.launcher.core.EngineExecutionOrchestrator.executeEngine(EngineExecutionOrchestrator.java:246)
	at org.junit.platform.launcher.core.EngineExecutionOrchestrator.failOrExecuteEngine(EngineExecutionOrchestrator.java:218)
	at org.junit.platform.launcher.core.EngineExecutionOrchestrator.execute(EngineExecutionOrchestrator.java:179)
	at org.junit.platform.launcher.core.EngineExecutionOrchestrator.execute(EngineExecutionOrchestrator.java:108)
	at org.junit.platform.launcher.core.EngineExecutionOrchestrator.lambda$execute$0(EngineExecutionOrchestrator.java:66)
	at org.junit.platform.launcher.core.EngineExecutionOrchestrator.withInterceptedStreams(EngineExecutionOrchestrator.java:157)
	at org.junit.platform.launcher.core.EngineExecutionOrchestrator.execute(EngineExecutionOrchestrator.java:65)
	at org.junit.platform.launcher.core.DefaultLauncher.execute(DefaultLauncher.java:125)
	at org.junit.platform.launcher.core.DefaultLauncher.execute(DefaultLauncher.java:114)
	at org.junit.platform.launcher.core.DefaultLauncher.execute(DefaultLauncher.java:93)
	at org.junit.platform.launcher.core.DelegatingLauncher.execute(DelegatingLauncher.java:48)
	at org.junit.platform.launcher.core.InterceptingLauncher.lambda$execute$0(InterceptingLauncher.java:41)
	at org.junit.platform.launcher.core.ClasspathAlignmentCheckingLauncherInterceptor.intercept(ClasspathAlignmentCheckingLauncherInterceptor.java:25)
	at org.junit.platform.launcher.core.InterceptingLauncher.execute(InterceptingLauncher.java:40)
	at org.junit.platform.launcher.core.DelegatingLauncher.execute(DelegatingLauncher.java:48)
	at org.junit.platform.launcher.core.SessionPerRequestLauncher.execute(SessionPerRequestLauncher.java:67)
	at com.intellij.junit5.JUnit5IdeaTestRunner.startRunnerWithArgs(JUnit5IdeaTestRunner.java:57)
	at com.intellij.rt.junit.IdeaTestRunner$Repeater$1.execute(IdeaTestRunner.java:38)
	at com.intellij.rt.execution.junit.TestsRepeater.repeat(TestsRepeater.java:11)
	at com.intellij.rt.junit.IdeaTestRunner$Repeater.startRunnerWithArgs(IdeaTestRunner.java:35)
	at com.intellij.rt.junit.JUnitStarter.prepareStreamsAndStart(JUnitStarter.java:231)
	at com.intellij.rt.junit.JUnitStarter.main(JUnitStarter.java:55)
2026-03-03 19:06:30 [] WARN  - Caught exception while allowing TestExecutionListener [org.springframework.test.context.web.ServletTestExecutionListener] to prepare test instance [com.site.webapp.controllers.RegistrationControllerTest@2c6aa46c]
java.lang.IllegalStateException: ApplicationContext failure threshold (1) exceeded: skipping repeated attempt to load context for [WebMergedContextConfiguration@694b1ddb testClass = com.site.webapp.controllers.RegistrationControllerTest, locations = [], classes = [com.site.webapp.WebappApplication], contextInitializerClasses = [], activeProfiles = [], propertySourceDescriptors = [], propertySourceProperties = ["org.springframework.boot.test.context.SpringBootTestContextBootstrapper=true"], contextCustomizers = [org.springframework.boot.test.context.PropertyMappingContextCustomizer@0, org.springframework.boot.test.context.filter.ExcludeFilterContextCustomizer@5dda6f9, org.springframework.boot.test.json.DuplicateJsonObjectContextCustomizerFactory$DuplicateJsonObjectContextCustomizer@67af833b, org.springframework.test.context.support.DynamicPropertiesContextCustomizer@0, org.springframework.boot.webmvc.test.autoconfigure.WebDriverContextCustomizer@7646731d, org.springframework.boot.web.server.context.SpringBootTestRandomPortContextCustomizerFactory$Customizer@5a4bef8, org.springframework.boot.test.autoconfigure.OnFailureConditionReportContextCustomizerFactory$OnFailureConditionReportContextCustomizer@5d8445d7, org.springframework.boot.test.context.SpringBootTestAnnotation@81eefd6a], resourceBasePath = "src/main/webapp", contextLoader = org.springframework.boot.test.context.SpringBootContextLoader, parent = null]
	at org.springframework.test.context.cache.DefaultCacheAwareContextLoaderDelegate.loadContext(DefaultCacheAwareContextLoaderDelegate.java:157)
	at org.springframework.test.context.support.DefaultTestContext.getApplicationContext(DefaultTestContext.java:128)
	at org.springframework.test.context.web.ServletTestExecutionListener.setUpRequestContextIfNecessary(ServletTestExecutionListener.java:200)
	at org.springframework.test.context.web.ServletTestExecutionListener.prepareTestInstance(ServletTestExecutionListener.java:139)
	at org.springframework.test.context.TestContextManager.prepareTestInstance(TestContextManager.java:260)
	at org.springframework.test.context.junit.jupiter.SpringExtension.postProcessTestInstance(SpringExtension.java:203)
	at org.junit.jupiter.engine.descriptor.ClassBasedTestDescriptor.lambda$invokeTestInstancePostProcessors$1(ClassBasedTestDescriptor.java:423)
	at org.junit.jupiter.engine.descriptor.ClassBasedTestDescriptor.executeAndMaskThrowable(ClassBasedTestDescriptor.java:428)
	at org.junit.jupiter.engine.descriptor.ClassBasedTestDescriptor.lambda$invokeTestInstancePostProcessors$0(ClassBasedTestDescriptor.java:422)
	at java.base/java.util.stream.ForEachOps$ForEachOp$OfRef.accept(ForEachOps.java:184)
	at java.base/java.util.stream.ReferencePipeline$3$1.accept(ReferencePipeline.java:197)
	at java.base/java.util.stream.ReferencePipeline$2$1.accept(ReferencePipeline.java:179)
	at java.base/java.util.stream.ReferencePipeline$3$1.accept(ReferencePipeline.java:197)
	at java.base/java.util.ArrayList$ArrayListSpliterator.forEachRemaining(ArrayList.java:1708)
	at java.base/java.util.stream.AbstractPipeline.copyInto(AbstractPipeline.java:509)
	at java.base/java.util.stream.AbstractPipeline.wrapAndCopyInto(AbstractPipeline.java:499)
	at java.base/java.util.stream.ForEachOps$ForEachOp.evaluateSequential(ForEachOps.java:151)
	at java.base/java.util.stream.ForEachOps$ForEachOp$OfRef.evaluateSequential(ForEachOps.java:174)
	at java.base/java.util.stream.AbstractPipeline.evaluate(AbstractPipeline.java:234)
	at java.base/java.util.stream.ReferencePipeline.forEach(ReferencePipeline.java:596)
	at org.junit.jupiter.engine.descriptor.ClassBasedTestDescriptor.invokeTestInstancePostProcessors(ClassBasedTestDescriptor.java:422)
	at org.junit.jupiter.engine.descriptor.ClassBasedTestDescriptor.lambda$instantiateAndPostProcessTestInstance$0(ClassBasedTestDescriptor.java:334)
	at org.junit.platform.engine.support.hierarchical.ThrowableCollector.execute(ThrowableCollector.java:74)
	at org.junit.jupiter.engine.descriptor.ClassBasedTestDescriptor.instantiateAndPostProcessTestInstance(ClassBasedTestDescriptor.java:333)
	at org.junit.jupiter.engine.descriptor.ClassBasedTestDescriptor.lambda$testInstancesProvider$1(ClassBasedTestDescriptor.java:322)
	at java.base/java.util.Optional.orElseGet(Optional.java:364)
	at org.junit.jupiter.engine.descriptor.ClassBasedTestDescriptor.lambda$testInstancesProvider$0(ClassBasedTestDescriptor.java:321)
	at org.junit.jupiter.engine.execution.TestInstancesProvider.getTestInstances(TestInstancesProvider.java:27)
	at org.junit.jupiter.engine.descriptor.TestMethodTestDescriptor.lambda$prepare$0(TestMethodTestDescriptor.java:127)
	at org.junit.platform.engine.support.hierarchical.ThrowableCollector.execute(ThrowableCollector.java:74)
	at org.junit.jupiter.engine.descriptor.TestMethodTestDescriptor.prepare(TestMethodTestDescriptor.java:126)
	at org.junit.jupiter.engine.descriptor.TestMethodTestDescriptor.prepare(TestMethodTestDescriptor.java:70)
	at org.junit.platform.engine.support.hierarchical.NodeTestTask.lambda$prepare$0(NodeTestTask.java:144)
	at org.junit.platform.engine.support.hierarchical.ThrowableCollector.execute(ThrowableCollector.java:74)
	at org.junit.platform.engine.support.hierarchical.NodeTestTask.prepare(NodeTestTask.java:144)
	at org.junit.platform.engine.support.hierarchical.NodeTestTask.execute(NodeTestTask.java:110)
	at java.base/java.util.ArrayList.forEach(ArrayList.java:1596)
	at org.junit.platform.engine.support.hierarchical.SameThreadHierarchicalTestExecutorService.invokeAll(SameThreadHierarchicalTestExecutorService.java:42)
	at org.junit.platform.engine.support.hierarchical.NodeTestTask.lambda$executeRecursively$2(NodeTestTask.java:180)
	at org.junit.platform.engine.support.hierarchical.ThrowableCollector.execute(ThrowableCollector.java:74)
	at org.junit.platform.engine.support.hierarchical.NodeTestTask.lambda$executeRecursively$1(NodeTestTask.java:166)
	at org.junit.platform.engine.support.hierarchical.Node.around(Node.java:138)
	at org.junit.platform.engine.support.hierarchical.NodeTestTask.lambda$executeRecursively$0(NodeTestTask.java:164)
	at org.junit.platform.engine.support.hierarchical.ThrowableCollector.execute(ThrowableCollector.java:74)
	at org.junit.platform.engine.support.hierarchical.NodeTestTask.executeRecursively(NodeTestTask.java:163)
	at org.junit.platform.engine.support.hierarchical.NodeTestTask.execute(NodeTestTask.java:116)
	at java.base/java.util.ArrayList.forEach(ArrayList.java:1596)
	at org.junit.platform.engine.support.hierarchical.SameThreadHierarchicalTestExecutorService.invokeAll(SameThreadHierarchicalTestExecutorService.java:42)
	at org.junit.platform.engine.support.hierarchical.NodeTestTask.lambda$executeRecursively$2(NodeTestTask.java:180)
	at org.junit.platform.engine.support.hierarchical.ThrowableCollector.execute(ThrowableCollector.java:74)
	at org.junit.platform.engine.support.hierarchical.NodeTestTask.lambda$executeRecursively$1(NodeTestTask.java:166)
	at org.junit.platform.engine.support.hierarchical.Node.around(Node.java:138)
	at org.junit.platform.engine.support.hierarchical.NodeTestTask.lambda$executeRecursively$0(NodeTestTask.java:164)
	at org.junit.platform.engine.support.hierarchical.ThrowableCollector.execute(ThrowableCollector.java:74)
	at org.junit.platform.engine.support.hierarchical.NodeTestTask.executeRecursively(NodeTestTask.java:163)
	at org.junit.platform.engine.support.hierarchical.NodeTestTask.execute(NodeTestTask.java:116)
	at org.junit.platform.engine.support.hierarchical.SameThreadHierarchicalTestExecutorService.submit(SameThreadHierarchicalTestExecutorService.java:36)
	at org.junit.platform.engine.support.hierarchical.HierarchicalTestExecutor.execute(HierarchicalTestExecutor.java:52)
	at org.junit.platform.engine.support.hierarchical.HierarchicalTestEngine.execute(HierarchicalTestEngine.java:58)
	at org.junit.platform.launcher.core.EngineExecutionOrchestrator.executeEngine(EngineExecutionOrchestrator.java:246)
	at org.junit.platform.launcher.core.EngineExecutionOrchestrator.failOrExecuteEngine(EngineExecutionOrchestrator.java:218)
	at org.junit.platform.launcher.core.EngineExecutionOrchestrator.execute(EngineExecutionOrchestrator.java:179)
	at org.junit.platform.launcher.core.EngineExecutionOrchestrator.execute(EngineExecutionOrchestrator.java:108)
	at org.junit.platform.launcher.core.EngineExecutionOrchestrator.lambda$execute$0(EngineExecutionOrchestrator.java:66)
	at org.junit.platform.launcher.core.EngineExecutionOrchestrator.withInterceptedStreams(EngineExecutionOrchestrator.java:157)
	at org.junit.platform.launcher.core.EngineExecutionOrchestrator.execute(EngineExecutionOrchestrator.java:65)
	at org.junit.platform.launcher.core.DefaultLauncher.execute(DefaultLauncher.java:125)
	at org.junit.platform.launcher.core.DefaultLauncher.execute(DefaultLauncher.java:114)
	at org.junit.platform.launcher.core.DefaultLauncher.execute(DefaultLauncher.java:93)
	at org.junit.platform.launcher.core.DelegatingLauncher.execute(DelegatingLauncher.java:48)
	at org.junit.platform.launcher.core.InterceptingLauncher.lambda$execute$0(InterceptingLauncher.java:41)
	at org.junit.platform.launcher.core.ClasspathAlignmentCheckingLauncherInterceptor.intercept(ClasspathAlignmentCheckingLauncherInterceptor.java:25)
	at org.junit.platform.launcher.core.InterceptingLauncher.execute(InterceptingLauncher.java:40)
	at org.junit.platform.launcher.core.DelegatingLauncher.execute(DelegatingLauncher.java:48)
	at org.junit.platform.launcher.core.SessionPerRequestLauncher.execute(SessionPerRequestLauncher.java:67)
	at com.intellij.junit5.JUnit5IdeaTestRunner.startRunnerWithArgs(JUnit5IdeaTestRunner.java:57)
	at com.intellij.rt.junit.IdeaTestRunner$Repeater$1.execute(IdeaTestRunner.java:38)
	at com.intellij.rt.execution.junit.TestsRepeater.repeat(TestsRepeater.java:11)
	at com.intellij.rt.junit.IdeaTestRunner$Repeater.startRunnerWithArgs(IdeaTestRunner.java:35)
	at com.intellij.rt.junit.JUnitStarter.prepareStreamsAndStart(JUnitStarter.java:231)
	at com.intellij.rt.junit.JUnitStarter.main(JUnitStarter.java:55)
2026-03-03 19:06:30 [] INFO  - Could not detect default configuration classes for test class [com.site.webapp.controllers.TaskControllerTest]: TaskControllerTest does not declare any static, non-private, non-final, nested classes annotated with @Configuration.
2026-03-03 19:06:30 [] INFO  - Found @SpringBootConfiguration com.site.webapp.WebappApplication for test class com.site.webapp.controllers.TaskControllerTest
2026-03-03 19:06:30 [] WARN  - Caught exception while allowing TestExecutionListener [org.springframework.test.context.web.ServletTestExecutionListener] to prepare test instance [com.site.webapp.controllers.TaskControllerTest@20a4cba7]
java.lang.IllegalStateException: ApplicationContext failure threshold (1) exceeded: skipping repeated attempt to load context for [WebMergedContextConfiguration@6be80629 testClass = com.site.webapp.controllers.TaskControllerTest, locations = [], classes = [com.site.webapp.WebappApplication], contextInitializerClasses = [], activeProfiles = [], propertySourceDescriptors = [], propertySourceProperties = ["org.springframework.boot.test.context.SpringBootTestContextBootstrapper=true"], contextCustomizers = [org.springframework.boot.test.context.PropertyMappingContextCustomizer@0, org.springframework.boot.test.context.filter.ExcludeFilterContextCustomizer@5dda6f9, org.springframework.boot.test.json.DuplicateJsonObjectContextCustomizerFactory$DuplicateJsonObjectContextCustomizer@67af833b, org.springframework.test.context.support.DynamicPropertiesContextCustomizer@0, org.springframework.boot.webmvc.test.autoconfigure.WebDriverContextCustomizer@7646731d, org.springframework.boot.web.server.context.SpringBootTestRandomPortContextCustomizerFactory$Customizer@5a4bef8, org.springframework.boot.test.autoconfigure.OnFailureConditionReportContextCustomizerFactory$OnFailureConditionReportContextCustomizer@5d8445d7, org.springframework.boot.test.context.SpringBootTestAnnotation@81eefd6a], resourceBasePath = "src/main/webapp", contextLoader = org.springframework.boot.test.context.SpringBootContextLoader, parent = null]
	at org.springframework.test.context.cache.DefaultCacheAwareContextLoaderDelegate.loadContext(DefaultCacheAwareContextLoaderDelegate.java:157)
	at org.springframework.test.context.support.DefaultTestContext.getApplicationContext(DefaultTestContext.java:128)
	at org.springframework.test.context.web.ServletTestExecutionListener.setUpRequestContextIfNecessary(ServletTestExecutionListener.java:200)
	at org.springframework.test.context.web.ServletTestExecutionListener.prepareTestInstance(ServletTestExecutionListener.java:139)
	at org.springframework.test.context.TestContextManager.prepareTestInstance(TestContextManager.java:260)
	at org.springframework.test.context.junit.jupiter.SpringExtension.postProcessTestInstance(SpringExtension.java:203)
	at org.junit.jupiter.engine.descriptor.ClassBasedTestDescriptor.lambda$invokeTestInstancePostProcessors$1(ClassBasedTestDescriptor.java:423)
	at org.junit.jupiter.engine.descriptor.ClassBasedTestDescriptor.executeAndMaskThrowable(ClassBasedTestDescriptor.java:428)
	at org.junit.jupiter.engine.descriptor.ClassBasedTestDescriptor.lambda$invokeTestInstancePostProcessors$0(ClassBasedTestDescriptor.java:422)
	at java.base/java.util.stream.ForEachOps$ForEachOp$OfRef.accept(ForEachOps.java:184)
	at java.base/java.util.stream.ReferencePipeline$3$1.accept(ReferencePipeline.java:197)
	at java.base/java.util.stream.ReferencePipeline$2$1.accept(ReferencePipeline.java:179)
	at java.base/java.util.stream.ReferencePipeline$3$1.accept(ReferencePipeline.java:197)
	at java.base/java.util.ArrayList$ArrayListSpliterator.forEachRemaining(ArrayList.java:1708)
	at java.base/java.util.stream.AbstractPipeline.copyInto(AbstractPipeline.java:509)
	at java.base/java.util.stream.AbstractPipeline.wrapAndCopyInto(AbstractPipeline.java:499)
	at java.base/java.util.stream.ForEachOps$ForEachOp.evaluateSequential(ForEachOps.java:151)
	at java.base/java.util.stream.ForEachOps$ForEachOp$OfRef.evaluateSequential(ForEachOps.java:174)
	at java.base/java.util.stream.AbstractPipeline.evaluate(AbstractPipeline.java:234)
	at java.base/java.util.stream.ReferencePipeline.forEach(ReferencePipeline.java:596)
	at org.junit.jupiter.engine.descriptor.ClassBasedTestDescriptor.invokeTestInstancePostProcessors(ClassBasedTestDescriptor.java:422)
	at org.junit.jupiter.engine.descriptor.ClassBasedTestDescriptor.lambda$instantiateAndPostProcessTestInstance$0(ClassBasedTestDescriptor.java:334)
	at org.junit.platform.engine.support.hierarchical.ThrowableCollector.execute(ThrowableCollector.java:74)
	at org.junit.jupiter.engine.descriptor.ClassBasedTestDescriptor.instantiateAndPostProcessTestInstance(ClassBasedTestDescriptor.java:333)
	at org.junit.jupiter.engine.descriptor.ClassBasedTestDescriptor.lambda$testInstancesProvider$1(ClassBasedTestDescriptor.java:322)
	at java.base/java.util.Optional.orElseGet(Optional.java:364)
	at org.junit.jupiter.engine.descriptor.ClassBasedTestDescriptor.lambda$testInstancesProvider$0(ClassBasedTestDescriptor.java:321)
	at org.junit.jupiter.engine.execution.TestInstancesProvider.getTestInstances(TestInstancesProvider.java:27)
	at org.junit.jupiter.engine.descriptor.TestMethodTestDescriptor.lambda$prepare$0(TestMethodTestDescriptor.java:127)
	at org.junit.platform.engine.support.hierarchical.ThrowableCollector.execute(ThrowableCollector.java:74)
	at org.junit.jupiter.engine.descriptor.TestMethodTestDescriptor.prepare(TestMethodTestDescriptor.java:126)
	at org.junit.jupiter.engine.descriptor.TestMethodTestDescriptor.prepare(TestMethodTestDescriptor.java:70)
	at org.junit.platform.engine.support.hierarchical.NodeTestTask.lambda$prepare$0(NodeTestTask.java:144)
	at org.junit.platform.engine.support.hierarchical.ThrowableCollector.execute(ThrowableCollector.java:74)
	at org.junit.platform.engine.support.hierarchical.NodeTestTask.prepare(NodeTestTask.java:144)
	at org.junit.platform.engine.support.hierarchical.NodeTestTask.execute(NodeTestTask.java:110)
	at java.base/java.util.ArrayList.forEach(ArrayList.java:1596)
	at org.junit.platform.engine.support.hierarchical.SameThreadHierarchicalTestExecutorService.invokeAll(SameThreadHierarchicalTestExecutorService.java:42)
	at org.junit.platform.engine.support.hierarchical.NodeTestTask.lambda$executeRecursively$2(NodeTestTask.java:180)
	at org.junit.platform.engine.support.hierarchical.ThrowableCollector.execute(ThrowableCollector.java:74)
	at org.junit.platform.engine.support.hierarchical.NodeTestTask.lambda$executeRecursively$1(NodeTestTask.java:166)
	at org.junit.platform.engine.support.hierarchical.Node.around(Node.java:138)
	at org.junit.platform.engine.support.hierarchical.NodeTestTask.lambda$executeRecursively$0(NodeTestTask.java:164)
	at org.junit.platform.engine.support.hierarchical.ThrowableCollector.execute(ThrowableCollector.java:74)
	at org.junit.platform.engine.support.hierarchical.NodeTestTask.executeRecursively(NodeTestTask.java:163)
	at org.junit.platform.engine.support.hierarchical.NodeTestTask.execute(NodeTestTask.java:116)
	at java.base/java.util.ArrayList.forEach(ArrayList.java:1596)
	at org.junit.platform.engine.support.hierarchical.SameThreadHierarchicalTestExecutorService.invokeAll(SameThreadHierarchicalTestExecutorService.java:42)
	at org.junit.platform.engine.support.hierarchical.NodeTestTask.lambda$executeRecursively$2(NodeTestTask.java:180)
	at org.junit.platform.engine.support.hierarchical.ThrowableCollector.execute(ThrowableCollector.java:74)
	at org.junit.platform.engine.support.hierarchical.NodeTestTask.lambda$executeRecursively$1(NodeTestTask.java:166)
	at org.junit.platform.engine.support.hierarchical.Node.around(Node.java:138)
	at org.junit.platform.engine.support.hierarchical.NodeTestTask.lambda$executeRecursively$0(NodeTestTask.java:164)
	at org.junit.platform.engine.support.hierarchical.ThrowableCollector.execute(ThrowableCollector.java:74)
	at org.junit.platform.engine.support.hierarchical.NodeTestTask.executeRecursively(NodeTestTask.java:163)
	at org.junit.platform.engine.support.hierarchical.NodeTestTask.execute(NodeTestTask.java:116)
	at org.junit.platform.engine.support.hierarchical.SameThreadHierarchicalTestExecutorService.submit(SameThreadHierarchicalTestExecutorService.java:36)
	at org.junit.platform.engine.support.hierarchical.HierarchicalTestExecutor.execute(HierarchicalTestExecutor.java:52)
	at org.junit.platform.engine.support.hierarchical.HierarchicalTestEngine.execute(HierarchicalTestEngine.java:58)
	at org.junit.platform.launcher.core.EngineExecutionOrchestrator.executeEngine(EngineExecutionOrchestrator.java:246)
	at org.junit.platform.launcher.core.EngineExecutionOrchestrator.failOrExecuteEngine(EngineExecutionOrchestrator.java:218)
	at org.junit.platform.launcher.core.EngineExecutionOrchestrator.execute(EngineExecutionOrchestrator.java:179)
	at org.junit.platform.launcher.core.EngineExecutionOrchestrator.execute(EngineExecutionOrchestrator.java:108)
	at org.junit.platform.launcher.core.EngineExecutionOrchestrator.lambda$execute$0(EngineExecutionOrchestrator.java:66)
	at org.junit.platform.launcher.core.EngineExecutionOrchestrator.withInterceptedStreams(EngineExecutionOrchestrator.java:157)
	at org.junit.platform.launcher.core.EngineExecutionOrchestrator.execute(EngineExecutionOrchestrator.java:65)
	at org.junit.platform.launcher.core.DefaultLauncher.execute(DefaultLauncher.java:125)
	at org.junit.platform.launcher.core.DefaultLauncher.execute(DefaultLauncher.java:114)
	at org.junit.platform.launcher.core.DefaultLauncher.execute(DefaultLauncher.java:93)
	at org.junit.platform.launcher.core.DelegatingLauncher.execute(DelegatingLauncher.java:48)
	at org.junit.platform.launcher.core.InterceptingLauncher.lambda$execute$0(InterceptingLauncher.java:41)
	at org.junit.platform.launcher.core.ClasspathAlignmentCheckingLauncherInterceptor.intercept(ClasspathAlignmentCheckingLauncherInterceptor.java:25)
	at org.junit.platform.launcher.core.InterceptingLauncher.execute(InterceptingLauncher.java:40)
	at org.junit.platform.launcher.core.DelegatingLauncher.execute(DelegatingLauncher.java:48)
	at org.junit.platform.launcher.core.SessionPerRequestLauncher.execute(SessionPerRequestLauncher.java:67)
	at com.intellij.junit5.JUnit5IdeaTestRunner.startRunnerWithArgs(JUnit5IdeaTestRunner.java:57)
	at com.intellij.rt.junit.IdeaTestRunner$Repeater$1.execute(IdeaTestRunner.java:38)
	at com.intellij.rt.execution.junit.TestsRepeater.repeat(TestsRepeater.java:11)
	at com.intellij.rt.junit.IdeaTestRunner$Repeater.startRunnerWithArgs(IdeaTestRunner.java:35)
	at com.intellij.rt.junit.JUnitStarter.prepareStreamsAndStart(JUnitStarter.java:231)
	at com.intellij.rt.junit.JUnitStarter.main(JUnitStarter.java:55)
2026-03-03 19:06:30 [] WARN  - Caught exception while allowing TestExecutionListener [org.springframework.test.context.web.ServletTestExecutionListener] to prepare test instance [com.site.webapp.controllers.TaskControllerTest@3dec769]
java.lang.IllegalStateException: ApplicationContext failure threshold (1) exceeded: skipping repeated attempt to load context for [WebMergedContextConfiguration@6be80629 testClass = com.site.webapp.controllers.TaskControllerTest, locations = [], classes = [com.site.webapp.WebappApplication], contextInitializerClasses = [], activeProfiles = [], propertySourceDescriptors = [], propertySourceProperties = ["org.springframework.boot.test.context.SpringBootTestContextBootstrapper=true"], contextCustomizers = [org.springframework.boot.test.context.PropertyMappingContextCustomizer@0, org.springframework.boot.test.context.filter.ExcludeFilterContextCustomizer@5dda6f9, org.springframework.boot.test.json.DuplicateJsonObjectContextCustomizerFactory$DuplicateJsonObjectContextCustomizer@67af833b, org.springframework.test.context.support.DynamicPropertiesContextCustomizer@0, org.springframework.boot.webmvc.test.autoconfigure.WebDriverContextCustomizer@7646731d, org.springframework.boot.web.server.context.SpringBootTestRandomPortContextCustomizerFactory$Customizer@5a4bef8, org.springframework.boot.test.autoconfigure.OnFailureConditionReportContextCustomizerFactory$OnFailureConditionReportContextCustomizer@5d8445d7, org.springframework.boot.test.context.SpringBootTestAnnotation@81eefd6a], resourceBasePath = "src/main/webapp", contextLoader = org.springframework.boot.test.context.SpringBootContextLoader, parent = null]
	at org.springframework.test.context.cache.DefaultCacheAwareContextLoaderDelegate.loadContext(DefaultCacheAwareContextLoaderDelegate.java:157)
	at org.springframework.test.context.support.DefaultTestContext.getApplicationContext(DefaultTestContext.java:128)
	at org.springframework.test.context.web.ServletTestExecutionListener.setUpRequestContextIfNecessary(ServletTestExecutionListener.java:200)
	at org.springframework.test.context.web.ServletTestExecutionListener.prepareTestInstance(ServletTestExecutionListener.java:139)
	at org.springframework.test.context.TestContextManager.prepareTestInstance(TestContextManager.java:260)
	at org.springframework.test.context.junit.jupiter.SpringExtension.postProcessTestInstance(SpringExtension.java:203)
	at org.junit.jupiter.engine.descriptor.ClassBasedTestDescriptor.lambda$invokeTestInstancePostProcessors$1(ClassBasedTestDescriptor.java:423)
	at org.junit.jupiter.engine.descriptor.ClassBasedTestDescriptor.executeAndMaskThrowable(ClassBasedTestDescriptor.java:428)
	at org.junit.jupiter.engine.descriptor.ClassBasedTestDescriptor.lambda$invokeTestInstancePostProcessors$0(ClassBasedTestDescriptor.java:422)
	at java.base/java.util.stream.ForEachOps$ForEachOp$OfRef.accept(ForEachOps.java:184)
	at java.base/java.util.stream.ReferencePipeline$3$1.accept(ReferencePipeline.java:197)
	at java.base/java.util.stream.ReferencePipeline$2$1.accept(ReferencePipeline.java:179)
	at java.base/java.util.stream.ReferencePipeline$3$1.accept(ReferencePipeline.java:197)
	at java.base/java.util.ArrayList$ArrayListSpliterator.forEachRemaining(ArrayList.java:1708)
	at java.base/java.util.stream.AbstractPipeline.copyInto(AbstractPipeline.java:509)
	at java.base/java.util.stream.AbstractPipeline.wrapAndCopyInto(AbstractPipeline.java:499)
	at java.base/java.util.stream.ForEachOps$ForEachOp.evaluateSequential(ForEachOps.java:151)
	at java.base/java.util.stream.ForEachOps$ForEachOp$OfRef.evaluateSequential(ForEachOps.java:174)
	at java.base/java.util.stream.AbstractPipeline.evaluate(AbstractPipeline.java:234)
	at java.base/java.util.stream.ReferencePipeline.forEach(ReferencePipeline.java:596)
	at org.junit.jupiter.engine.descriptor.ClassBasedTestDescriptor.invokeTestInstancePostProcessors(ClassBasedTestDescriptor.java:422)
	at org.junit.jupiter.engine.descriptor.ClassBasedTestDescriptor.lambda$instantiateAndPostProcessTestInstance$0(ClassBasedTestDescriptor.java:334)
	at org.junit.platform.engine.support.hierarchical.ThrowableCollector.execute(ThrowableCollector.java:74)
	at org.junit.jupiter.engine.descriptor.ClassBasedTestDescriptor.instantiateAndPostProcessTestInstance(ClassBasedTestDescriptor.java:333)
	at org.junit.jupiter.engine.descriptor.ClassBasedTestDescriptor.lambda$testInstancesProvider$1(ClassBasedTestDescriptor.java:322)
	at java.base/java.util.Optional.orElseGet(Optional.java:364)
	at org.junit.jupiter.engine.descriptor.ClassBasedTestDescriptor.lambda$testInstancesProvider$0(ClassBasedTestDescriptor.java:321)
	at org.junit.jupiter.engine.execution.TestInstancesProvider.getTestInstances(TestInstancesProvider.java:27)
	at org.junit.jupiter.engine.descriptor.TestMethodTestDescriptor.lambda$prepare$0(TestMethodTestDescriptor.java:127)
	at org.junit.platform.engine.support.hierarchical.ThrowableCollector.execute(ThrowableCollector.java:74)
	at org.junit.jupiter.engine.descriptor.TestMethodTestDescriptor.prepare(TestMethodTestDescriptor.java:126)
	at org.junit.jupiter.engine.descriptor.TestMethodTestDescriptor.prepare(TestMethodTestDescriptor.java:70)
	at org.junit.platform.engine.support.hierarchical.NodeTestTask.lambda$prepare$0(NodeTestTask.java:144)
	at org.junit.platform.engine.support.hierarchical.ThrowableCollector.execute(ThrowableCollector.java:74)
	at org.junit.platform.engine.support.hierarchical.NodeTestTask.prepare(NodeTestTask.java:144)
	at org.junit.platform.engine.support.hierarchical.NodeTestTask.execute(NodeTestTask.java:110)
	at java.base/java.util.ArrayList.forEach(ArrayList.java:1596)
	at org.junit.platform.engine.support.hierarchical.SameThreadHierarchicalTestExecutorService.invokeAll(SameThreadHierarchicalTestExecutorService.java:42)
	at org.junit.platform.engine.support.hierarchical.NodeTestTask.lambda$executeRecursively$2(NodeTestTask.java:180)
	at org.junit.platform.engine.support.hierarchical.ThrowableCollector.execute(ThrowableCollector.java:74)
	at org.junit.platform.engine.support.hierarchical.NodeTestTask.lambda$executeRecursively$1(NodeTestTask.java:166)
	at org.junit.platform.engine.support.hierarchical.Node.around(Node.java:138)
	at org.junit.platform.engine.support.hierarchical.NodeTestTask.lambda$executeRecursively$0(NodeTestTask.java:164)
	at org.junit.platform.engine.support.hierarchical.ThrowableCollector.execute(ThrowableCollector.java:74)
	at org.junit.platform.engine.support.hierarchical.NodeTestTask.executeRecursively(NodeTestTask.java:163)
	at org.junit.platform.engine.support.hierarchical.NodeTestTask.execute(NodeTestTask.java:116)
	at java.base/java.util.ArrayList.forEach(ArrayList.java:1596)
	at org.junit.platform.engine.support.hierarchical.SameThreadHierarchicalTestExecutorService.invokeAll(SameThreadHierarchicalTestExecutorService.java:42)
	at org.junit.platform.engine.support.hierarchical.NodeTestTask.lambda$executeRecursively$2(NodeTestTask.java:180)
	at org.junit.platform.engine.support.hierarchical.ThrowableCollector.execute(ThrowableCollector.java:74)
	at org.junit.platform.engine.support.hierarchical.NodeTestTask.lambda$executeRecursively$1(NodeTestTask.java:166)
	at org.junit.platform.engine.support.hierarchical.Node.around(Node.java:138)
	at org.junit.platform.engine.support.hierarchical.NodeTestTask.lambda$executeRecursively$0(NodeTestTask.java:164)
	at org.junit.platform.engine.support.hierarchical.ThrowableCollector.execute(ThrowableCollector.java:74)
	at org.junit.platform.engine.support.hierarchical.NodeTestTask.executeRecursively(NodeTestTask.java:163)
	at org.junit.platform.engine.support.hierarchical.NodeTestTask.execute(NodeTestTask.java:116)
	at org.junit.platform.engine.support.hierarchical.SameThreadHierarchicalTestExecutorService.submit(SameThreadHierarchicalTestExecutorService.java:36)
	at org.junit.platform.engine.support.hierarchical.HierarchicalTestExecutor.execute(HierarchicalTestExecutor.java:52)
	at org.junit.platform.engine.support.hierarchical.HierarchicalTestEngine.execute(HierarchicalTestEngine.java:58)
	at org.junit.platform.launcher.core.EngineExecutionOrchestrator.executeEngine(EngineExecutionOrchestrator.java:246)
	at org.junit.platform.launcher.core.EngineExecutionOrchestrator.failOrExecuteEngine(EngineExecutionOrchestrator.java:218)
	at org.junit.platform.launcher.core.EngineExecutionOrchestrator.execute(EngineExecutionOrchestrator.java:179)
	at org.junit.platform.launcher.core.EngineExecutionOrchestrator.execute(EngineExecutionOrchestrator.java:108)
	at org.junit.platform.launcher.core.EngineExecutionOrchestrator.lambda$execute$0(EngineExecutionOrchestrator.java:66)
	at org.junit.platform.launcher.core.EngineExecutionOrchestrator.withInterceptedStreams(EngineExecutionOrchestrator.java:157)
	at org.junit.platform.launcher.core.EngineExecutionOrchestrator.execute(EngineExecutionOrchestrator.java:65)
	at org.junit.platform.launcher.core.DefaultLauncher.execute(DefaultLauncher.java:125)
	at org.junit.platform.launcher.core.DefaultLauncher.execute(DefaultLauncher.java:114)
	at org.junit.platform.launcher.core.DefaultLauncher.execute(DefaultLauncher.java:93)
	at org.junit.platform.launcher.core.DelegatingLauncher.execute(DelegatingLauncher.java:48)
	at org.junit.platform.launcher.core.InterceptingLauncher.lambda$execute$0(InterceptingLauncher.java:41)
	at org.junit.platform.launcher.core.ClasspathAlignmentCheckingLauncherInterceptor.intercept(ClasspathAlignmentCheckingLauncherInterceptor.java:25)
	at org.junit.platform.launcher.core.InterceptingLauncher.execute(InterceptingLauncher.java:40)
	at org.junit.platform.launcher.core.DelegatingLauncher.execute(DelegatingLauncher.java:48)
	at org.junit.platform.launcher.core.SessionPerRequestLauncher.execute(SessionPerRequestLauncher.java:67)
	at com.intellij.junit5.JUnit5IdeaTestRunner.startRunnerWithArgs(JUnit5IdeaTestRunner.java:57)
	at com.intellij.rt.junit.IdeaTestRunner$Repeater$1.execute(IdeaTestRunner.java:38)
	at com.intellij.rt.execution.junit.TestsRepeater.repeat(TestsRepeater.java:11)
	at com.intellij.rt.junit.IdeaTestRunner$Repeater.startRunnerWithArgs(IdeaTestRunner.java:35)
	at com.intellij.rt.junit.JUnitStarter.prepareStreamsAndStart(JUnitStarter.java:231)
	at com.intellij.rt.junit.JUnitStarter.main(JUnitStarter.java:55)
2026-03-03 19:06:30 [] WARN  - Caught exception while allowing TestExecutionListener [org.springframework.test.context.web.ServletTestExecutionListener] to prepare test instance [com.site.webapp.controllers.TaskControllerTest@2ed35f24]
java.lang.IllegalStateException: ApplicationContext failure threshold (1) exceeded: skipping repeated attempt to load context for [WebMergedContextConfiguration@6be80629 testClass = com.site.webapp.controllers.TaskControllerTest, locations = [], classes = [com.site.webapp.WebappApplication], contextInitializerClasses = [], activeProfiles = [], propertySourceDescriptors = [], propertySourceProperties = ["org.springframework.boot.test.context.SpringBootTestContextBootstrapper=true"], contextCustomizers = [org.springframework.boot.test.context.PropertyMappingContextCustomizer@0, org.springframework.boot.test.context.filter.ExcludeFilterContextCustomizer@5dda6f9, org.springframework.boot.test.json.DuplicateJsonObjectContextCustomizerFactory$DuplicateJsonObjectContextCustomizer@67af833b, org.springframework.test.context.support.DynamicPropertiesContextCustomizer@0, org.springframework.boot.webmvc.test.autoconfigure.WebDriverContextCustomizer@7646731d, org.springframework.boot.web.server.context.SpringBootTestRandomPortContextCustomizerFactory$Customizer@5a4bef8, org.springframework.boot.test.autoconfigure.OnFailureConditionReportContextCustomizerFactory$OnFailureConditionReportContextCustomizer@5d8445d7, org.springframework.boot.test.context.SpringBootTestAnnotation@81eefd6a], resourceBasePath = "src/main/webapp", contextLoader = org.springframework.boot.test.context.SpringBootContextLoader, parent = null]
	at org.springframework.test.context.cache.DefaultCacheAwareContextLoaderDelegate.loadContext(DefaultCacheAwareContextLoaderDelegate.java:157)
	at org.springframework.test.context.support.DefaultTestContext.getApplicationContext(DefaultTestContext.java:128)
	at org.springframework.test.context.web.ServletTestExecutionListener.setUpRequestContextIfNecessary(ServletTestExecutionListener.java:200)
	at org.springframework.test.context.web.ServletTestExecutionListener.prepareTestInstance(ServletTestExecutionListener.java:139)
	at org.springframework.test.context.TestContextManager.prepareTestInstance(TestContextManager.java:260)
	at org.springframework.test.context.junit.jupiter.SpringExtension.postProcessTestInstance(SpringExtension.java:203)
	at org.junit.jupiter.engine.descriptor.ClassBasedTestDescriptor.lambda$invokeTestInstancePostProcessors$1(ClassBasedTestDescriptor.java:423)
	at org.junit.jupiter.engine.descriptor.ClassBasedTestDescriptor.executeAndMaskThrowable(ClassBasedTestDescriptor.java:428)
	at org.junit.jupiter.engine.descriptor.ClassBasedTestDescriptor.lambda$invokeTestInstancePostProcessors$0(ClassBasedTestDescriptor.java:422)
	at java.base/java.util.stream.ForEachOps$ForEachOp$OfRef.accept(ForEachOps.java:184)
	at java.base/java.util.stream.ReferencePipeline$3$1.accept(ReferencePipeline.java:197)
	at java.base/java.util.stream.ReferencePipeline$2$1.accept(ReferencePipeline.java:179)
	at java.base/java.util.stream.ReferencePipeline$3$1.accept(ReferencePipeline.java:197)
	at java.base/java.util.ArrayList$ArrayListSpliterator.forEachRemaining(ArrayList.java:1708)
	at java.base/java.util.stream.AbstractPipeline.copyInto(AbstractPipeline.java:509)
	at java.base/java.util.stream.AbstractPipeline.wrapAndCopyInto(AbstractPipeline.java:499)
	at java.base/java.util.stream.ForEachOps$ForEachOp.evaluateSequential(ForEachOps.java:151)
	at java.base/java.util.stream.ForEachOps$ForEachOp$OfRef.evaluateSequential(ForEachOps.java:174)
	at java.base/java.util.stream.AbstractPipeline.evaluate(AbstractPipeline.java:234)
	at java.base/java.util.stream.ReferencePipeline.forEach(ReferencePipeline.java:596)
	at org.junit.jupiter.engine.descriptor.ClassBasedTestDescriptor.invokeTestInstancePostProcessors(ClassBasedTestDescriptor.java:422)
	at org.junit.jupiter.engine.descriptor.ClassBasedTestDescriptor.lambda$instantiateAndPostProcessTestInstance$0(ClassBasedTestDescriptor.java:334)
	at org.junit.platform.engine.support.hierarchical.ThrowableCollector.execute(ThrowableCollector.java:74)
	at org.junit.jupiter.engine.descriptor.ClassBasedTestDescriptor.instantiateAndPostProcessTestInstance(ClassBasedTestDescriptor.java:333)
	at org.junit.jupiter.engine.descriptor.ClassBasedTestDescriptor.lambda$testInstancesProvider$1(ClassBasedTestDescriptor.java:322)
	at java.base/java.util.Optional.orElseGet(Optional.java:364)
	at org.junit.jupiter.engine.descriptor.ClassBasedTestDescriptor.lambda$testInstancesProvider$0(ClassBasedTestDescriptor.java:321)
	at org.junit.jupiter.engine.execution.TestInstancesProvider.getTestInstances(TestInstancesProvider.java:27)
	at org.junit.jupiter.engine.descriptor.TestMethodTestDescriptor.lambda$prepare$0(TestMethodTestDescriptor.java:127)
	at org.junit.platform.engine.support.hierarchical.ThrowableCollector.execute(ThrowableCollector.java:74)
	at org.junit.jupiter.engine.descriptor.TestMethodTestDescriptor.prepare(TestMethodTestDescriptor.java:126)
	at org.junit.jupiter.engine.descriptor.TestMethodTestDescriptor.prepare(TestMethodTestDescriptor.java:70)
	at org.junit.platform.engine.support.hierarchical.NodeTestTask.lambda$prepare$0(NodeTestTask.java:144)
	at org.junit.platform.engine.support.hierarchical.ThrowableCollector.execute(ThrowableCollector.java:74)
	at org.junit.platform.engine.support.hierarchical.NodeTestTask.prepare(NodeTestTask.java:144)
	at org.junit.platform.engine.support.hierarchical.NodeTestTask.execute(NodeTestTask.java:110)
	at java.base/java.util.ArrayList.forEach(ArrayList.java:1596)
	at org.junit.platform.engine.support.hierarchical.SameThreadHierarchicalTestExecutorService.invokeAll(SameThreadHierarchicalTestExecutorService.java:42)
	at org.junit.platform.engine.support.hierarchical.NodeTestTask.lambda$executeRecursively$2(NodeTestTask.java:180)
	at org.junit.platform.engine.support.hierarchical.ThrowableCollector.execute(ThrowableCollector.java:74)
	at org.junit.platform.engine.support.hierarchical.NodeTestTask.lambda$executeRecursively$1(NodeTestTask.java:166)
	at org.junit.platform.engine.support.hierarchical.Node.around(Node.java:138)
	at org.junit.platform.engine.support.hierarchical.NodeTestTask.lambda$executeRecursively$0(NodeTestTask.java:164)
	at org.junit.platform.engine.support.hierarchical.ThrowableCollector.execute(ThrowableCollector.java:74)
	at org.junit.platform.engine.support.hierarchical.NodeTestTask.executeRecursively(NodeTestTask.java:163)
	at org.junit.platform.engine.support.hierarchical.NodeTestTask.execute(NodeTestTask.java:116)
	at java.base/java.util.ArrayList.forEach(ArrayList.java:1596)
	at org.junit.platform.engine.support.hierarchical.SameThreadHierarchicalTestExecutorService.invokeAll(SameThreadHierarchicalTestExecutorService.java:42)
	at org.junit.platform.engine.support.hierarchical.NodeTestTask.lambda$executeRecursively$2(NodeTestTask.java:180)
	at org.junit.platform.engine.support.hierarchical.ThrowableCollector.execute(ThrowableCollector.java:74)
	at org.junit.platform.engine.support.hierarchical.NodeTestTask.lambda$executeRecursively$1(NodeTestTask.java:166)
	at org.junit.platform.engine.support.hierarchical.Node.around(Node.java:138)
	at org.junit.platform.engine.support.hierarchical.NodeTestTask.lambda$executeRecursively$0(NodeTestTask.java:164)
	at org.junit.platform.engine.support.hierarchical.ThrowableCollector.execute(ThrowableCollector.java:74)
	at org.junit.platform.engine.support.hierarchical.NodeTestTask.executeRecursively(NodeTestTask.java:163)
	at org.junit.platform.engine.support.hierarchical.NodeTestTask.execute(NodeTestTask.java:116)
	at org.junit.platform.engine.support.hierarchical.SameThreadHierarchicalTestExecutorService.submit(SameThreadHierarchicalTestExecutorService.java:36)
	at org.junit.platform.engine.support.hierarchical.HierarchicalTestExecutor.execute(HierarchicalTestExecutor.java:52)
	at org.junit.platform.engine.support.hierarchical.HierarchicalTestEngine.execute(HierarchicalTestEngine.java:58)
	at org.junit.platform.launcher.core.EngineExecutionOrchestrator.executeEngine(EngineExecutionOrchestrator.java:246)
	at org.junit.platform.launcher.core.EngineExecutionOrchestrator.failOrExecuteEngine(EngineExecutionOrchestrator.java:218)
	at org.junit.platform.launcher.core.EngineExecutionOrchestrator.execute(EngineExecutionOrchestrator.java:179)
	at org.junit.platform.launcher.core.EngineExecutionOrchestrator.execute(EngineExecutionOrchestrator.java:108)
	at org.junit.platform.launcher.core.EngineExecutionOrchestrator.lambda$execute$0(EngineExecutionOrchestrator.java:66)
	at org.junit.platform.launcher.core.EngineExecutionOrchestrator.withInterceptedStreams(EngineExecutionOrchestrator.java:157)
	at org.junit.platform.launcher.core.EngineExecutionOrchestrator.execute(EngineExecutionOrchestrator.java:65)
	at org.junit.platform.launcher.core.DefaultLauncher.execute(DefaultLauncher.java:125)
	at org.junit.platform.launcher.core.DefaultLauncher.execute(DefaultLauncher.java:114)
	at org.junit.platform.launcher.core.DefaultLauncher.execute(DefaultLauncher.java:93)
	at org.junit.platform.launcher.core.DelegatingLauncher.execute(DelegatingLauncher.java:48)
	at org.junit.platform.launcher.core.InterceptingLauncher.lambda$execute$0(InterceptingLauncher.java:41)
	at org.junit.platform.launcher.core.ClasspathAlignmentCheckingLauncherInterceptor.intercept(ClasspathAlignmentCheckingLauncherInterceptor.java:25)
	at org.junit.platform.launcher.core.InterceptingLauncher.execute(InterceptingLauncher.java:40)
	at org.junit.platform.launcher.core.DelegatingLauncher.execute(DelegatingLauncher.java:48)
	at org.junit.platform.launcher.core.SessionPerRequestLauncher.execute(SessionPerRequestLauncher.java:67)
	at com.intellij.junit5.JUnit5IdeaTestRunner.startRunnerWithArgs(JUnit5IdeaTestRunner.java:57)
	at com.intellij.rt.junit.IdeaTestRunner$Repeater$1.execute(IdeaTestRunner.java:38)
	at com.intellij.rt.execution.junit.TestsRepeater.repeat(TestsRepeater.java:11)
	at com.intellij.rt.junit.IdeaTestRunner$Repeater.startRunnerWithArgs(IdeaTestRunner.java:35)
	at com.intellij.rt.junit.JUnitStarter.prepareStreamsAndStart(JUnitStarter.java:231)
	at com.intellij.rt.junit.JUnitStarter.main(JUnitStarter.java:55)
2026-03-03 19:06:30 [] WARN  - Caught exception while allowing TestExecutionListener [org.springframework.test.context.web.ServletTestExecutionListener] to prepare test instance [com.site.webapp.controllers.TaskControllerTest@433b546f]
java.lang.IllegalStateException: ApplicationContext failure threshold (1) exceeded: skipping repeated attempt to load context for [WebMergedContextConfiguration@6be80629 testClass = com.site.webapp.controllers.TaskControllerTest, locations = [], classes = [com.site.webapp.WebappApplication], contextInitializerClasses = [], activeProfiles = [], propertySourceDescriptors = [], propertySourceProperties = ["org.springframework.boot.test.context.SpringBootTestContextBootstrapper=true"], contextCustomizers = [org.springframework.boot.test.context.PropertyMappingContextCustomizer@0, org.springframework.boot.test.context.filter.ExcludeFilterContextCustomizer@5dda6f9, org.springframework.boot.test.json.DuplicateJsonObjectContextCustomizerFactory$DuplicateJsonObjectContextCustomizer@67af833b, org.springframework.test.context.support.DynamicPropertiesContextCustomizer@0, org.springframework.boot.webmvc.test.autoconfigure.WebDriverContextCustomizer@7646731d, org.springframework.boot.web.server.context.SpringBootTestRandomPortContextCustomizerFactory$Customizer@5a4bef8, org.springframework.boot.test.autoconfigure.OnFailureConditionReportContextCustomizerFactory$OnFailureConditionReportContextCustomizer@5d8445d7, org.springframework.boot.test.context.SpringBootTestAnnotation@81eefd6a], resourceBasePath = "src/main/webapp", contextLoader = org.springframework.boot.test.context.SpringBootContextLoader, parent = null]
	at org.springframework.test.context.cache.DefaultCacheAwareContextLoaderDelegate.loadContext(DefaultCacheAwareContextLoaderDelegate.java:157)
	at org.springframework.test.context.support.DefaultTestContext.getApplicationContext(DefaultTestContext.java:128)
	at org.springframework.test.context.web.ServletTestExecutionListener.setUpRequestContextIfNecessary(ServletTestExecutionListener.java:200)
	at org.springframework.test.context.web.ServletTestExecutionListener.prepareTestInstance(ServletTestExecutionListener.java:139)
	at org.springframework.test.context.TestContextManager.prepareTestInstance(TestContextManager.java:260)
	at org.springframework.test.context.junit.jupiter.SpringExtension.postProcessTestInstance(SpringExtension.java:203)
	at org.junit.jupiter.engine.descriptor.ClassBasedTestDescriptor.lambda$invokeTestInstancePostProcessors$1(ClassBasedTestDescriptor.java:423)
	at org.junit.jupiter.engine.descriptor.ClassBasedTestDescriptor.executeAndMaskThrowable(ClassBasedTestDescriptor.java:428)
	at org.junit.jupiter.engine.descriptor.ClassBasedTestDescriptor.lambda$invokeTestInstancePostProcessors$0(ClassBasedTestDescriptor.java:422)
	at java.base/java.util.stream.ForEachOps$ForEachOp$OfRef.accept(ForEachOps.java:184)
	at java.base/java.util.stream.ReferencePipeline$3$1.accept(ReferencePipeline.java:197)
	at java.base/java.util.stream.ReferencePipeline$2$1.accept(ReferencePipeline.java:179)
	at java.base/java.util.stream.ReferencePipeline$3$1.accept(ReferencePipeline.java:197)
	at java.base/java.util.ArrayList$ArrayListSpliterator.forEachRemaining(ArrayList.java:1708)
	at java.base/java.util.stream.AbstractPipeline.copyInto(AbstractPipeline.java:509)
	at java.base/java.util.stream.AbstractPipeline.wrapAndCopyInto(AbstractPipeline.java:499)
	at java.base/java.util.stream.ForEachOps$ForEachOp.evaluateSequential(ForEachOps.java:151)
	at java.base/java.util.stream.ForEachOps$ForEachOp$OfRef.evaluateSequential(ForEachOps.java:174)
	at java.base/java.util.stream.AbstractPipeline.evaluate(AbstractPipeline.java:234)
	at java.base/java.util.stream.ReferencePipeline.forEach(ReferencePipeline.java:596)
	at org.junit.jupiter.engine.descriptor.ClassBasedTestDescriptor.invokeTestInstancePostProcessors(ClassBasedTestDescriptor.java:422)
	at org.junit.jupiter.engine.descriptor.ClassBasedTestDescriptor.lambda$instantiateAndPostProcessTestInstance$0(ClassBasedTestDescriptor.java:334)
	at org.junit.platform.engine.support.hierarchical.ThrowableCollector.execute(ThrowableCollector.java:74)
	at org.junit.jupiter.engine.descriptor.ClassBasedTestDescriptor.instantiateAndPostProcessTestInstance(ClassBasedTestDescriptor.java:333)
	at org.junit.jupiter.engine.descriptor.ClassBasedTestDescriptor.lambda$testInstancesProvider$1(ClassBasedTestDescriptor.java:322)
	at java.base/java.util.Optional.orElseGet(Optional.java:364)
	at org.junit.jupiter.engine.descriptor.ClassBasedTestDescriptor.lambda$testInstancesProvider$0(ClassBasedTestDescriptor.java:321)
	at org.junit.jupiter.engine.execution.TestInstancesProvider.getTestInstances(TestInstancesProvider.java:27)
	at org.junit.jupiter.engine.descriptor.TestMethodTestDescriptor.lambda$prepare$0(TestMethodTestDescriptor.java:127)
	at org.junit.platform.engine.support.hierarchical.ThrowableCollector.execute(ThrowableCollector.java:74)
	at org.junit.jupiter.engine.descriptor.TestMethodTestDescriptor.prepare(TestMethodTestDescriptor.java:126)
	at org.junit.jupiter.engine.descriptor.TestMethodTestDescriptor.prepare(TestMethodTestDescriptor.java:70)
	at org.junit.platform.engine.support.hierarchical.NodeTestTask.lambda$prepare$0(NodeTestTask.java:144)
	at org.junit.platform.engine.support.hierarchical.ThrowableCollector.execute(ThrowableCollector.java:74)
	at org.junit.platform.engine.support.hierarchical.NodeTestTask.prepare(NodeTestTask.java:144)
	at org.junit.platform.engine.support.hierarchical.NodeTestTask.execute(NodeTestTask.java:110)
	at java.base/java.util.ArrayList.forEach(ArrayList.java:1596)
	at org.junit.platform.engine.support.hierarchical.SameThreadHierarchicalTestExecutorService.invokeAll(SameThreadHierarchicalTestExecutorService.java:42)
	at org.junit.platform.engine.support.hierarchical.NodeTestTask.lambda$executeRecursively$2(NodeTestTask.java:180)
	at org.junit.platform.engine.support.hierarchical.ThrowableCollector.execute(ThrowableCollector.java:74)
	at org.junit.platform.engine.support.hierarchical.NodeTestTask.lambda$executeRecursively$1(NodeTestTask.java:166)
	at org.junit.platform.engine.support.hierarchical.Node.around(Node.java:138)
	at org.junit.platform.engine.support.hierarchical.NodeTestTask.lambda$executeRecursively$0(NodeTestTask.java:164)
	at org.junit.platform.engine.support.hierarchical.ThrowableCollector.execute(ThrowableCollector.java:74)
	at org.junit.platform.engine.support.hierarchical.NodeTestTask.executeRecursively(NodeTestTask.java:163)
	at org.junit.platform.engine.support.hierarchical.NodeTestTask.execute(NodeTestTask.java:116)
	at java.base/java.util.ArrayList.forEach(ArrayList.java:1596)
	at org.junit.platform.engine.support.hierarchical.SameThreadHierarchicalTestExecutorService.invokeAll(SameThreadHierarchicalTestExecutorService.java:42)
	at org.junit.platform.engine.support.hierarchical.NodeTestTask.lambda$executeRecursively$2(NodeTestTask.java:180)
	at org.junit.platform.engine.support.hierarchical.ThrowableCollector.execute(ThrowableCollector.java:74)
	at org.junit.platform.engine.support.hierarchical.NodeTestTask.lambda$executeRecursively$1(NodeTestTask.java:166)
	at org.junit.platform.engine.support.hierarchical.Node.around(Node.java:138)
	at org.junit.platform.engine.support.hierarchical.NodeTestTask.lambda$executeRecursively$0(NodeTestTask.java:164)
	at org.junit.platform.engine.support.hierarchical.ThrowableCollector.execute(ThrowableCollector.java:74)
	at org.junit.platform.engine.support.hierarchical.NodeTestTask.executeRecursively(NodeTestTask.java:163)
	at org.junit.platform.engine.support.hierarchical.NodeTestTask.execute(NodeTestTask.java:116)
	at org.junit.platform.engine.support.hierarchical.SameThreadHierarchicalTestExecutorService.submit(SameThreadHierarchicalTestExecutorService.java:36)
	at org.junit.platform.engine.support.hierarchical.HierarchicalTestExecutor.execute(HierarchicalTestExecutor.java:52)
	at org.junit.platform.engine.support.hierarchical.HierarchicalTestEngine.execute(HierarchicalTestEngine.java:58)
	at org.junit.platform.launcher.core.EngineExecutionOrchestrator.executeEngine(EngineExecutionOrchestrator.java:246)
	at org.junit.platform.launcher.core.EngineExecutionOrchestrator.failOrExecuteEngine(EngineExecutionOrchestrator.java:218)
	at org.junit.platform.launcher.core.EngineExecutionOrchestrator.execute(EngineExecutionOrchestrator.java:179)
	at org.junit.platform.launcher.core.EngineExecutionOrchestrator.execute(EngineExecutionOrchestrator.java:108)
	at org.junit.platform.launcher.core.EngineExecutionOrchestrator.lambda$execute$0(EngineExecutionOrchestrator.java:66)
	at org.junit.platform.launcher.core.EngineExecutionOrchestrator.withInterceptedStreams(EngineExecutionOrchestrator.java:157)
	at org.junit.platform.launcher.core.EngineExecutionOrchestrator.execute(EngineExecutionOrchestrator.java:65)
	at org.junit.platform.launcher.core.DefaultLauncher.execute(DefaultLauncher.java:125)
	at org.junit.platform.launcher.core.DefaultLauncher.execute(DefaultLauncher.java:114)
	at org.junit.platform.launcher.core.DefaultLauncher.execute(DefaultLauncher.java:93)
	at org.junit.platform.launcher.core.DelegatingLauncher.execute(DelegatingLauncher.java:48)
	at org.junit.platform.launcher.core.InterceptingLauncher.lambda$execute$0(InterceptingLauncher.java:41)
	at org.junit.platform.launcher.core.ClasspathAlignmentCheckingLauncherInterceptor.intercept(ClasspathAlignmentCheckingLauncherInterceptor.java:25)
	at org.junit.platform.launcher.core.InterceptingLauncher.execute(InterceptingLauncher.java:40)
	at org.junit.platform.launcher.core.DelegatingLauncher.execute(DelegatingLauncher.java:48)
	at org.junit.platform.launcher.core.SessionPerRequestLauncher.execute(SessionPerRequestLauncher.java:67)
	at com.intellij.junit5.JUnit5IdeaTestRunner.startRunnerWithArgs(JUnit5IdeaTestRunner.java:57)
	at com.intellij.rt.junit.IdeaTestRunner$Repeater$1.execute(IdeaTestRunner.java:38)
	at com.intellij.rt.execution.junit.TestsRepeater.repeat(TestsRepeater.java:11)
	at com.intellij.rt.junit.IdeaTestRunner$Repeater.startRunnerWithArgs(IdeaTestRunner.java:35)
	at com.intellij.rt.junit.JUnitStarter.prepareStreamsAndStart(JUnitStarter.java:231)
	at com.intellij.rt.junit.JUnitStarter.main(JUnitStarter.java:55)
2026-03-03 19:06:30 [] INFO  - Could not detect default configuration classes for test class [com.site.webapp.repo.TasksRepositoryTest]: TasksRepositoryTest does not declare any static, non-private, non-final, nested classes annotated with @Configuration.
2026-03-03 19:06:30 [] INFO  - Found @SpringBootConfiguration com.site.webapp.WebappApplication for test class com.site.webapp.repo.TasksRepositoryTest
2026-03-03 19:06:30 [] WARN  - Caught exception while allowing TestExecutionListener [org.springframework.test.context.web.ServletTestExecutionListener] to prepare test instance [com.site.webapp.repo.TasksRepositoryTest@4b475742]
java.lang.IllegalStateException: ApplicationContext failure threshold (1) exceeded: skipping repeated attempt to load context for [WebMergedContextConfiguration@52c6e959 testClass = com.site.webapp.repo.TasksRepositoryTest, locations = [], classes = [com.site.webapp.WebappApplication], contextInitializerClasses = [], activeProfiles = [], propertySourceDescriptors = [], propertySourceProperties = ["org.springframework.boot.test.context.SpringBootTestContextBootstrapper=true"], contextCustomizers = [org.springframework.boot.test.context.PropertyMappingContextCustomizer@0, org.springframework.boot.test.context.filter.ExcludeFilterContextCustomizer@5dda6f9, org.springframework.boot.test.json.DuplicateJsonObjectContextCustomizerFactory$DuplicateJsonObjectContextCustomizer@67af833b, org.springframework.test.context.support.DynamicPropertiesContextCustomizer@0, org.springframework.boot.webmvc.test.autoconfigure.WebDriverContextCustomizer@7646731d, org.springframework.boot.web.server.context.SpringBootTestRandomPortContextCustomizerFactory$Customizer@5a4bef8, org.springframework.boot.test.autoconfigure.OnFailureConditionReportContextCustomizerFactory$OnFailureConditionReportContextCustomizer@5d8445d7, org.springframework.boot.test.context.SpringBootTestAnnotation@81eefd6a], resourceBasePath = "src/main/webapp", contextLoader = org.springframework.boot.test.context.SpringBootContextLoader, parent = null]
	at org.springframework.test.context.cache.DefaultCacheAwareContextLoaderDelegate.loadContext(DefaultCacheAwareContextLoaderDelegate.java:157)
	at org.springframework.test.context.support.DefaultTestContext.getApplicationContext(DefaultTestContext.java:128)
	at org.springframework.test.context.web.ServletTestExecutionListener.setUpRequestContextIfNecessary(ServletTestExecutionListener.java:200)
	at org.springframework.test.context.web.ServletTestExecutionListener.prepareTestInstance(ServletTestExecutionListener.java:139)
	at org.springframework.test.context.TestContextManager.prepareTestInstance(TestContextManager.java:260)
	at org.springframework.test.context.junit.jupiter.SpringExtension.postProcessTestInstance(SpringExtension.java:203)
	at org.junit.jupiter.engine.descriptor.ClassBasedTestDescriptor.lambda$invokeTestInstancePostProcessors$1(ClassBasedTestDescriptor.java:423)
	at org.junit.jupiter.engine.descriptor.ClassBasedTestDescriptor.executeAndMaskThrowable(ClassBasedTestDescriptor.java:428)
	at org.junit.jupiter.engine.descriptor.ClassBasedTestDescriptor.lambda$invokeTestInstancePostProcessors$0(ClassBasedTestDescriptor.java:422)
	at java.base/java.util.stream.ForEachOps$ForEachOp$OfRef.accept(ForEachOps.java:184)
	at java.base/java.util.stream.ReferencePipeline$3$1.accept(ReferencePipeline.java:197)
	at java.base/java.util.stream.ReferencePipeline$2$1.accept(ReferencePipeline.java:179)
	at java.base/java.util.stream.ReferencePipeline$3$1.accept(ReferencePipeline.java:197)
	at java.base/java.util.ArrayList$ArrayListSpliterator.forEachRemaining(ArrayList.java:1708)
	at java.base/java.util.stream.AbstractPipeline.copyInto(AbstractPipeline.java:509)
	at java.base/java.util.stream.AbstractPipeline.wrapAndCopyInto(AbstractPipeline.java:499)
	at java.base/java.util.stream.ForEachOps$ForEachOp.evaluateSequential(ForEachOps.java:151)
	at java.base/java.util.stream.ForEachOps$ForEachOp$OfRef.evaluateSequential(ForEachOps.java:174)
	at java.base/java.util.stream.AbstractPipeline.evaluate(AbstractPipeline.java:234)
	at java.base/java.util.stream.ReferencePipeline.forEach(ReferencePipeline.java:596)
	at org.junit.jupiter.engine.descriptor.ClassBasedTestDescriptor.invokeTestInstancePostProcessors(ClassBasedTestDescriptor.java:422)
	at org.junit.jupiter.engine.descriptor.ClassBasedTestDescriptor.lambda$instantiateAndPostProcessTestInstance$0(ClassBasedTestDescriptor.java:334)
	at org.junit.platform.engine.support.hierarchical.ThrowableCollector.execute(ThrowableCollector.java:74)
	at org.junit.jupiter.engine.descriptor.ClassBasedTestDescriptor.instantiateAndPostProcessTestInstance(ClassBasedTestDescriptor.java:333)
	at org.junit.jupiter.engine.descriptor.ClassBasedTestDescriptor.lambda$testInstancesProvider$1(ClassBasedTestDescriptor.java:322)
	at java.base/java.util.Optional.orElseGet(Optional.java:364)
	at org.junit.jupiter.engine.descriptor.ClassBasedTestDescriptor.lambda$testInstancesProvider$0(ClassBasedTestDescriptor.java:321)
	at org.junit.jupiter.engine.execution.TestInstancesProvider.getTestInstances(TestInstancesProvider.java:27)
	at org.junit.jupiter.engine.descriptor.TestMethodTestDescriptor.lambda$prepare$0(TestMethodTestDescriptor.java:127)
	at org.junit.platform.engine.support.hierarchical.ThrowableCollector.execute(ThrowableCollector.java:74)
	at org.junit.jupiter.engine.descriptor.TestMethodTestDescriptor.prepare(TestMethodTestDescriptor.java:126)
	at org.junit.jupiter.engine.descriptor.TestMethodTestDescriptor.prepare(TestMethodTestDescriptor.java:70)
	at org.junit.platform.engine.support.hierarchical.NodeTestTask.lambda$prepare$0(NodeTestTask.java:144)
	at org.junit.platform.engine.support.hierarchical.ThrowableCollector.execute(ThrowableCollector.java:74)
	at org.junit.platform.engine.support.hierarchical.NodeTestTask.prepare(NodeTestTask.java:144)
	at org.junit.platform.engine.support.hierarchical.NodeTestTask.execute(NodeTestTask.java:110)
	at java.base/java.util.ArrayList.forEach(ArrayList.java:1596)
	at org.junit.platform.engine.support.hierarchical.SameThreadHierarchicalTestExecutorService.invokeAll(SameThreadHierarchicalTestExecutorService.java:42)
	at org.junit.platform.engine.support.hierarchical.NodeTestTask.lambda$executeRecursively$2(NodeTestTask.java:180)
	at org.junit.platform.engine.support.hierarchical.ThrowableCollector.execute(ThrowableCollector.java:74)
	at org.junit.platform.engine.support.hierarchical.NodeTestTask.lambda$executeRecursively$1(NodeTestTask.java:166)
	at org.junit.platform.engine.support.hierarchical.Node.around(Node.java:138)
	at org.junit.platform.engine.support.hierarchical.NodeTestTask.lambda$executeRecursively$0(NodeTestTask.java:164)
	at org.junit.platform.engine.support.hierarchical.ThrowableCollector.execute(ThrowableCollector.java:74)
	at org.junit.platform.engine.support.hierarchical.NodeTestTask.executeRecursively(NodeTestTask.java:163)
	at org.junit.platform.engine.support.hierarchical.NodeTestTask.execute(NodeTestTask.java:116)
	at java.base/java.util.ArrayList.forEach(ArrayList.java:1596)
	at org.junit.platform.engine.support.hierarchical.SameThreadHierarchicalTestExecutorService.invokeAll(SameThreadHierarchicalTestExecutorService.java:42)
	at org.junit.platform.engine.support.hierarchical.NodeTestTask.lambda$executeRecursively$2(NodeTestTask.java:180)
	at org.junit.platform.engine.support.hierarchical.ThrowableCollector.execute(ThrowableCollector.java:74)
	at org.junit.platform.engine.support.hierarchical.NodeTestTask.lambda$executeRecursively$1(NodeTestTask.java:166)
	at org.junit.platform.engine.support.hierarchical.Node.around(Node.java:138)
	at org.junit.platform.engine.support.hierarchical.NodeTestTask.lambda$executeRecursively$0(NodeTestTask.java:164)
	at org.junit.platform.engine.support.hierarchical.ThrowableCollector.execute(ThrowableCollector.java:74)
	at org.junit.platform.engine.support.hierarchical.NodeTestTask.executeRecursively(NodeTestTask.java:163)
	at org.junit.platform.engine.support.hierarchical.NodeTestTask.execute(NodeTestTask.java:116)
	at org.junit.platform.engine.support.hierarchical.SameThreadHierarchicalTestExecutorService.submit(SameThreadHierarchicalTestExecutorService.java:36)
	at org.junit.platform.engine.support.hierarchical.HierarchicalTestExecutor.execute(HierarchicalTestExecutor.java:52)
	at org.junit.platform.engine.support.hierarchical.HierarchicalTestEngine.execute(HierarchicalTestEngine.java:58)
	at org.junit.platform.launcher.core.EngineExecutionOrchestrator.executeEngine(EngineExecutionOrchestrator.java:246)
	at org.junit.platform.launcher.core.EngineExecutionOrchestrator.failOrExecuteEngine(EngineExecutionOrchestrator.java:218)
	at org.junit.platform.launcher.core.EngineExecutionOrchestrator.execute(EngineExecutionOrchestrator.java:179)
	at org.junit.platform.launcher.core.EngineExecutionOrchestrator.execute(EngineExecutionOrchestrator.java:108)
	at org.junit.platform.launcher.core.EngineExecutionOrchestrator.lambda$execute$0(EngineExecutionOrchestrator.java:66)
	at org.junit.platform.launcher.core.EngineExecutionOrchestrator.withInterceptedStreams(EngineExecutionOrchestrator.java:157)
	at org.junit.platform.launcher.core.EngineExecutionOrchestrator.execute(EngineExecutionOrchestrator.java:65)
	at org.junit.platform.launcher.core.DefaultLauncher.execute(DefaultLauncher.java:125)
	at org.junit.platform.launcher.core.DefaultLauncher.execute(DefaultLauncher.java:114)
	at org.junit.platform.launcher.core.DefaultLauncher.execute(DefaultLauncher.java:93)
	at org.junit.platform.launcher.core.DelegatingLauncher.execute(DelegatingLauncher.java:48)
	at org.junit.platform.launcher.core.InterceptingLauncher.lambda$execute$0(InterceptingLauncher.java:41)
	at org.junit.platform.launcher.core.ClasspathAlignmentCheckingLauncherInterceptor.intercept(ClasspathAlignmentCheckingLauncherInterceptor.java:25)
	at org.junit.platform.launcher.core.InterceptingLauncher.execute(InterceptingLauncher.java:40)
	at org.junit.platform.launcher.core.DelegatingLauncher.execute(DelegatingLauncher.java:48)
	at org.junit.platform.launcher.core.SessionPerRequestLauncher.execute(SessionPerRequestLauncher.java:67)
	at com.intellij.junit5.JUnit5IdeaTestRunner.startRunnerWithArgs(JUnit5IdeaTestRunner.java:57)
	at com.intellij.rt.junit.IdeaTestRunner$Repeater$1.execute(IdeaTestRunner.java:38)
	at com.intellij.rt.execution.junit.TestsRepeater.repeat(TestsRepeater.java:11)
	at com.intellij.rt.junit.IdeaTestRunner$Repeater.startRunnerWithArgs(IdeaTestRunner.java:35)
	at com.intellij.rt.junit.JUnitStarter.prepareStreamsAndStart(JUnitStarter.java:231)
	at com.intellij.rt.junit.JUnitStarter.main(JUnitStarter.java:55)
2026-03-03 19:06:30 [] WARN  - Caught exception while allowing TestExecutionListener [org.springframework.test.context.web.ServletTestExecutionListener] to prepare test instance [com.site.webapp.repo.TasksRepositoryTest@dbca149]
java.lang.IllegalStateException: ApplicationContext failure threshold (1) exceeded: skipping repeated attempt to load context for [WebMergedContextConfiguration@52c6e959 testClass = com.site.webapp.repo.TasksRepositoryTest, locations = [], classes = [com.site.webapp.WebappApplication], contextInitializerClasses = [], activeProfiles = [], propertySourceDescriptors = [], propertySourceProperties = ["org.springframework.boot.test.context.SpringBootTestContextBootstrapper=true"], contextCustomizers = [org.springframework.boot.test.context.PropertyMappingContextCustomizer@0, org.springframework.boot.test.context.filter.ExcludeFilterContextCustomizer@5dda6f9, org.springframework.boot.test.json.DuplicateJsonObjectContextCustomizerFactory$DuplicateJsonObjectContextCustomizer@67af833b, org.springframework.test.context.support.DynamicPropertiesContextCustomizer@0, org.springframework.boot.webmvc.test.autoconfigure.WebDriverContextCustomizer@7646731d, org.springframework.boot.web.server.context.SpringBootTestRandomPortContextCustomizerFactory$Customizer@5a4bef8, org.springframework.boot.test.autoconfigure.OnFailureConditionReportContextCustomizerFactory$OnFailureConditionReportContextCustomizer@5d8445d7, org.springframework.boot.test.context.SpringBootTestAnnotation@81eefd6a], resourceBasePath = "src/main/webapp", contextLoader = org.springframework.boot.test.context.SpringBootContextLoader, parent = null]
	at org.springframework.test.context.cache.DefaultCacheAwareContextLoaderDelegate.loadContext(DefaultCacheAwareContextLoaderDelegate.java:157)
	at org.springframework.test.context.support.DefaultTestContext.getApplicationContext(DefaultTestContext.java:128)
	at org.springframework.test.context.web.ServletTestExecutionListener.setUpRequestContextIfNecessary(ServletTestExecutionListener.java:200)
	at org.springframework.test.context.web.ServletTestExecutionListener.prepareTestInstance(ServletTestExecutionListener.java:139)
	at org.springframework.test.context.TestContextManager.prepareTestInstance(TestContextManager.java:260)
	at org.springframework.test.context.junit.jupiter.SpringExtension.postProcessTestInstance(SpringExtension.java:203)
	at org.junit.jupiter.engine.descriptor.ClassBasedTestDescriptor.lambda$invokeTestInstancePostProcessors$1(ClassBasedTestDescriptor.java:423)
	at org.junit.jupiter.engine.descriptor.ClassBasedTestDescriptor.executeAndMaskThrowable(ClassBasedTestDescriptor.java:428)
	at org.junit.jupiter.engine.descriptor.ClassBasedTestDescriptor.lambda$invokeTestInstancePostProcessors$0(ClassBasedTestDescriptor.java:422)
	at java.base/java.util.stream.ForEachOps$ForEachOp$OfRef.accept(ForEachOps.java:184)
	at java.base/java.util.stream.ReferencePipeline$3$1.accept(ReferencePipeline.java:197)
	at java.base/java.util.stream.ReferencePipeline$2$1.accept(ReferencePipeline.java:179)
	at java.base/java.util.stream.ReferencePipeline$3$1.accept(ReferencePipeline.java:197)
	at java.base/java.util.ArrayList$ArrayListSpliterator.forEachRemaining(ArrayList.java:1708)
	at java.base/java.util.stream.AbstractPipeline.copyInto(AbstractPipeline.java:509)
	at java.base/java.util.stream.AbstractPipeline.wrapAndCopyInto(AbstractPipeline.java:499)
	at java.base/java.util.stream.ForEachOps$ForEachOp.evaluateSequential(ForEachOps.java:151)
	at java.base/java.util.stream.ForEachOps$ForEachOp$OfRef.evaluateSequential(ForEachOps.java:174)
	at java.base/java.util.stream.AbstractPipeline.evaluate(AbstractPipeline.java:234)
	at java.base/java.util.stream.ReferencePipeline.forEach(ReferencePipeline.java:596)
	at org.junit.jupiter.engine.descriptor.ClassBasedTestDescriptor.invokeTestInstancePostProcessors(ClassBasedTestDescriptor.java:422)
	at org.junit.jupiter.engine.descriptor.ClassBasedTestDescriptor.lambda$instantiateAndPostProcessTestInstance$0(ClassBasedTestDescriptor.java:334)
	at org.junit.platform.engine.support.hierarchical.ThrowableCollector.execute(ThrowableCollector.java:74)
	at org.junit.jupiter.engine.descriptor.ClassBasedTestDescriptor.instantiateAndPostProcessTestInstance(ClassBasedTestDescriptor.java:333)
	at org.junit.jupiter.engine.descriptor.ClassBasedTestDescriptor.lambda$testInstancesProvider$1(ClassBasedTestDescriptor.java:322)
	at java.base/java.util.Optional.orElseGet(Optional.java:364)
	at org.junit.jupiter.engine.descriptor.ClassBasedTestDescriptor.lambda$testInstancesProvider$0(ClassBasedTestDescriptor.java:321)
	at org.junit.jupiter.engine.execution.TestInstancesProvider.getTestInstances(TestInstancesProvider.java:27)
	at org.junit.jupiter.engine.descriptor.TestMethodTestDescriptor.lambda$prepare$0(TestMethodTestDescriptor.java:127)
	at org.junit.platform.engine.support.hierarchical.ThrowableCollector.execute(ThrowableCollector.java:74)
	at org.junit.jupiter.engine.descriptor.TestMethodTestDescriptor.prepare(TestMethodTestDescriptor.java:126)
	at org.junit.jupiter.engine.descriptor.TestMethodTestDescriptor.prepare(TestMethodTestDescriptor.java:70)
	at org.junit.platform.engine.support.hierarchical.NodeTestTask.lambda$prepare$0(NodeTestTask.java:144)
	at org.junit.platform.engine.support.hierarchical.ThrowableCollector.execute(ThrowableCollector.java:74)
	at org.junit.platform.engine.support.hierarchical.NodeTestTask.prepare(NodeTestTask.java:144)
	at org.junit.platform.engine.support.hierarchical.NodeTestTask.execute(NodeTestTask.java:110)
	at java.base/java.util.ArrayList.forEach(ArrayList.java:1596)
	at org.junit.platform.engine.support.hierarchical.SameThreadHierarchicalTestExecutorService.invokeAll(SameThreadHierarchicalTestExecutorService.java:42)
	at org.junit.platform.engine.support.hierarchical.NodeTestTask.lambda$executeRecursively$2(NodeTestTask.java:180)
	at org.junit.platform.engine.support.hierarchical.ThrowableCollector.execute(ThrowableCollector.java:74)
	at org.junit.platform.engine.support.hierarchical.NodeTestTask.lambda$executeRecursively$1(NodeTestTask.java:166)
	at org.junit.platform.engine.support.hierarchical.Node.around(Node.java:138)
	at org.junit.platform.engine.support.hierarchical.NodeTestTask.lambda$executeRecursively$0(NodeTestTask.java:164)
	at org.junit.platform.engine.support.hierarchical.ThrowableCollector.execute(ThrowableCollector.java:74)
	at org.junit.platform.engine.support.hierarchical.NodeTestTask.executeRecursively(NodeTestTask.java:163)
	at org.junit.platform.engine.support.hierarchical.NodeTestTask.execute(NodeTestTask.java:116)
	at java.base/java.util.ArrayList.forEach(ArrayList.java:1596)
	at org.junit.platform.engine.support.hierarchical.SameThreadHierarchicalTestExecutorService.invokeAll(SameThreadHierarchicalTestExecutorService.java:42)
	at org.junit.platform.engine.support.hierarchical.NodeTestTask.lambda$executeRecursively$2(NodeTestTask.java:180)
	at org.junit.platform.engine.support.hierarchical.ThrowableCollector.execute(ThrowableCollector.java:74)
	at org.junit.platform.engine.support.hierarchical.NodeTestTask.lambda$executeRecursively$1(NodeTestTask.java:166)
	at org.junit.platform.engine.support.hierarchical.Node.around(Node.java:138)
	at org.junit.platform.engine.support.hierarchical.NodeTestTask.lambda$executeRecursively$0(NodeTestTask.java:164)
	at org.junit.platform.engine.support.hierarchical.ThrowableCollector.execute(ThrowableCollector.java:74)
	at org.junit.platform.engine.support.hierarchical.NodeTestTask.executeRecursively(NodeTestTask.java:163)
	at org.junit.platform.engine.support.hierarchical.NodeTestTask.execute(NodeTestTask.java:116)
	at org.junit.platform.engine.support.hierarchical.SameThreadHierarchicalTestExecutorService.submit(SameThreadHierarchicalTestExecutorService.java:36)
	at org.junit.platform.engine.support.hierarchical.HierarchicalTestExecutor.execute(HierarchicalTestExecutor.java:52)
	at org.junit.platform.engine.support.hierarchical.HierarchicalTestEngine.execute(HierarchicalTestEngine.java:58)
	at org.junit.platform.launcher.core.EngineExecutionOrchestrator.executeEngine(EngineExecutionOrchestrator.java:246)
	at org.junit.platform.launcher.core.EngineExecutionOrchestrator.failOrExecuteEngine(EngineExecutionOrchestrator.java:218)
	at org.junit.platform.launcher.core.EngineExecutionOrchestrator.execute(EngineExecutionOrchestrator.java:179)
	at org.junit.platform.launcher.core.EngineExecutionOrchestrator.execute(EngineExecutionOrchestrator.java:108)
	at org.junit.platform.launcher.core.EngineExecutionOrchestrator.lambda$execute$0(EngineExecutionOrchestrator.java:66)
	at org.junit.platform.launcher.core.EngineExecutionOrchestrator.withInterceptedStreams(EngineExecutionOrchestrator.java:157)
	at org.junit.platform.launcher.core.EngineExecutionOrchestrator.execute(EngineExecutionOrchestrator.java:65)
	at org.junit.platform.launcher.core.DefaultLauncher.execute(DefaultLauncher.java:125)
	at org.junit.platform.launcher.core.DefaultLauncher.execute(DefaultLauncher.java:114)
	at org.junit.platform.launcher.core.DefaultLauncher.execute(DefaultLauncher.java:93)
	at org.junit.platform.launcher.core.DelegatingLauncher.execute(DelegatingLauncher.java:48)
	at org.junit.platform.launcher.core.InterceptingLauncher.lambda$execute$0(InterceptingLauncher.java:41)
	at org.junit.platform.launcher.core.ClasspathAlignmentCheckingLauncherInterceptor.intercept(ClasspathAlignmentCheckingLauncherInterceptor.java:25)
	at org.junit.platform.launcher.core.InterceptingLauncher.execute(InterceptingLauncher.java:40)
	at org.junit.platform.launcher.core.DelegatingLauncher.execute(DelegatingLauncher.java:48)
	at org.junit.platform.launcher.core.SessionPerRequestLauncher.execute(SessionPerRequestLauncher.java:67)
	at com.intellij.junit5.JUnit5IdeaTestRunner.startRunnerWithArgs(JUnit5IdeaTestRunner.java:57)
	at com.intellij.rt.junit.IdeaTestRunner$Repeater$1.execute(IdeaTestRunner.java:38)
	at com.intellij.rt.execution.junit.TestsRepeater.repeat(TestsRepeater.java:11)
	at com.intellij.rt.junit.IdeaTestRunner$Repeater.startRunnerWithArgs(IdeaTestRunner.java:35)
	at com.intellij.rt.junit.JUnitStarter.prepareStreamsAndStart(JUnitStarter.java:231)
	at com.intellij.rt.junit.JUnitStarter.main(JUnitStarter.java:55)
2026-03-03 19:06:30 [] WARN  - Caught exception while allowing TestExecutionListener [org.springframework.test.context.web.ServletTestExecutionListener] to prepare test instance [com.site.webapp.repo.TasksRepositoryTest@19d9ba89]
java.lang.IllegalStateException: ApplicationContext failure threshold (1) exceeded: skipping repeated attempt to load context for [WebMergedContextConfiguration@52c6e959 testClass = com.site.webapp.repo.TasksRepositoryTest, locations = [], classes = [com.site.webapp.WebappApplication], contextInitializerClasses = [], activeProfiles = [], propertySourceDescriptors = [], propertySourceProperties = ["org.springframework.boot.test.context.SpringBootTestContextBootstrapper=true"], contextCustomizers = [org.springframework.boot.test.context.PropertyMappingContextCustomizer@0, org.springframework.boot.test.context.filter.ExcludeFilterContextCustomizer@5dda6f9, org.springframework.boot.test.json.DuplicateJsonObjectContextCustomizerFactory$DuplicateJsonObjectContextCustomizer@67af833b, org.springframework.test.context.support.DynamicPropertiesContextCustomizer@0, org.springframework.boot.webmvc.test.autoconfigure.WebDriverContextCustomizer@7646731d, org.springframework.boot.web.server.context.SpringBootTestRandomPortContextCustomizerFactory$Customizer@5a4bef8, org.springframework.boot.test.autoconfigure.OnFailureConditionReportContextCustomizerFactory$OnFailureConditionReportContextCustomizer@5d8445d7, org.springframework.boot.test.context.SpringBootTestAnnotation@81eefd6a], resourceBasePath = "src/main/webapp", contextLoader = org.springframework.boot.test.context.SpringBootContextLoader, parent = null]
	at org.springframework.test.context.cache.DefaultCacheAwareContextLoaderDelegate.loadContext(DefaultCacheAwareContextLoaderDelegate.java:157)
	at org.springframework.test.context.support.DefaultTestContext.getApplicationContext(DefaultTestContext.java:128)
	at org.springframework.test.context.web.ServletTestExecutionListener.setUpRequestContextIfNecessary(ServletTestExecutionListener.java:200)
	at org.springframework.test.context.web.ServletTestExecutionListener.prepareTestInstance(ServletTestExecutionListener.java:139)
	at org.springframework.test.context.TestContextManager.prepareTestInstance(TestContextManager.java:260)
	at org.springframework.test.context.junit.jupiter.SpringExtension.postProcessTestInstance(SpringExtension.java:203)
	at org.junit.jupiter.engine.descriptor.ClassBasedTestDescriptor.lambda$invokeTestInstancePostProcessors$1(ClassBasedTestDescriptor.java:423)
	at org.junit.jupiter.engine.descriptor.ClassBasedTestDescriptor.executeAndMaskThrowable(ClassBasedTestDescriptor.java:428)
	at org.junit.jupiter.engine.descriptor.ClassBasedTestDescriptor.lambda$invokeTestInstancePostProcessors$0(ClassBasedTestDescriptor.java:422)
	at java.base/java.util.stream.ForEachOps$ForEachOp$OfRef.accept(ForEachOps.java:184)
	at java.base/java.util.stream.ReferencePipeline$3$1.accept(ReferencePipeline.java:197)
	at java.base/java.util.stream.ReferencePipeline$2$1.accept(ReferencePipeline.java:179)
	at java.base/java.util.stream.ReferencePipeline$3$1.accept(ReferencePipeline.java:197)
	at java.base/java.util.ArrayList$ArrayListSpliterator.forEachRemaining(ArrayList.java:1708)
	at java.base/java.util.stream.AbstractPipeline.copyInto(AbstractPipeline.java:509)
	at java.base/java.util.stream.AbstractPipeline.wrapAndCopyInto(AbstractPipeline.java:499)
	at java.base/java.util.stream.ForEachOps$ForEachOp.evaluateSequential(ForEachOps.java:151)
	at java.base/java.util.stream.ForEachOps$ForEachOp$OfRef.evaluateSequential(ForEachOps.java:174)
	at java.base/java.util.stream.AbstractPipeline.evaluate(AbstractPipeline.java:234)
	at java.base/java.util.stream.ReferencePipeline.forEach(ReferencePipeline.java:596)
	at org.junit.jupiter.engine.descriptor.ClassBasedTestDescriptor.invokeTestInstancePostProcessors(ClassBasedTestDescriptor.java:422)
	at org.junit.jupiter.engine.descriptor.ClassBasedTestDescriptor.lambda$instantiateAndPostProcessTestInstance$0(ClassBasedTestDescriptor.java:334)
	at org.junit.platform.engine.support.hierarchical.ThrowableCollector.execute(ThrowableCollector.java:74)
	at org.junit.jupiter.engine.descriptor.ClassBasedTestDescriptor.instantiateAndPostProcessTestInstance(ClassBasedTestDescriptor.java:333)
	at org.junit.jupiter.engine.descriptor.ClassBasedTestDescriptor.lambda$testInstancesProvider$1(ClassBasedTestDescriptor.java:322)
	at java.base/java.util.Optional.orElseGet(Optional.java:364)
	at org.junit.jupiter.engine.descriptor.ClassBasedTestDescriptor.lambda$testInstancesProvider$0(ClassBasedTestDescriptor.java:321)
	at org.junit.jupiter.engine.execution.TestInstancesProvider.getTestInstances(TestInstancesProvider.java:27)
	at org.junit.jupiter.engine.descriptor.TestMethodTestDescriptor.lambda$prepare$0(TestMethodTestDescriptor.java:127)
	at org.junit.platform.engine.support.hierarchical.ThrowableCollector.execute(ThrowableCollector.java:74)
	at org.junit.jupiter.engine.descriptor.TestMethodTestDescriptor.prepare(TestMethodTestDescriptor.java:126)
	at org.junit.jupiter.engine.descriptor.TestMethodTestDescriptor.prepare(TestMethodTestDescriptor.java:70)
	at org.junit.platform.engine.support.hierarchical.NodeTestTask.lambda$prepare$0(NodeTestTask.java:144)
	at org.junit.platform.engine.support.hierarchical.ThrowableCollector.execute(ThrowableCollector.java:74)
	at org.junit.platform.engine.support.hierarchical.NodeTestTask.prepare(NodeTestTask.java:144)
	at org.junit.platform.engine.support.hierarchical.NodeTestTask.execute(NodeTestTask.java:110)
	at java.base/java.util.ArrayList.forEach(ArrayList.java:1596)
	at org.junit.platform.engine.support.hierarchical.SameThreadHierarchicalTestExecutorService.invokeAll(SameThreadHierarchicalTestExecutorService.java:42)
	at org.junit.platform.engine.support.hierarchical.NodeTestTask.lambda$executeRecursively$2(NodeTestTask.java:180)
	at org.junit.platform.engine.support.hierarchical.ThrowableCollector.execute(ThrowableCollector.java:74)
	at org.junit.platform.engine.support.hierarchical.NodeTestTask.lambda$executeRecursively$1(NodeTestTask.java:166)
	at org.junit.platform.engine.support.hierarchical.Node.around(Node.java:138)
	at org.junit.platform.engine.support.hierarchical.NodeTestTask.lambda$executeRecursively$0(NodeTestTask.java:164)
	at org.junit.platform.engine.support.hierarchical.ThrowableCollector.execute(ThrowableCollector.java:74)
	at org.junit.platform.engine.support.hierarchical.NodeTestTask.executeRecursively(NodeTestTask.java:163)
	at org.junit.platform.engine.support.hierarchical.NodeTestTask.execute(NodeTestTask.java:116)
	at java.base/java.util.ArrayList.forEach(ArrayList.java:1596)
	at org.junit.platform.engine.support.hierarchical.SameThreadHierarchicalTestExecutorService.invokeAll(SameThreadHierarchicalTestExecutorService.java:42)
	at org.junit.platform.engine.support.hierarchical.NodeTestTask.lambda$executeRecursively$2(NodeTestTask.java:180)
	at org.junit.platform.engine.support.hierarchical.ThrowableCollector.execute(ThrowableCollector.java:74)
	at org.junit.platform.engine.support.hierarchical.NodeTestTask.lambda$executeRecursively$1(NodeTestTask.java:166)
	at org.junit.platform.engine.support.hierarchical.Node.around(Node.java:138)
	at org.junit.platform.engine.support.hierarchical.NodeTestTask.lambda$executeRecursively$0(NodeTestTask.java:164)
	at org.junit.platform.engine.support.hierarchical.ThrowableCollector.execute(ThrowableCollector.java:74)
	at org.junit.platform.engine.support.hierarchical.NodeTestTask.executeRecursively(NodeTestTask.java:163)
	at org.junit.platform.engine.support.hierarchical.NodeTestTask.execute(NodeTestTask.java:116)
	at org.junit.platform.engine.support.hierarchical.SameThreadHierarchicalTestExecutorService.submit(SameThreadHierarchicalTestExecutorService.java:36)
	at org.junit.platform.engine.support.hierarchical.HierarchicalTestExecutor.execute(HierarchicalTestExecutor.java:52)
	at org.junit.platform.engine.support.hierarchical.HierarchicalTestEngine.execute(HierarchicalTestEngine.java:58)
	at org.junit.platform.launcher.core.EngineExecutionOrchestrator.executeEngine(EngineExecutionOrchestrator.java:246)
	at org.junit.platform.launcher.core.EngineExecutionOrchestrator.failOrExecuteEngine(EngineExecutionOrchestrator.java:218)
	at org.junit.platform.launcher.core.EngineExecutionOrchestrator.execute(EngineExecutionOrchestrator.java:179)
	at org.junit.platform.launcher.core.EngineExecutionOrchestrator.execute(EngineExecutionOrchestrator.java:108)
	at org.junit.platform.launcher.core.EngineExecutionOrchestrator.lambda$execute$0(EngineExecutionOrchestrator.java:66)
	at org.junit.platform.launcher.core.EngineExecutionOrchestrator.withInterceptedStreams(EngineExecutionOrchestrator.java:157)
	at org.junit.platform.launcher.core.EngineExecutionOrchestrator.execute(EngineExecutionOrchestrator.java:65)
	at org.junit.platform.launcher.core.DefaultLauncher.execute(DefaultLauncher.java:125)
	at org.junit.platform.launcher.core.DefaultLauncher.execute(DefaultLauncher.java:114)
	at org.junit.platform.launcher.core.DefaultLauncher.execute(DefaultLauncher.java:93)
	at org.junit.platform.launcher.core.DelegatingLauncher.execute(DelegatingLauncher.java:48)
	at org.junit.platform.launcher.core.InterceptingLauncher.lambda$execute$0(InterceptingLauncher.java:41)
	at org.junit.platform.launcher.core.ClasspathAlignmentCheckingLauncherInterceptor.intercept(ClasspathAlignmentCheckingLauncherInterceptor.java:25)
	at org.junit.platform.launcher.core.InterceptingLauncher.execute(InterceptingLauncher.java:40)
	at org.junit.platform.launcher.core.DelegatingLauncher.execute(DelegatingLauncher.java:48)
	at org.junit.platform.launcher.core.SessionPerRequestLauncher.execute(SessionPerRequestLauncher.java:67)
	at com.intellij.junit5.JUnit5IdeaTestRunner.startRunnerWithArgs(JUnit5IdeaTestRunner.java:57)
	at com.intellij.rt.junit.IdeaTestRunner$Repeater$1.execute(IdeaTestRunner.java:38)
	at com.intellij.rt.execution.junit.TestsRepeater.repeat(TestsRepeater.java:11)
	at com.intellij.rt.junit.IdeaTestRunner$Repeater.startRunnerWithArgs(IdeaTestRunner.java:35)
	at com.intellij.rt.junit.JUnitStarter.prepareStreamsAndStart(JUnitStarter.java:231)
	at com.intellij.rt.junit.JUnitStarter.main(JUnitStarter.java:55)
2026-03-03 19:06:30 [] WARN  - Caught exception while allowing TestExecutionListener [org.springframework.test.context.web.ServletTestExecutionListener] to prepare test instance [com.site.webapp.repo.TasksRepositoryTest@20163008]
java.lang.IllegalStateException: ApplicationContext failure threshold (1) exceeded: skipping repeated attempt to load context for [WebMergedContextConfiguration@52c6e959 testClass = com.site.webapp.repo.TasksRepositoryTest, locations = [], classes = [com.site.webapp.WebappApplication], contextInitializerClasses = [], activeProfiles = [], propertySourceDescriptors = [], propertySourceProperties = ["org.springframework.boot.test.context.SpringBootTestContextBootstrapper=true"], contextCustomizers = [org.springframework.boot.test.context.PropertyMappingContextCustomizer@0, org.springframework.boot.test.context.filter.ExcludeFilterContextCustomizer@5dda6f9, org.springframework.boot.test.json.DuplicateJsonObjectContextCustomizerFactory$DuplicateJsonObjectContextCustomizer@67af833b, org.springframework.test.context.support.DynamicPropertiesContextCustomizer@0, org.springframework.boot.webmvc.test.autoconfigure.WebDriverContextCustomizer@7646731d, org.springframework.boot.web.server.context.SpringBootTestRandomPortContextCustomizerFactory$Customizer@5a4bef8, org.springframework.boot.test.autoconfigure.OnFailureConditionReportContextCustomizerFactory$OnFailureConditionReportContextCustomizer@5d8445d7, org.springframework.boot.test.context.SpringBootTestAnnotation@81eefd6a], resourceBasePath = "src/main/webapp", contextLoader = org.springframework.boot.test.context.SpringBootContextLoader, parent = null]
	at org.springframework.test.context.cache.DefaultCacheAwareContextLoaderDelegate.loadContext(DefaultCacheAwareContextLoaderDelegate.java:157)
	at org.springframework.test.context.support.DefaultTestContext.getApplicationContext(DefaultTestContext.java:128)
	at org.springframework.test.context.web.ServletTestExecutionListener.setUpRequestContextIfNecessary(ServletTestExecutionListener.java:200)
	at org.springframework.test.context.web.ServletTestExecutionListener.prepareTestInstance(ServletTestExecutionListener.java:139)
	at org.springframework.test.context.TestContextManager.prepareTestInstance(TestContextManager.java:260)
	at org.springframework.test.context.junit.jupiter.SpringExtension.postProcessTestInstance(SpringExtension.java:203)
	at org.junit.jupiter.engine.descriptor.ClassBasedTestDescriptor.lambda$invokeTestInstancePostProcessors$1(ClassBasedTestDescriptor.java:423)
	at org.junit.jupiter.engine.descriptor.ClassBasedTestDescriptor.executeAndMaskThrowable(ClassBasedTestDescriptor.java:428)
	at org.junit.jupiter.engine.descriptor.ClassBasedTestDescriptor.lambda$invokeTestInstancePostProcessors$0(ClassBasedTestDescriptor.java:422)
	at java.base/java.util.stream.ForEachOps$ForEachOp$OfRef.accept(ForEachOps.java:184)
	at java.base/java.util.stream.ReferencePipeline$3$1.accept(ReferencePipeline.java:197)
	at java.base/java.util.stream.ReferencePipeline$2$1.accept(ReferencePipeline.java:179)
	at java.base/java.util.stream.ReferencePipeline$3$1.accept(ReferencePipeline.java:197)
	at java.base/java.util.ArrayList$ArrayListSpliterator.forEachRemaining(ArrayList.java:1708)
	at java.base/java.util.stream.AbstractPipeline.copyInto(AbstractPipeline.java:509)
	at java.base/java.util.stream.AbstractPipeline.wrapAndCopyInto(AbstractPipeline.java:499)
	at java.base/java.util.stream.ForEachOps$ForEachOp.evaluateSequential(ForEachOps.java:151)
	at java.base/java.util.stream.ForEachOps$ForEachOp$OfRef.evaluateSequential(ForEachOps.java:174)
	at java.base/java.util.stream.AbstractPipeline.evaluate(AbstractPipeline.java:234)
	at java.base/java.util.stream.ReferencePipeline.forEach(ReferencePipeline.java:596)
	at org.junit.jupiter.engine.descriptor.ClassBasedTestDescriptor.invokeTestInstancePostProcessors(ClassBasedTestDescriptor.java:422)
	at org.junit.jupiter.engine.descriptor.ClassBasedTestDescriptor.lambda$instantiateAndPostProcessTestInstance$0(ClassBasedTestDescriptor.java:334)
	at org.junit.platform.engine.support.hierarchical.ThrowableCollector.execute(ThrowableCollector.java:74)
	at org.junit.jupiter.engine.descriptor.ClassBasedTestDescriptor.instantiateAndPostProcessTestInstance(ClassBasedTestDescriptor.java:333)
	at org.junit.jupiter.engine.descriptor.ClassBasedTestDescriptor.lambda$testInstancesProvider$1(ClassBasedTestDescriptor.java:322)
	at java.base/java.util.Optional.orElseGet(Optional.java:364)
	at org.junit.jupiter.engine.descriptor.ClassBasedTestDescriptor.lambda$testInstancesProvider$0(ClassBasedTestDescriptor.java:321)
	at org.junit.jupiter.engine.execution.TestInstancesProvider.getTestInstances(TestInstancesProvider.java:27)
	at org.junit.jupiter.engine.descriptor.TestMethodTestDescriptor.lambda$prepare$0(TestMethodTestDescriptor.java:127)
	at org.junit.platform.engine.support.hierarchical.ThrowableCollector.execute(ThrowableCollector.java:74)
	at org.junit.jupiter.engine.descriptor.TestMethodTestDescriptor.prepare(TestMethodTestDescriptor.java:126)
	at org.junit.jupiter.engine.descriptor.TestMethodTestDescriptor.prepare(TestMethodTestDescriptor.java:70)
	at org.junit.platform.engine.support.hierarchical.NodeTestTask.lambda$prepare$0(NodeTestTask.java:144)
	at org.junit.platform.engine.support.hierarchical.ThrowableCollector.execute(ThrowableCollector.java:74)
	at org.junit.platform.engine.support.hierarchical.NodeTestTask.prepare(NodeTestTask.java:144)
	at org.junit.platform.engine.support.hierarchical.NodeTestTask.execute(NodeTestTask.java:110)
	at java.base/java.util.ArrayList.forEach(ArrayList.java:1596)
	at org.junit.platform.engine.support.hierarchical.SameThreadHierarchicalTestExecutorService.invokeAll(SameThreadHierarchicalTestExecutorService.java:42)
	at org.junit.platform.engine.support.hierarchical.NodeTestTask.lambda$executeRecursively$2(NodeTestTask.java:180)
	at org.junit.platform.engine.support.hierarchical.ThrowableCollector.execute(ThrowableCollector.java:74)
	at org.junit.platform.engine.support.hierarchical.NodeTestTask.lambda$executeRecursively$1(NodeTestTask.java:166)
	at org.junit.platform.engine.support.hierarchical.Node.around(Node.java:138)
	at org.junit.platform.engine.support.hierarchical.NodeTestTask.lambda$executeRecursively$0(NodeTestTask.java:164)
	at org.junit.platform.engine.support.hierarchical.ThrowableCollector.execute(ThrowableCollector.java:74)
	at org.junit.platform.engine.support.hierarchical.NodeTestTask.executeRecursively(NodeTestTask.java:163)
	at org.junit.platform.engine.support.hierarchical.NodeTestTask.execute(NodeTestTask.java:116)
	at java.base/java.util.ArrayList.forEach(ArrayList.java:1596)
	at org.junit.platform.engine.support.hierarchical.SameThreadHierarchicalTestExecutorService.invokeAll(SameThreadHierarchicalTestExecutorService.java:42)
	at org.junit.platform.engine.support.hierarchical.NodeTestTask.lambda$executeRecursively$2(NodeTestTask.java:180)
	at org.junit.platform.engine.support.hierarchical.ThrowableCollector.execute(ThrowableCollector.java:74)
	at org.junit.platform.engine.support.hierarchical.NodeTestTask.lambda$executeRecursively$1(NodeTestTask.java:166)
	at org.junit.platform.engine.support.hierarchical.Node.around(Node.java:138)
	at org.junit.platform.engine.support.hierarchical.NodeTestTask.lambda$executeRecursively$0(NodeTestTask.java:164)
	at org.junit.platform.engine.support.hierarchical.ThrowableCollector.execute(ThrowableCollector.java:74)
	at org.junit.platform.engine.support.hierarchical.NodeTestTask.executeRecursively(NodeTestTask.java:163)
	at org.junit.platform.engine.support.hierarchical.NodeTestTask.execute(NodeTestTask.java:116)
	at org.junit.platform.engine.support.hierarchical.SameThreadHierarchicalTestExecutorService.submit(SameThreadHierarchicalTestExecutorService.java:36)
	at org.junit.platform.engine.support.hierarchical.HierarchicalTestExecutor.execute(HierarchicalTestExecutor.java:52)
	at org.junit.platform.engine.support.hierarchical.HierarchicalTestEngine.execute(HierarchicalTestEngine.java:58)
	at org.junit.platform.launcher.core.EngineExecutionOrchestrator.executeEngine(EngineExecutionOrchestrator.java:246)
	at org.junit.platform.launcher.core.EngineExecutionOrchestrator.failOrExecuteEngine(EngineExecutionOrchestrator.java:218)
	at org.junit.platform.launcher.core.EngineExecutionOrchestrator.execute(EngineExecutionOrchestrator.java:179)
	at org.junit.platform.launcher.core.EngineExecutionOrchestrator.execute(EngineExecutionOrchestrator.java:108)
	at org.junit.platform.launcher.core.EngineExecutionOrchestrator.lambda$execute$0(EngineExecutionOrchestrator.java:66)
	at org.junit.platform.launcher.core.EngineExecutionOrchestrator.withInterceptedStreams(EngineExecutionOrchestrator.java:157)
	at org.junit.platform.launcher.core.EngineExecutionOrchestrator.execute(EngineExecutionOrchestrator.java:65)
	at org.junit.platform.launcher.core.DefaultLauncher.execute(DefaultLauncher.java:125)
	at org.junit.platform.launcher.core.DefaultLauncher.execute(DefaultLauncher.java:114)
	at org.junit.platform.launcher.core.DefaultLauncher.execute(DefaultLauncher.java:93)
	at org.junit.platform.launcher.core.DelegatingLauncher.execute(DelegatingLauncher.java:48)
	at org.junit.platform.launcher.core.InterceptingLauncher.lambda$execute$0(InterceptingLauncher.java:41)
	at org.junit.platform.launcher.core.ClasspathAlignmentCheckingLauncherInterceptor.intercept(ClasspathAlignmentCheckingLauncherInterceptor.java:25)
	at org.junit.platform.launcher.core.InterceptingLauncher.execute(InterceptingLauncher.java:40)
	at org.junit.platform.launcher.core.DelegatingLauncher.execute(DelegatingLauncher.java:48)
	at org.junit.platform.launcher.core.SessionPerRequestLauncher.execute(SessionPerRequestLauncher.java:67)
	at com.intellij.junit5.JUnit5IdeaTestRunner.startRunnerWithArgs(JUnit5IdeaTestRunner.java:57)
	at com.intellij.rt.junit.IdeaTestRunner$Repeater$1.execute(IdeaTestRunner.java:38)
	at com.intellij.rt.execution.junit.TestsRepeater.repeat(TestsRepeater.java:11)
	at com.intellij.rt.junit.IdeaTestRunner$Repeater.startRunnerWithArgs(IdeaTestRunner.java:35)
	at com.intellij.rt.junit.JUnitStarter.prepareStreamsAndStart(JUnitStarter.java:231)
	at com.intellij.rt.junit.JUnitStarter.main(JUnitStarter.java:55)
2026-03-03 19:06:30 [] WARN  - Caught exception while allowing TestExecutionListener [org.springframework.test.context.web.ServletTestExecutionListener] to prepare test instance [com.site.webapp.repo.TasksRepositoryTest@3f40568e]
java.lang.IllegalStateException: ApplicationContext failure threshold (1) exceeded: skipping repeated attempt to load context for [WebMergedContextConfiguration@52c6e959 testClass = com.site.webapp.repo.TasksRepositoryTest, locations = [], classes = [com.site.webapp.WebappApplication], contextInitializerClasses = [], activeProfiles = [], propertySourceDescriptors = [], propertySourceProperties = ["org.springframework.boot.test.context.SpringBootTestContextBootstrapper=true"], contextCustomizers = [org.springframework.boot.test.context.PropertyMappingContextCustomizer@0, org.springframework.boot.test.context.filter.ExcludeFilterContextCustomizer@5dda6f9, org.springframework.boot.test.json.DuplicateJsonObjectContextCustomizerFactory$DuplicateJsonObjectContextCustomizer@67af833b, org.springframework.test.context.support.DynamicPropertiesContextCustomizer@0, org.springframework.boot.webmvc.test.autoconfigure.WebDriverContextCustomizer@7646731d, org.springframework.boot.web.server.context.SpringBootTestRandomPortContextCustomizerFactory$Customizer@5a4bef8, org.springframework.boot.test.autoconfigure.OnFailureConditionReportContextCustomizerFactory$OnFailureConditionReportContextCustomizer@5d8445d7, org.springframework.boot.test.context.SpringBootTestAnnotation@81eefd6a], resourceBasePath = "src/main/webapp", contextLoader = org.springframework.boot.test.context.SpringBootContextLoader, parent = null]
	at org.springframework.test.context.cache.DefaultCacheAwareContextLoaderDelegate.loadContext(DefaultCacheAwareContextLoaderDelegate.java:157)
	at org.springframework.test.context.support.DefaultTestContext.getApplicationContext(DefaultTestContext.java:128)
	at org.springframework.test.context.web.ServletTestExecutionListener.setUpRequestContextIfNecessary(ServletTestExecutionListener.java:200)
	at org.springframework.test.context.web.ServletTestExecutionListener.prepareTestInstance(ServletTestExecutionListener.java:139)
	at org.springframework.test.context.TestContextManager.prepareTestInstance(TestContextManager.java:260)
	at org.springframework.test.context.junit.jupiter.SpringExtension.postProcessTestInstance(SpringExtension.java:203)
	at org.junit.jupiter.engine.descriptor.ClassBasedTestDescriptor.lambda$invokeTestInstancePostProcessors$1(ClassBasedTestDescriptor.java:423)
	at org.junit.jupiter.engine.descriptor.ClassBasedTestDescriptor.executeAndMaskThrowable(ClassBasedTestDescriptor.java:428)
	at org.junit.jupiter.engine.descriptor.ClassBasedTestDescriptor.lambda$invokeTestInstancePostProcessors$0(ClassBasedTestDescriptor.java:422)
	at java.base/java.util.stream.ForEachOps$ForEachOp$OfRef.accept(ForEachOps.java:184)
	at java.base/java.util.stream.ReferencePipeline$3$1.accept(ReferencePipeline.java:197)
	at java.base/java.util.stream.ReferencePipeline$2$1.accept(ReferencePipeline.java:179)
	at java.base/java.util.stream.ReferencePipeline$3$1.accept(ReferencePipeline.java:197)
	at java.base/java.util.ArrayList$ArrayListSpliterator.forEachRemaining(ArrayList.java:1708)
	at java.base/java.util.stream.AbstractPipeline.copyInto(AbstractPipeline.java:509)
	at java.base/java.util.stream.AbstractPipeline.wrapAndCopyInto(AbstractPipeline.java:499)
	at java.base/java.util.stream.ForEachOps$ForEachOp.evaluateSequential(ForEachOps.java:151)
	at java.base/java.util.stream.ForEachOps$ForEachOp$OfRef.evaluateSequential(ForEachOps.java:174)
	at java.base/java.util.stream.AbstractPipeline.evaluate(AbstractPipeline.java:234)
	at java.base/java.util.stream.ReferencePipeline.forEach(ReferencePipeline.java:596)
	at org.junit.jupiter.engine.descriptor.ClassBasedTestDescriptor.invokeTestInstancePostProcessors(ClassBasedTestDescriptor.java:422)
	at org.junit.jupiter.engine.descriptor.ClassBasedTestDescriptor.lambda$instantiateAndPostProcessTestInstance$0(ClassBasedTestDescriptor.java:334)
	at org.junit.platform.engine.support.hierarchical.ThrowableCollector.execute(ThrowableCollector.java:74)
	at org.junit.jupiter.engine.descriptor.ClassBasedTestDescriptor.instantiateAndPostProcessTestInstance(ClassBasedTestDescriptor.java:333)
	at org.junit.jupiter.engine.descriptor.ClassBasedTestDescriptor.lambda$testInstancesProvider$1(ClassBasedTestDescriptor.java:322)
	at java.base/java.util.Optional.orElseGet(Optional.java:364)
	at org.junit.jupiter.engine.descriptor.ClassBasedTestDescriptor.lambda$testInstancesProvider$0(ClassBasedTestDescriptor.java:321)
	at org.junit.jupiter.engine.execution.TestInstancesProvider.getTestInstances(TestInstancesProvider.java:27)
	at org.junit.jupiter.engine.descriptor.TestMethodTestDescriptor.lambda$prepare$0(TestMethodTestDescriptor.java:127)
	at org.junit.platform.engine.support.hierarchical.ThrowableCollector.execute(ThrowableCollector.java:74)
	at org.junit.jupiter.engine.descriptor.TestMethodTestDescriptor.prepare(TestMethodTestDescriptor.java:126)
	at org.junit.jupiter.engine.descriptor.TestMethodTestDescriptor.prepare(TestMethodTestDescriptor.java:70)
	at org.junit.platform.engine.support.hierarchical.NodeTestTask.lambda$prepare$0(NodeTestTask.java:144)
	at org.junit.platform.engine.support.hierarchical.ThrowableCollector.execute(ThrowableCollector.java:74)
	at org.junit.platform.engine.support.hierarchical.NodeTestTask.prepare(NodeTestTask.java:144)
	at org.junit.platform.engine.support.hierarchical.NodeTestTask.execute(NodeTestTask.java:110)
	at java.base/java.util.ArrayList.forEach(ArrayList.java:1596)
	at org.junit.platform.engine.support.hierarchical.SameThreadHierarchicalTestExecutorService.invokeAll(SameThreadHierarchicalTestExecutorService.java:42)
	at org.junit.platform.engine.support.hierarchical.NodeTestTask.lambda$executeRecursively$2(NodeTestTask.java:180)
	at org.junit.platform.engine.support.hierarchical.ThrowableCollector.execute(ThrowableCollector.java:74)
	at org.junit.platform.engine.support.hierarchical.NodeTestTask.lambda$executeRecursively$1(NodeTestTask.java:166)
	at org.junit.platform.engine.support.hierarchical.Node.around(Node.java:138)
	at org.junit.platform.engine.support.hierarchical.NodeTestTask.lambda$executeRecursively$0(NodeTestTask.java:164)
	at org.junit.platform.engine.support.hierarchical.ThrowableCollector.execute(ThrowableCollector.java:74)
	at org.junit.platform.engine.support.hierarchical.NodeTestTask.executeRecursively(NodeTestTask.java:163)
	at org.junit.platform.engine.support.hierarchical.NodeTestTask.execute(NodeTestTask.java:116)
	at java.base/java.util.ArrayList.forEach(ArrayList.java:1596)
	at org.junit.platform.engine.support.hierarchical.SameThreadHierarchicalTestExecutorService.invokeAll(SameThreadHierarchicalTestExecutorService.java:42)
	at org.junit.platform.engine.support.hierarchical.NodeTestTask.lambda$executeRecursively$2(NodeTestTask.java:180)
	at org.junit.platform.engine.support.hierarchical.ThrowableCollector.execute(ThrowableCollector.java:74)
	at org.junit.platform.engine.support.hierarchical.NodeTestTask.lambda$executeRecursively$1(NodeTestTask.java:166)
	at org.junit.platform.engine.support.hierarchical.Node.around(Node.java:138)
	at org.junit.platform.engine.support.hierarchical.NodeTestTask.lambda$executeRecursively$0(NodeTestTask.java:164)
	at org.junit.platform.engine.support.hierarchical.ThrowableCollector.execute(ThrowableCollector.java:74)
	at org.junit.platform.engine.support.hierarchical.NodeTestTask.executeRecursively(NodeTestTask.java:163)
	at org.junit.platform.engine.support.hierarchical.NodeTestTask.execute(NodeTestTask.java:116)
	at org.junit.platform.engine.support.hierarchical.SameThreadHierarchicalTestExecutorService.submit(SameThreadHierarchicalTestExecutorService.java:36)
	at org.junit.platform.engine.support.hierarchical.HierarchicalTestExecutor.execute(HierarchicalTestExecutor.java:52)
	at org.junit.platform.engine.support.hierarchical.HierarchicalTestEngine.execute(HierarchicalTestEngine.java:58)
	at org.junit.platform.launcher.core.EngineExecutionOrchestrator.executeEngine(EngineExecutionOrchestrator.java:246)
	at org.junit.platform.launcher.core.EngineExecutionOrchestrator.failOrExecuteEngine(EngineExecutionOrchestrator.java:218)
	at org.junit.platform.launcher.core.EngineExecutionOrchestrator.execute(EngineExecutionOrchestrator.java:179)
	at org.junit.platform.launcher.core.EngineExecutionOrchestrator.execute(EngineExecutionOrchestrator.java:108)
	at org.junit.platform.launcher.core.EngineExecutionOrchestrator.lambda$execute$0(EngineExecutionOrchestrator.java:66)
	at org.junit.platform.launcher.core.EngineExecutionOrchestrator.withInterceptedStreams(EngineExecutionOrchestrator.java:157)
	at org.junit.platform.launcher.core.EngineExecutionOrchestrator.execute(EngineExecutionOrchestrator.java:65)
	at org.junit.platform.launcher.core.DefaultLauncher.execute(DefaultLauncher.java:125)
	at org.junit.platform.launcher.core.DefaultLauncher.execute(DefaultLauncher.java:114)
	at org.junit.platform.launcher.core.DefaultLauncher.execute(DefaultLauncher.java:93)
	at org.junit.platform.launcher.core.DelegatingLauncher.execute(DelegatingLauncher.java:48)
	at org.junit.platform.launcher.core.InterceptingLauncher.lambda$execute$0(InterceptingLauncher.java:41)
	at org.junit.platform.launcher.core.ClasspathAlignmentCheckingLauncherInterceptor.intercept(ClasspathAlignmentCheckingLauncherInterceptor.java:25)
	at org.junit.platform.launcher.core.InterceptingLauncher.execute(InterceptingLauncher.java:40)
	at org.junit.platform.launcher.core.DelegatingLauncher.execute(DelegatingLauncher.java:48)
	at org.junit.platform.launcher.core.SessionPerRequestLauncher.execute(SessionPerRequestLauncher.java:67)
	at com.intellij.junit5.JUnit5IdeaTestRunner.startRunnerWithArgs(JUnit5IdeaTestRunner.java:57)
	at com.intellij.rt.junit.IdeaTestRunner$Repeater$1.execute(IdeaTestRunner.java:38)
	at com.intellij.rt.execution.junit.TestsRepeater.repeat(TestsRepeater.java:11)
	at com.intellij.rt.junit.IdeaTestRunner$Repeater.startRunnerWithArgs(IdeaTestRunner.java:35)
	at com.intellij.rt.junit.JUnitStarter.prepareStreamsAndStart(JUnitStarter.java:231)
	at com.intellij.rt.junit.JUnitStarter.main(JUnitStarter.java:55)
2026-03-03 19:08:52 [] INFO  - Starting UserRepositoryTest using Java 21.0.7 with PID 22300 (started by Дима in C:\Users\Дима\Downloads\webappII\webapp)
2026-03-03 19:08:52 [] DEBUG - Running with Spring Boot v4.0.0, Spring v7.0.1
2026-03-03 19:08:52 [] INFO  - No active profile set, falling back to 1 default profile: "default"
2026-03-03 19:08:53 [] INFO  - Bootstrapping Spring Data JPA repositories in DEFAULT mode.
2026-03-03 19:08:53 [] INFO  - Finished Spring Data repository scanning in 53 ms. Found 3 JPA repository interfaces.
2026-03-03 19:08:53 [] INFO  - HHH000204: Processing PersistenceUnitInfo [name: default]
2026-03-03 19:08:53 [] INFO  - HHH000412: Hibernate ORM core version 7.1.8.Final
2026-03-03 19:08:54 [] INFO  - No LoadTimeWeaver setup: ignoring JPA class transformer
2026-03-03 19:08:54 [] INFO  - HikariPool-1 - Starting...
2026-03-03 19:08:54 [] INFO  - HikariPool-1 - Added connection org.postgresql.jdbc.PgConnection@47ffa248
2026-03-03 19:08:54 [] INFO  - HikariPool-1 - Start completed.
2026-03-03 19:08:54 [] WARN  - HHH000342: Could not obtain connection to query JDBC database metadata
org.hibernate.boot.registry.selector.spi.StrategySelectionException: Unable to resolve name [org.hibernate.dialect.PostgresSQLDialect] as strategy [org.hibernate.dialect.Dialect]
	at org.hibernate.boot.registry.selector.internal.StrategySelectorImpl.selectStrategyImplementor(StrategySelectorImpl.java:83)
	at org.hibernate.boot.registry.selector.internal.StrategySelectorImpl.resolveStrategy(StrategySelectorImpl.java:163)
	at org.hibernate.boot.registry.selector.internal.StrategySelectorImpl.resolveStrategy(StrategySelectorImpl.java:118)
	at org.hibernate.engine.jdbc.dialect.internal.DialectFactoryImpl.constructDialect(DialectFactoryImpl.java:122)
	at org.hibernate.engine.jdbc.dialect.internal.DialectFactoryImpl.buildDialect(DialectFactoryImpl.java:87)
	at org.hibernate.engine.jdbc.env.internal.JdbcEnvironmentInitiator$1.execute(JdbcEnvironmentInitiator.java:388)
	at org.hibernate.engine.jdbc.env.internal.JdbcEnvironmentInitiator$1.execute(JdbcEnvironmentInitiator.java:356)
	at org.hibernate.jdbc.WorkExecutor.executeReturningWork(WorkExecutor.java:56)
	at org.hibernate.jdbc.AbstractReturningWork.accept(AbstractReturningWork.java:32)
	at org.hibernate.resource.transaction.backend.jdbc.internal.JdbcIsolationDelegate.doWorkAndCommit(JdbcIsolationDelegate.java:89)
	at org.hibernate.resource.transaction.backend.jdbc.internal.JdbcIsolationDelegate.delegateWork(JdbcIsolationDelegate.java:64)
	at org.hibernate.engine.jdbc.env.internal.JdbcEnvironmentInitiator.getJdbcEnvironmentUsingJdbcMetadata(JdbcEnvironmentInitiator.java:355)
	at org.hibernate.engine.jdbc.env.internal.JdbcEnvironmentInitiator.getJdbcEnvironment(JdbcEnvironmentInitiator.java:149)
	at org.hibernate.engine.jdbc.env.internal.JdbcEnvironmentInitiator.initiateService(JdbcEnvironmentInitiator.java:127)
	at org.hibernate.engine.jdbc.env.internal.JdbcEnvironmentInitiator.initiateService(JdbcEnvironmentInitiator.java:82)
	at org.hibernate.boot.registry.internal.StandardServiceRegistryImpl.initiateService(StandardServiceRegistryImpl.java:133)
	at org.hibernate.service.internal.AbstractServiceRegistryImpl.createService(AbstractServiceRegistryImpl.java:262)
	at org.hibernate.service.internal.AbstractServiceRegistryImpl.initializeService(AbstractServiceRegistryImpl.java:237)
	at org.hibernate.service.internal.AbstractServiceRegistryImpl.getService(AbstractServiceRegistryImpl.java:214)
	at org.hibernate.boot.model.relational.Database.<init>(Database.java:44)
	at org.hibernate.boot.internal.InFlightMetadataCollectorImpl.getDatabase(InFlightMetadataCollectorImpl.java:255)
	at org.hibernate.boot.internal.InFlightMetadataCollectorImpl.<init>(InFlightMetadataCollectorImpl.java:207)
	at org.hibernate.boot.model.process.spi.MetadataBuildingProcess.complete(MetadataBuildingProcess.java:185)
	at org.hibernate.jpa.boot.internal.EntityManagerFactoryBuilderImpl.metadata(EntityManagerFactoryBuilderImpl.java:1395)
	at org.hibernate.jpa.boot.internal.EntityManagerFactoryBuilderImpl.populateSessionFactoryBuilder(EntityManagerFactoryBuilderImpl.java:1475)
	at org.hibernate.jpa.boot.internal.EntityManagerFactoryBuilderImpl.build(EntityManagerFactoryBuilderImpl.java:1457)
	at org.springframework.orm.jpa.vendor.SpringHibernateJpaPersistenceProvider.createContainerEntityManagerFactory(SpringHibernateJpaPersistenceProvider.java:66)
	at org.springframework.orm.jpa.LocalContainerEntityManagerFactoryBean.createNativeEntityManagerFactory(LocalContainerEntityManagerFactoryBean.java:433)
	at org.springframework.orm.jpa.AbstractEntityManagerFactoryBean.buildNativeEntityManagerFactory(AbstractEntityManagerFactoryBean.java:416)
	at org.springframework.orm.jpa.AbstractEntityManagerFactoryBean.afterPropertiesSet(AbstractEntityManagerFactoryBean.java:396)
	at org.springframework.orm.jpa.LocalContainerEntityManagerFactoryBean.afterPropertiesSet(LocalContainerEntityManagerFactoryBean.java:409)
	at org.springframework.beans.factory.support.AbstractAutowireCapableBeanFactory.invokeInitMethods(AbstractAutowireCapableBeanFactory.java:1864)
	at org.springframework.beans.factory.support.AbstractAutowireCapableBeanFactory.initializeBean(AbstractAutowireCapableBeanFactory.java:1813)
	at org.springframework.beans.factory.support.AbstractAutowireCapableBeanFactory.doCreateBean(AbstractAutowireCapableBeanFactory.java:603)
	at org.springframework.beans.factory.support.AbstractAutowireCapableBeanFactory.createBean(AbstractAutowireCapableBeanFactory.java:525)
	at org.springframework.beans.factory.support.AbstractBeanFactory.lambda$doGetBean$0(AbstractBeanFactory.java:333)
	at org.springframework.beans.factory.support.DefaultSingletonBeanRegistry.getSingleton(DefaultSingletonBeanRegistry.java:371)
	at org.springframework.beans.factory.support.AbstractBeanFactory.doGetBean(AbstractBeanFactory.java:331)
	at org.springframework.beans.factory.support.AbstractBeanFactory.getBean(AbstractBeanFactory.java:201)
	at org.springframework.context.support.AbstractApplicationContext.finishBeanFactoryInitialization(AbstractApplicationContext.java:966)
	at org.springframework.context.support.AbstractApplicationContext.refresh(AbstractApplicationContext.java:620)
	at org.springframework.boot.SpringApplication.refresh(SpringApplication.java:765)
	at org.springframework.boot.SpringApplication.refreshContext(SpringApplication.java:454)
	at org.springframework.boot.SpringApplication.run(SpringApplication.java:321)
	at org.springframework.boot.test.context.SpringBootContextLoader.lambda$loadContext$2(SpringBootContextLoader.java:148)
	at org.springframework.util.function.ThrowingSupplier.get(ThrowingSupplier.java:58)
	at org.springframework.util.function.ThrowingSupplier.get(ThrowingSupplier.java:46)
	at org.springframework.boot.SpringApplication.withHook(SpringApplication.java:1474)
	at org.springframework.boot.test.context.SpringBootContextLoader$ContextLoaderHook.run(SpringBootContextLoader.java:573)
	at org.springframework.boot.test.context.SpringBootContextLoader.loadContext(SpringBootContextLoader.java:148)
	at org.springframework.boot.test.context.SpringBootContextLoader.loadContext(SpringBootContextLoader.java:114)
	at org.springframework.test.context.cache.DefaultCacheAwareContextLoaderDelegate.loadContextInternal(DefaultCacheAwareContextLoaderDelegate.java:247)
	at org.springframework.test.context.cache.DefaultCacheAwareContextLoaderDelegate.lambda$loadContext$0(DefaultCacheAwareContextLoaderDelegate.java:167)
	at org.springframework.test.context.cache.DefaultContextCache.put(DefaultContextCache.java:172)
	at org.springframework.test.context.cache.DefaultCacheAwareContextLoaderDelegate.loadContext(DefaultCacheAwareContextLoaderDelegate.java:160)
	at org.springframework.test.context.support.DefaultTestContext.getApplicationContext(DefaultTestContext.java:128)
	at org.springframework.test.context.web.ServletTestExecutionListener.setUpRequestContextIfNecessary(ServletTestExecutionListener.java:200)
	at org.springframework.test.context.web.ServletTestExecutionListener.prepareTestInstance(ServletTestExecutionListener.java:139)
	at org.springframework.test.context.TestContextManager.prepareTestInstance(TestContextManager.java:260)
	at org.springframework.test.context.junit.jupiter.SpringExtension.postProcessTestInstance(SpringExtension.java:203)
	at org.junit.jupiter.engine.descriptor.ClassBasedTestDescriptor.lambda$invokeTestInstancePostProcessors$1(ClassBasedTestDescriptor.java:423)
	at org.junit.jupiter.engine.descriptor.ClassBasedTestDescriptor.executeAndMaskThrowable(ClassBasedTestDescriptor.java:428)
	at org.junit.jupiter.engine.descriptor.ClassBasedTestDescriptor.lambda$invokeTestInstancePostProcessors$0(ClassBasedTestDescriptor.java:422)
	at java.base/java.util.stream.ForEachOps$ForEachOp$OfRef.accept(ForEachOps.java:184)
	at java.base/java.util.stream.ReferencePipeline$3$1.accept(ReferencePipeline.java:197)
	at java.base/java.util.stream.ReferencePipeline$2$1.accept(ReferencePipeline.java:179)
	at java.base/java.util.stream.ReferencePipeline$3$1.accept(ReferencePipeline.java:197)
	at java.base/java.util.ArrayList$ArrayListSpliterator.forEachRemaining(ArrayList.java:1708)
	at java.base/java.util.stream.AbstractPipeline.copyInto(AbstractPipeline.java:509)
	at java.base/java.util.stream.AbstractPipeline.wrapAndCopyInto(AbstractPipeline.java:499)
	at java.base/java.util.stream.ForEachOps$ForEachOp.evaluateSequential(ForEachOps.java:151)
	at java.base/java.util.stream.ForEachOps$ForEachOp$OfRef.evaluateSequential(ForEachOps.java:174)
	at java.base/java.util.stream.AbstractPipeline.evaluate(AbstractPipeline.java:234)
	at java.base/java.util.stream.ReferencePipeline.forEach(ReferencePipeline.java:596)
	at org.junit.jupiter.engine.descriptor.ClassBasedTestDescriptor.invokeTestInstancePostProcessors(ClassBasedTestDescriptor.java:422)
	at org.junit.jupiter.engine.descriptor.ClassBasedTestDescriptor.lambda$instantiateAndPostProcessTestInstance$0(ClassBasedTestDescriptor.java:334)
	at org.junit.platform.engine.support.hierarchical.ThrowableCollector.execute(ThrowableCollector.java:74)
	at org.junit.jupiter.engine.descriptor.ClassBasedTestDescriptor.instantiateAndPostProcessTestInstance(ClassBasedTestDescriptor.java:333)
	at org.junit.jupiter.engine.descriptor.ClassBasedTestDescriptor.lambda$testInstancesProvider$1(ClassBasedTestDescriptor.java:322)
	at java.base/java.util.Optional.orElseGet(Optional.java:364)
	at org.junit.jupiter.engine.descriptor.ClassBasedTestDescriptor.lambda$testInstancesProvider$0(ClassBasedTestDescriptor.java:321)
	at org.junit.jupiter.engine.execution.TestInstancesProvider.getTestInstances(TestInstancesProvider.java:27)
	at org.junit.jupiter.engine.descriptor.TestMethodTestDescriptor.lambda$prepare$0(TestMethodTestDescriptor.java:127)
	at org.junit.platform.engine.support.hierarchical.ThrowableCollector.execute(ThrowableCollector.java:74)
	at org.junit.jupiter.engine.descriptor.TestMethodTestDescriptor.prepare(TestMethodTestDescriptor.java:126)
	at org.junit.jupiter.engine.descriptor.TestMethodTestDescriptor.prepare(TestMethodTestDescriptor.java:70)
	at org.junit.platform.engine.support.hierarchical.NodeTestTask.lambda$prepare$0(NodeTestTask.java:144)
	at org.junit.platform.engine.support.hierarchical.ThrowableCollector.execute(ThrowableCollector.java:74)
	at org.junit.platform.engine.support.hierarchical.NodeTestTask.prepare(NodeTestTask.java:144)
	at org.junit.platform.engine.support.hierarchical.NodeTestTask.execute(NodeTestTask.java:110)
	at java.base/java.util.ArrayList.forEach(ArrayList.java:1596)
	at org.junit.platform.engine.support.hierarchical.SameThreadHierarchicalTestExecutorService.invokeAll(SameThreadHierarchicalTestExecutorService.java:42)
	at org.junit.platform.engine.support.hierarchical.NodeTestTask.lambda$executeRecursively$2(NodeTestTask.java:180)
	at org.junit.platform.engine.support.hierarchical.ThrowableCollector.execute(ThrowableCollector.java:74)
	at org.junit.platform.engine.support.hierarchical.NodeTestTask.lambda$executeRecursively$1(NodeTestTask.java:166)
	at org.junit.platform.engine.support.hierarchical.Node.around(Node.java:138)
	at org.junit.platform.engine.support.hierarchical.NodeTestTask.lambda$executeRecursively$0(NodeTestTask.java:164)
	at org.junit.platform.engine.support.hierarchical.ThrowableCollector.execute(ThrowableCollector.java:74)
	at org.junit.platform.engine.support.hierarchical.NodeTestTask.executeRecursively(NodeTestTask.java:163)
	at org.junit.platform.engine.support.hierarchical.NodeTestTask.execute(NodeTestTask.java:116)
	at java.base/java.util.ArrayList.forEach(ArrayList.java:1596)
	at org.junit.platform.engine.support.hierarchical.SameThreadHierarchicalTestExecutorService.invokeAll(SameThreadHierarchicalTestExecutorService.java:42)
	at org.junit.platform.engine.support.hierarchical.NodeTestTask.lambda$executeRecursively$2(NodeTestTask.java:180)
	at org.junit.platform.engine.support.hierarchical.ThrowableCollector.execute(ThrowableCollector.java:74)
	at org.junit.platform.engine.support.hierarchical.NodeTestTask.lambda$executeRecursively$1(NodeTestTask.java:166)
	at org.junit.platform.engine.support.hierarchical.Node.around(Node.java:138)
	at org.junit.platform.engine.support.hierarchical.NodeTestTask.lambda$executeRecursively$0(NodeTestTask.java:164)
	at org.junit.platform.engine.support.hierarchical.ThrowableCollector.execute(ThrowableCollector.java:74)
	at org.junit.platform.engine.support.hierarchical.NodeTestTask.executeRecursively(NodeTestTask.java:163)
	at org.junit.platform.engine.support.hierarchical.NodeTestTask.execute(NodeTestTask.java:116)
	at org.junit.platform.engine.support.hierarchical.SameThreadHierarchicalTestExecutorService.submit(SameThreadHierarchicalTestExecutorService.java:36)
	at org.junit.platform.engine.support.hierarchical.HierarchicalTestExecutor.execute(HierarchicalTestExecutor.java:52)
	at org.junit.platform.engine.support.hierarchical.HierarchicalTestEngine.execute(HierarchicalTestEngine.java:58)
	at org.junit.platform.launcher.core.EngineExecutionOrchestrator.executeEngine(EngineExecutionOrchestrator.java:246)
	at org.junit.platform.launcher.core.EngineExecutionOrchestrator.failOrExecuteEngine(EngineExecutionOrchestrator.java:218)
	at org.junit.platform.launcher.core.EngineExecutionOrchestrator.execute(EngineExecutionOrchestrator.java:179)
	at org.junit.platform.launcher.core.EngineExecutionOrchestrator.execute(EngineExecutionOrchestrator.java:108)
	at org.junit.platform.launcher.core.EngineExecutionOrchestrator.lambda$execute$0(EngineExecutionOrchestrator.java:66)
	at org.junit.platform.launcher.core.EngineExecutionOrchestrator.withInterceptedStreams(EngineExecutionOrchestrator.java:157)
	at org.junit.platform.launcher.core.EngineExecutionOrchestrator.execute(EngineExecutionOrchestrator.java:65)
	at org.junit.platform.launcher.core.DefaultLauncher.execute(DefaultLauncher.java:125)
	at org.junit.platform.launcher.core.DefaultLauncher.execute(DefaultLauncher.java:114)
	at org.junit.platform.launcher.core.DefaultLauncher.execute(DefaultLauncher.java:93)
	at org.junit.platform.launcher.core.DelegatingLauncher.execute(DelegatingLauncher.java:48)
	at org.junit.platform.launcher.core.InterceptingLauncher.lambda$execute$0(InterceptingLauncher.java:41)
	at org.junit.platform.launcher.core.ClasspathAlignmentCheckingLauncherInterceptor.intercept(ClasspathAlignmentCheckingLauncherInterceptor.java:25)
	at org.junit.platform.launcher.core.InterceptingLauncher.execute(InterceptingLauncher.java:40)
	at org.junit.platform.launcher.core.DelegatingLauncher.execute(DelegatingLauncher.java:48)
	at org.junit.platform.launcher.core.SessionPerRequestLauncher.execute(SessionPerRequestLauncher.java:67)
	at com.intellij.junit5.JUnit5IdeaTestRunner.startRunnerWithArgs(JUnit5IdeaTestRunner.java:57)
	at com.intellij.rt.junit.IdeaTestRunner$Repeater$1.execute(IdeaTestRunner.java:38)
	at com.intellij.rt.execution.junit.TestsRepeater.repeat(TestsRepeater.java:11)
	at com.intellij.rt.junit.IdeaTestRunner$Repeater.startRunnerWithArgs(IdeaTestRunner.java:35)
	at com.intellij.rt.junit.JUnitStarter.prepareStreamsAndStart(JUnitStarter.java:231)
	at com.intellij.rt.junit.JUnitStarter.main(JUnitStarter.java:55)
Caused by: org.hibernate.boot.registry.classloading.spi.ClassLoadingException: Unable to load class [org.hibernate.dialect.PostgresSQLDialect]
	at org.hibernate.boot.registry.classloading.internal.ClassLoaderServiceImpl.classForName(ClassLoaderServiceImpl.java:90)
	at org.hibernate.boot.registry.selector.internal.StrategySelectorImpl.selectStrategyImplementor(StrategySelectorImpl.java:79)
	... 134 common frames omitted
Caused by: java.lang.ClassNotFoundException: Could not load requested class: org.hibernate.dialect.PostgresSQLDialect
	at org.hibernate.boot.registry.classloading.internal.AggregatedClassLoader.findClass(AggregatedClassLoader.java:198)
	at java.base/java.lang.ClassLoader.loadClass(ClassLoader.java:593)
	at java.base/java.lang.ClassLoader.loadClass(ClassLoader.java:526)
	at java.base/java.lang.Class.forName0(Native Method)
	at java.base/java.lang.Class.forName(Class.java:534)
	at java.base/java.lang.Class.forName(Class.java:513)
	at org.hibernate.boot.registry.classloading.internal.ClassLoaderServiceImpl.classForName(ClassLoaderServiceImpl.java:87)
	... 135 common frames omitted
	Suppressed: java.lang.ClassNotFoundException: org.hibernate.dialect.PostgresSQLDialect
		at java.base/jdk.internal.loader.BuiltinClassLoader.loadClass(BuiltinClassLoader.java:641)
		at java.base/jdk.internal.loader.ClassLoaders$AppClassLoader.loadClass(ClassLoaders.java:188)
		at java.base/java.lang.ClassLoader.loadClass(ClassLoader.java:526)
		at org.hibernate.boot.registry.classloading.internal.AggregatedClassLoader.findClass(AggregatedClassLoader.java:202)
		... 141 common frames omitted
	Suppressed: java.lang.ClassNotFoundException: org.hibernate.dialect.PostgresSQLDialect
		at java.base/jdk.internal.loader.BuiltinClassLoader.loadClass(BuiltinClassLoader.java:641)
		at java.base/jdk.internal.loader.ClassLoaders$AppClassLoader.loadClass(ClassLoaders.java:188)
		at java.base/java.lang.ClassLoader.loadClass(ClassLoader.java:526)
		at org.hibernate.boot.registry.classloading.internal.AggregatedClassLoader.findClass(AggregatedClassLoader.java:202)
		... 141 common frames omitted
	Suppressed: java.lang.ClassNotFoundException: org.hibernate.dialect.PostgresSQLDialect
		at java.base/jdk.internal.loader.BuiltinClassLoader.loadClass(BuiltinClassLoader.java:641)
		at java.base/jdk.internal.loader.ClassLoaders$AppClassLoader.loadClass(ClassLoaders.java:188)
		at java.base/java.lang.ClassLoader.loadClass(ClassLoader.java:526)
		at org.hibernate.boot.registry.classloading.internal.AggregatedClassLoader.findClass(AggregatedClassLoader.java:202)
		... 141 common frames omitted
2026-03-03 19:08:54 [] ERROR - Failed to initialize JPA EntityManagerFactory: Unable to create requested service [org.hibernate.engine.jdbc.env.spi.JdbcEnvironment] due to: Unable to resolve name [org.hibernate.dialect.PostgresSQLDialect] as strategy [org.hibernate.dialect.Dialect]
2026-03-03 19:08:54 [] WARN  - Exception encountered during context initialization - cancelling refresh attempt: org.springframework.beans.factory.BeanCreationException: Error creating bean with name 'entityManagerFactory' defined in class path resource [org/springframework/boot/hibernate/autoconfigure/HibernateJpaConfiguration.class]: Unable to create requested service [org.hibernate.engine.jdbc.env.spi.JdbcEnvironment] due to: Unable to resolve name [org.hibernate.dialect.PostgresSQLDialect] as strategy [org.hibernate.dialect.Dialect]
2026-03-03 19:08:54 [] INFO  - HikariPool-1 - Shutdown initiated...
2026-03-03 19:08:54 [] INFO  - HikariPool-1 - Shutdown completed.
2026-03-03 19:08:54 [] INFO  - 

Error starting ApplicationContext. To display the condition evaluation report re-run your application with 'debug' enabled.
2026-03-03 19:08:54 [] ERROR - Application run failed
org.springframework.beans.factory.BeanCreationException: Error creating bean with name 'entityManagerFactory' defined in class path resource [org/springframework/boot/hibernate/autoconfigure/HibernateJpaConfiguration.class]: Unable to create requested service [org.hibernate.engine.jdbc.env.spi.JdbcEnvironment] due to: Unable to resolve name [org.hibernate.dialect.PostgresSQLDialect] as strategy [org.hibernate.dialect.Dialect]
	at org.springframework.beans.factory.support.AbstractAutowireCapableBeanFactory.initializeBean(AbstractAutowireCapableBeanFactory.java:1817)
	at org.springframework.beans.factory.support.AbstractAutowireCapableBeanFactory.doCreateBean(AbstractAutowireCapableBeanFactory.java:603)
	at org.springframework.beans.factory.support.AbstractAutowireCapableBeanFactory.createBean(AbstractAutowireCapableBeanFactory.java:525)
	at org.springframework.beans.factory.support.AbstractBeanFactory.lambda$doGetBean$0(AbstractBeanFactory.java:333)
	at org.springframework.beans.factory.support.DefaultSingletonBeanRegistry.getSingleton(DefaultSingletonBeanRegistry.java:371)
	at org.springframework.beans.factory.support.AbstractBeanFactory.doGetBean(AbstractBeanFactory.java:331)
	at org.springframework.beans.factory.support.AbstractBeanFactory.getBean(AbstractBeanFactory.java:201)
	at org.springframework.context.support.AbstractApplicationContext.finishBeanFactoryInitialization(AbstractApplicationContext.java:966)
	at org.springframework.context.support.AbstractApplicationContext.refresh(AbstractApplicationContext.java:620)
	at org.springframework.boot.SpringApplication.refresh(SpringApplication.java:765)
	at org.springframework.boot.SpringApplication.refreshContext(SpringApplication.java:454)
	at org.springframework.boot.SpringApplication.run(SpringApplication.java:321)
	at org.springframework.boot.test.context.SpringBootContextLoader.lambda$loadContext$2(SpringBootContextLoader.java:148)
	at org.springframework.util.function.ThrowingSupplier.get(ThrowingSupplier.java:58)
	at org.springframework.util.function.ThrowingSupplier.get(ThrowingSupplier.java:46)
	at org.springframework.boot.SpringApplication.withHook(SpringApplication.java:1474)
	at org.springframework.boot.test.context.SpringBootContextLoader$ContextLoaderHook.run(SpringBootContextLoader.java:573)
	at org.springframework.boot.test.context.SpringBootContextLoader.loadContext(SpringBootContextLoader.java:148)
	at org.springframework.boot.test.context.SpringBootContextLoader.loadContext(SpringBootContextLoader.java:114)
	at org.springframework.test.context.cache.DefaultCacheAwareContextLoaderDelegate.loadContextInternal(DefaultCacheAwareContextLoaderDelegate.java:247)
	at org.springframework.test.context.cache.DefaultCacheAwareContextLoaderDelegate.lambda$loadContext$0(DefaultCacheAwareContextLoaderDelegate.java:167)
	at org.springframework.test.context.cache.DefaultContextCache.put(DefaultContextCache.java:172)
	at org.springframework.test.context.cache.DefaultCacheAwareContextLoaderDelegate.loadContext(DefaultCacheAwareContextLoaderDelegate.java:160)
	at org.springframework.test.context.support.DefaultTestContext.getApplicationContext(DefaultTestContext.java:128)
	at org.springframework.test.context.web.ServletTestExecutionListener.setUpRequestContextIfNecessary(ServletTestExecutionListener.java:200)
	at org.springframework.test.context.web.ServletTestExecutionListener.prepareTestInstance(ServletTestExecutionListener.java:139)
	at org.springframework.test.context.TestContextManager.prepareTestInstance(TestContextManager.java:260)
	at org.springframework.test.context.junit.jupiter.SpringExtension.postProcessTestInstance(SpringExtension.java:203)
	at org.junit.jupiter.engine.descriptor.ClassBasedTestDescriptor.lambda$invokeTestInstancePostProcessors$1(ClassBasedTestDescriptor.java:423)
	at org.junit.jupiter.engine.descriptor.ClassBasedTestDescriptor.executeAndMaskThrowable(ClassBasedTestDescriptor.java:428)
	at org.junit.jupiter.engine.descriptor.ClassBasedTestDescriptor.lambda$invokeTestInstancePostProcessors$0(ClassBasedTestDescriptor.java:422)
	at java.base/java.util.stream.ForEachOps$ForEachOp$OfRef.accept(ForEachOps.java:184)
	at java.base/java.util.stream.ReferencePipeline$3$1.accept(ReferencePipeline.java:197)
	at java.base/java.util.stream.ReferencePipeline$2$1.accept(ReferencePipeline.java:179)
	at java.base/java.util.stream.ReferencePipeline$3$1.accept(ReferencePipeline.java:197)
	at java.base/java.util.ArrayList$ArrayListSpliterator.forEachRemaining(ArrayList.java:1708)
	at java.base/java.util.stream.AbstractPipeline.copyInto(AbstractPipeline.java:509)
	at java.base/java.util.stream.AbstractPipeline.wrapAndCopyInto(AbstractPipeline.java:499)
	at java.base/java.util.stream.ForEachOps$ForEachOp.evaluateSequential(ForEachOps.java:151)
	at java.base/java.util.stream.ForEachOps$ForEachOp$OfRef.evaluateSequential(ForEachOps.java:174)
	at java.base/java.util.stream.AbstractPipeline.evaluate(AbstractPipeline.java:234)
	at java.base/java.util.stream.ReferencePipeline.forEach(ReferencePipeline.java:596)
	at org.junit.jupiter.engine.descriptor.ClassBasedTestDescriptor.invokeTestInstancePostProcessors(ClassBasedTestDescriptor.java:422)
	at org.junit.jupiter.engine.descriptor.ClassBasedTestDescriptor.lambda$instantiateAndPostProcessTestInstance$0(ClassBasedTestDescriptor.java:334)
	at org.junit.platform.engine.support.hierarchical.ThrowableCollector.execute(ThrowableCollector.java:74)
	at org.junit.jupiter.engine.descriptor.ClassBasedTestDescriptor.instantiateAndPostProcessTestInstance(ClassBasedTestDescriptor.java:333)
	at org.junit.jupiter.engine.descriptor.ClassBasedTestDescriptor.lambda$testInstancesProvider$1(ClassBasedTestDescriptor.java:322)
	at java.base/java.util.Optional.orElseGet(Optional.java:364)
	at org.junit.jupiter.engine.descriptor.ClassBasedTestDescriptor.lambda$testInstancesProvider$0(ClassBasedTestDescriptor.java:321)
	at org.junit.jupiter.engine.execution.TestInstancesProvider.getTestInstances(TestInstancesProvider.java:27)
	at org.junit.jupiter.engine.descriptor.TestMethodTestDescriptor.lambda$prepare$0(TestMethodTestDescriptor.java:127)
	at org.junit.platform.engine.support.hierarchical.ThrowableCollector.execute(ThrowableCollector.java:74)
	at org.junit.jupiter.engine.descriptor.TestMethodTestDescriptor.prepare(TestMethodTestDescriptor.java:126)
	at org.junit.jupiter.engine.descriptor.TestMethodTestDescriptor.prepare(TestMethodTestDescriptor.java:70)
	at org.junit.platform.engine.support.hierarchical.NodeTestTask.lambda$prepare$0(NodeTestTask.java:144)
	at org.junit.platform.engine.support.hierarchical.ThrowableCollector.execute(ThrowableCollector.java:74)
	at org.junit.platform.engine.support.hierarchical.NodeTestTask.prepare(NodeTestTask.java:144)
	at org.junit.platform.engine.support.hierarchical.NodeTestTask.execute(NodeTestTask.java:110)
	at java.base/java.util.ArrayList.forEach(ArrayList.java:1596)
	at org.junit.platform.engine.support.hierarchical.SameThreadHierarchicalTestExecutorService.invokeAll(SameThreadHierarchicalTestExecutorService.java:42)
	at org.junit.platform.engine.support.hierarchical.NodeTestTask.lambda$executeRecursively$2(NodeTestTask.java:180)
	at org.junit.platform.engine.support.hierarchical.ThrowableCollector.execute(ThrowableCollector.java:74)
	at org.junit.platform.engine.support.hierarchical.NodeTestTask.lambda$executeRecursively$1(NodeTestTask.java:166)
	at org.junit.platform.engine.support.hierarchical.Node.around(Node.java:138)
	at org.junit.platform.engine.support.hierarchical.NodeTestTask.lambda$executeRecursively$0(NodeTestTask.java:164)
	at org.junit.platform.engine.support.hierarchical.ThrowableCollector.execute(ThrowableCollector.java:74)
	at org.junit.platform.engine.support.hierarchical.NodeTestTask.executeRecursively(NodeTestTask.java:163)
	at org.junit.platform.engine.support.hierarchical.NodeTestTask.execute(NodeTestTask.java:116)
	at java.base/java.util.ArrayList.forEach(ArrayList.java:1596)
	at org.junit.platform.engine.support.hierarchical.SameThreadHierarchicalTestExecutorService.invokeAll(SameThreadHierarchicalTestExecutorService.java:42)
	at org.junit.platform.engine.support.hierarchical.NodeTestTask.lambda$executeRecursively$2(NodeTestTask.java:180)
	at org.junit.platform.engine.support.hierarchical.ThrowableCollector.execute(ThrowableCollector.java:74)
	at org.junit.platform.engine.support.hierarchical.NodeTestTask.lambda$executeRecursively$1(NodeTestTask.java:166)
	at org.junit.platform.engine.support.hierarchical.Node.around(Node.java:138)
	at org.junit.platform.engine.support.hierarchical.NodeTestTask.lambda$executeRecursively$0(NodeTestTask.java:164)
	at org.junit.platform.engine.support.hierarchical.ThrowableCollector.execute(ThrowableCollector.java:74)
	at org.junit.platform.engine.support.hierarchical.NodeTestTask.executeRecursively(NodeTestTask.java:163)
	at org.junit.platform.engine.support.hierarchical.NodeTestTask.execute(NodeTestTask.java:116)
	at org.junit.platform.engine.support.hierarchical.SameThreadHierarchicalTestExecutorService.submit(SameThreadHierarchicalTestExecutorService.java:36)
	at org.junit.platform.engine.support.hierarchical.HierarchicalTestExecutor.execute(HierarchicalTestExecutor.java:52)
	at org.junit.platform.engine.support.hierarchical.HierarchicalTestEngine.execute(HierarchicalTestEngine.java:58)
	at org.junit.platform.launcher.core.EngineExecutionOrchestrator.executeEngine(EngineExecutionOrchestrator.java:246)
	at org.junit.platform.launcher.core.EngineExecutionOrchestrator.failOrExecuteEngine(EngineExecutionOrchestrator.java:218)
	at org.junit.platform.launcher.core.EngineExecutionOrchestrator.execute(EngineExecutionOrchestrator.java:179)
	at org.junit.platform.launcher.core.EngineExecutionOrchestrator.execute(EngineExecutionOrchestrator.java:108)
	at org.junit.platform.launcher.core.EngineExecutionOrchestrator.lambda$execute$0(EngineExecutionOrchestrator.java:66)
	at org.junit.platform.launcher.core.EngineExecutionOrchestrator.withInterceptedStreams(EngineExecutionOrchestrator.java:157)
	at org.junit.platform.launcher.core.EngineExecutionOrchestrator.execute(EngineExecutionOrchestrator.java:65)
	at org.junit.platform.launcher.core.DefaultLauncher.execute(DefaultLauncher.java:125)
	at org.junit.platform.launcher.core.DefaultLauncher.execute(DefaultLauncher.java:114)
	at org.junit.platform.launcher.core.DefaultLauncher.execute(DefaultLauncher.java:93)
	at org.junit.platform.launcher.core.DelegatingLauncher.execute(DelegatingLauncher.java:48)
	at org.junit.platform.launcher.core.InterceptingLauncher.lambda$execute$0(InterceptingLauncher.java:41)
	at org.junit.platform.launcher.core.ClasspathAlignmentCheckingLauncherInterceptor.intercept(ClasspathAlignmentCheckingLauncherInterceptor.java:25)
	at org.junit.platform.launcher.core.InterceptingLauncher.execute(InterceptingLauncher.java:40)
	at org.junit.platform.launcher.core.DelegatingLauncher.execute(DelegatingLauncher.java:48)
	at org.junit.platform.launcher.core.SessionPerRequestLauncher.execute(SessionPerRequestLauncher.java:67)
	at com.intellij.junit5.JUnit5IdeaTestRunner.startRunnerWithArgs(JUnit5IdeaTestRunner.java:57)
	at com.intellij.rt.junit.IdeaTestRunner$Repeater$1.execute(IdeaTestRunner.java:38)
	at com.intellij.rt.execution.junit.TestsRepeater.repeat(TestsRepeater.java:11)
	at com.intellij.rt.junit.IdeaTestRunner$Repeater.startRunnerWithArgs(IdeaTestRunner.java:35)
	at com.intellij.rt.junit.JUnitStarter.prepareStreamsAndStart(JUnitStarter.java:231)
	at com.intellij.rt.junit.JUnitStarter.main(JUnitStarter.java:55)
Caused by: org.hibernate.service.spi.ServiceException: Unable to create requested service [org.hibernate.engine.jdbc.env.spi.JdbcEnvironment] due to: Unable to resolve name [org.hibernate.dialect.PostgresSQLDialect] as strategy [org.hibernate.dialect.Dialect]
	at org.hibernate.service.internal.AbstractServiceRegistryImpl.createService(AbstractServiceRegistryImpl.java:275)
	at org.hibernate.service.internal.AbstractServiceRegistryImpl.initializeService(AbstractServiceRegistryImpl.java:237)
	at org.hibernate.service.internal.AbstractServiceRegistryImpl.getService(AbstractServiceRegistryImpl.java:214)
	at org.hibernate.boot.model.relational.Database.<init>(Database.java:44)
	at org.hibernate.boot.internal.InFlightMetadataCollectorImpl.getDatabase(InFlightMetadataCollectorImpl.java:255)
	at org.hibernate.boot.internal.InFlightMetadataCollectorImpl.<init>(InFlightMetadataCollectorImpl.java:207)
	at org.hibernate.boot.model.process.spi.MetadataBuildingProcess.complete(MetadataBuildingProcess.java:185)
	at org.hibernate.jpa.boot.internal.EntityManagerFactoryBuilderImpl.metadata(EntityManagerFactoryBuilderImpl.java:1395)
	at org.hibernate.jpa.boot.internal.EntityManagerFactoryBuilderImpl.populateSessionFactoryBuilder(EntityManagerFactoryBuilderImpl.java:1475)
	at org.hibernate.jpa.boot.internal.EntityManagerFactoryBuilderImpl.build(EntityManagerFactoryBuilderImpl.java:1457)
	at org.springframework.orm.jpa.vendor.SpringHibernateJpaPersistenceProvider.createContainerEntityManagerFactory(SpringHibernateJpaPersistenceProvider.java:66)
	at org.springframework.orm.jpa.LocalContainerEntityManagerFactoryBean.createNativeEntityManagerFactory(LocalContainerEntityManagerFactoryBean.java:433)
	at org.springframework.orm.jpa.AbstractEntityManagerFactoryBean.buildNativeEntityManagerFactory(AbstractEntityManagerFactoryBean.java:416)
	at org.springframework.orm.jpa.AbstractEntityManagerFactoryBean.afterPropertiesSet(AbstractEntityManagerFactoryBean.java:396)
	at org.springframework.orm.jpa.LocalContainerEntityManagerFactoryBean.afterPropertiesSet(LocalContainerEntityManagerFactoryBean.java:409)
	at org.springframework.beans.factory.support.AbstractAutowireCapableBeanFactory.invokeInitMethods(AbstractAutowireCapableBeanFactory.java:1864)
	at org.springframework.beans.factory.support.AbstractAutowireCapableBeanFactory.initializeBean(AbstractAutowireCapableBeanFactory.java:1813)
	... 102 common frames omitted
Caused by: org.hibernate.boot.registry.selector.spi.StrategySelectionException: Unable to resolve name [org.hibernate.dialect.PostgresSQLDialect] as strategy [org.hibernate.dialect.Dialect]
	at org.hibernate.boot.registry.selector.internal.StrategySelectorImpl.selectStrategyImplementor(StrategySelectorImpl.java:83)
	at org.hibernate.boot.registry.selector.internal.StrategySelectorImpl.resolveStrategy(StrategySelectorImpl.java:163)
	at org.hibernate.boot.registry.selector.internal.StrategySelectorImpl.resolveStrategy(StrategySelectorImpl.java:118)
	at org.hibernate.engine.jdbc.dialect.internal.DialectFactoryImpl.constructDialect(DialectFactoryImpl.java:122)
	at org.hibernate.engine.jdbc.dialect.internal.DialectFactoryImpl.buildDialect(DialectFactoryImpl.java:87)
	at org.hibernate.engine.jdbc.env.internal.JdbcEnvironmentInitiator.getJdbcEnvironmentWithDefaults(JdbcEnvironmentInitiator.java:207)
	at org.hibernate.engine.jdbc.env.internal.JdbcEnvironmentInitiator.getJdbcEnvironmentUsingJdbcMetadata(JdbcEnvironmentInitiator.java:432)
	at org.hibernate.engine.jdbc.env.internal.JdbcEnvironmentInitiator.getJdbcEnvironment(JdbcEnvironmentInitiator.java:149)
	at org.hibernate.engine.jdbc.env.internal.JdbcEnvironmentInitiator.initiateService(JdbcEnvironmentInitiator.java:127)
	at org.hibernate.engine.jdbc.env.internal.JdbcEnvironmentInitiator.initiateService(JdbcEnvironmentInitiator.java:82)
	at org.hibernate.boot.registry.internal.StandardServiceRegistryImpl.initiateService(StandardServiceRegistryImpl.java:133)
	at org.hibernate.service.internal.AbstractServiceRegistryImpl.createService(AbstractServiceRegistryImpl.java:262)
	... 118 common frames omitted
Caused by: org.hibernate.boot.registry.classloading.spi.ClassLoadingException: Unable to load class [org.hibernate.dialect.PostgresSQLDialect]
	at org.hibernate.boot.registry.classloading.internal.ClassLoaderServiceImpl.classForName(ClassLoaderServiceImpl.java:90)
	at org.hibernate.boot.registry.selector.internal.StrategySelectorImpl.selectStrategyImplementor(StrategySelectorImpl.java:79)
	... 129 common frames omitted
Caused by: java.lang.ClassNotFoundException: Could not load requested class: org.hibernate.dialect.PostgresSQLDialect
	at org.hibernate.boot.registry.classloading.internal.AggregatedClassLoader.findClass(AggregatedClassLoader.java:198)
	at java.base/java.lang.ClassLoader.loadClass(ClassLoader.java:593)
	at java.base/java.lang.ClassLoader.loadClass(ClassLoader.java:526)
	at java.base/java.lang.Class.forName0(Native Method)
	at java.base/java.lang.Class.forName(Class.java:534)
	at java.base/java.lang.Class.forName(Class.java:513)
	at org.hibernate.boot.registry.classloading.internal.ClassLoaderServiceImpl.classForName(ClassLoaderServiceImpl.java:87)
	... 130 common frames omitted
	Suppressed: java.lang.ClassNotFoundException: org.hibernate.dialect.PostgresSQLDialect
		at java.base/jdk.internal.loader.BuiltinClassLoader.loadClass(BuiltinClassLoader.java:641)
		at java.base/jdk.internal.loader.ClassLoaders$AppClassLoader.loadClass(ClassLoaders.java:188)
		at java.base/java.lang.ClassLoader.loadClass(ClassLoader.java:526)
		at org.hibernate.boot.registry.classloading.internal.AggregatedClassLoader.findClass(AggregatedClassLoader.java:202)
		... 136 common frames omitted
	Suppressed: java.lang.ClassNotFoundException: org.hibernate.dialect.PostgresSQLDialect
		at java.base/jdk.internal.loader.BuiltinClassLoader.loadClass(BuiltinClassLoader.java:641)
		at java.base/jdk.internal.loader.ClassLoaders$AppClassLoader.loadClass(ClassLoaders.java:188)
		at java.base/java.lang.ClassLoader.loadClass(ClassLoader.java:526)
		at org.hibernate.boot.registry.classloading.internal.AggregatedClassLoader.findClass(AggregatedClassLoader.java:202)
		... 136 common frames omitted
	Suppressed: java.lang.ClassNotFoundException: org.hibernate.dialect.PostgresSQLDialect
		at java.base/jdk.internal.loader.BuiltinClassLoader.loadClass(BuiltinClassLoader.java:641)
		at java.base/jdk.internal.loader.ClassLoaders$AppClassLoader.loadClass(ClassLoaders.java:188)
		at java.base/java.lang.ClassLoader.loadClass(ClassLoader.java:526)
		at org.hibernate.boot.registry.classloading.internal.AggregatedClassLoader.findClass(AggregatedClassLoader.java:202)
		... 136 common frames omitted
2026-03-03 19:08:54 [] WARN  - Caught exception while allowing TestExecutionListener [org.springframework.test.context.web.ServletTestExecutionListener] to prepare test instance [com.site.webapp.repo.UserRepositoryTest@1acc768]
java.lang.IllegalStateException: Failed to load ApplicationContext for [WebMergedContextConfiguration@4fbc516f testClass = com.site.webapp.repo.UserRepositoryTest, locations = [], classes = [com.site.webapp.WebappApplication], contextInitializerClasses = [], activeProfiles = [], propertySourceDescriptors = [], propertySourceProperties = ["org.springframework.boot.test.context.SpringBootTestContextBootstrapper=true"], contextCustomizers = [org.springframework.boot.test.context.PropertyMappingContextCustomizer@0, org.springframework.boot.test.context.filter.ExcludeFilterContextCustomizer@48c35007, org.springframework.boot.test.json.DuplicateJsonObjectContextCustomizerFactory$DuplicateJsonObjectContextCustomizer@297ea53a, org.springframework.test.context.support.DynamicPropertiesContextCustomizer@0, org.springframework.boot.webmvc.test.autoconfigure.WebDriverContextCustomizer@423e4cbb, org.springframework.boot.web.server.context.SpringBootTestRandomPortContextCustomizerFactory$Customizer@25ddbbbb, org.springframework.boot.test.autoconfigure.OnFailureConditionReportContextCustomizerFactory$OnFailureConditionReportContextCustomizer@44c79f32, org.springframework.boot.test.context.SpringBootTestAnnotation@62fdf30c], resourceBasePath = "src/main/webapp", contextLoader = org.springframework.boot.test.context.SpringBootContextLoader, parent = null]
	at org.springframework.test.context.cache.DefaultCacheAwareContextLoaderDelegate.lambda$loadContext$0(DefaultCacheAwareContextLoaderDelegate.java:195)
	at org.springframework.test.context.cache.DefaultContextCache.put(DefaultContextCache.java:172)
	at org.springframework.test.context.cache.DefaultCacheAwareContextLoaderDelegate.loadContext(DefaultCacheAwareContextLoaderDelegate.java:160)
	at org.springframework.test.context.support.DefaultTestContext.getApplicationContext(DefaultTestContext.java:128)
	at org.springframework.test.context.web.ServletTestExecutionListener.setUpRequestContextIfNecessary(ServletTestExecutionListener.java:200)
	at org.springframework.test.context.web.ServletTestExecutionListener.prepareTestInstance(ServletTestExecutionListener.java:139)
	at org.springframework.test.context.TestContextManager.prepareTestInstance(TestContextManager.java:260)
	at org.springframework.test.context.junit.jupiter.SpringExtension.postProcessTestInstance(SpringExtension.java:203)
	at org.junit.jupiter.engine.descriptor.ClassBasedTestDescriptor.lambda$invokeTestInstancePostProcessors$1(ClassBasedTestDescriptor.java:423)
	at org.junit.jupiter.engine.descriptor.ClassBasedTestDescriptor.executeAndMaskThrowable(ClassBasedTestDescriptor.java:428)
	at org.junit.jupiter.engine.descriptor.ClassBasedTestDescriptor.lambda$invokeTestInstancePostProcessors$0(ClassBasedTestDescriptor.java:422)
	at java.base/java.util.stream.ForEachOps$ForEachOp$OfRef.accept(ForEachOps.java:184)
	at java.base/java.util.stream.ReferencePipeline$3$1.accept(ReferencePipeline.java:197)
	at java.base/java.util.stream.ReferencePipeline$2$1.accept(ReferencePipeline.java:179)
	at java.base/java.util.stream.ReferencePipeline$3$1.accept(ReferencePipeline.java:197)
	at java.base/java.util.ArrayList$ArrayListSpliterator.forEachRemaining(ArrayList.java:1708)
	at java.base/java.util.stream.AbstractPipeline.copyInto(AbstractPipeline.java:509)
	at java.base/java.util.stream.AbstractPipeline.wrapAndCopyInto(AbstractPipeline.java:499)
	at java.base/java.util.stream.ForEachOps$ForEachOp.evaluateSequential(ForEachOps.java:151)
	at java.base/java.util.stream.ForEachOps$ForEachOp$OfRef.evaluateSequential(ForEachOps.java:174)
	at java.base/java.util.stream.AbstractPipeline.evaluate(AbstractPipeline.java:234)
	at java.base/java.util.stream.ReferencePipeline.forEach(ReferencePipeline.java:596)
	at org.junit.jupiter.engine.descriptor.ClassBasedTestDescriptor.invokeTestInstancePostProcessors(ClassBasedTestDescriptor.java:422)
	at org.junit.jupiter.engine.descriptor.ClassBasedTestDescriptor.lambda$instantiateAndPostProcessTestInstance$0(ClassBasedTestDescriptor.java:334)
	at org.junit.platform.engine.support.hierarchical.ThrowableCollector.execute(ThrowableCollector.java:74)
	at org.junit.jupiter.engine.descriptor.ClassBasedTestDescriptor.instantiateAndPostProcessTestInstance(ClassBasedTestDescriptor.java:333)
	at org.junit.jupiter.engine.descriptor.ClassBasedTestDescriptor.lambda$testInstancesProvider$1(ClassBasedTestDescriptor.java:322)
	at java.base/java.util.Optional.orElseGet(Optional.java:364)
	at org.junit.jupiter.engine.descriptor.ClassBasedTestDescriptor.lambda$testInstancesProvider$0(ClassBasedTestDescriptor.java:321)
	at org.junit.jupiter.engine.execution.TestInstancesProvider.getTestInstances(TestInstancesProvider.java:27)
	at org.junit.jupiter.engine.descriptor.TestMethodTestDescriptor.lambda$prepare$0(TestMethodTestDescriptor.java:127)
	at org.junit.platform.engine.support.hierarchical.ThrowableCollector.execute(ThrowableCollector.java:74)
	at org.junit.jupiter.engine.descriptor.TestMethodTestDescriptor.prepare(TestMethodTestDescriptor.java:126)
	at org.junit.jupiter.engine.descriptor.TestMethodTestDescriptor.prepare(TestMethodTestDescriptor.java:70)
	at org.junit.platform.engine.support.hierarchical.NodeTestTask.lambda$prepare$0(NodeTestTask.java:144)
	at org.junit.platform.engine.support.hierarchical.ThrowableCollector.execute(ThrowableCollector.java:74)
	at org.junit.platform.engine.support.hierarchical.NodeTestTask.prepare(NodeTestTask.java:144)
	at org.junit.platform.engine.support.hierarchical.NodeTestTask.execute(NodeTestTask.java:110)
	at java.base/java.util.ArrayList.forEach(ArrayList.java:1596)
	at org.junit.platform.engine.support.hierarchical.SameThreadHierarchicalTestExecutorService.invokeAll(SameThreadHierarchicalTestExecutorService.java:42)
	at org.junit.platform.engine.support.hierarchical.NodeTestTask.lambda$executeRecursively$2(NodeTestTask.java:180)
	at org.junit.platform.engine.support.hierarchical.ThrowableCollector.execute(ThrowableCollector.java:74)
	at org.junit.platform.engine.support.hierarchical.NodeTestTask.lambda$executeRecursively$1(NodeTestTask.java:166)
	at org.junit.platform.engine.support.hierarchical.Node.around(Node.java:138)
	at org.junit.platform.engine.support.hierarchical.NodeTestTask.lambda$executeRecursively$0(NodeTestTask.java:164)
	at org.junit.platform.engine.support.hierarchical.ThrowableCollector.execute(ThrowableCollector.java:74)
	at org.junit.platform.engine.support.hierarchical.NodeTestTask.executeRecursively(NodeTestTask.java:163)
	at org.junit.platform.engine.support.hierarchical.NodeTestTask.execute(NodeTestTask.java:116)
	at java.base/java.util.ArrayList.forEach(ArrayList.java:1596)
	at org.junit.platform.engine.support.hierarchical.SameThreadHierarchicalTestExecutorService.invokeAll(SameThreadHierarchicalTestExecutorService.java:42)
	at org.junit.platform.engine.support.hierarchical.NodeTestTask.lambda$executeRecursively$2(NodeTestTask.java:180)
	at org.junit.platform.engine.support.hierarchical.ThrowableCollector.execute(ThrowableCollector.java:74)
	at org.junit.platform.engine.support.hierarchical.NodeTestTask.lambda$executeRecursively$1(NodeTestTask.java:166)
	at org.junit.platform.engine.support.hierarchical.Node.around(Node.java:138)
	at org.junit.platform.engine.support.hierarchical.NodeTestTask.lambda$executeRecursively$0(NodeTestTask.java:164)
	at org.junit.platform.engine.support.hierarchical.ThrowableCollector.execute(ThrowableCollector.java:74)
	at org.junit.platform.engine.support.hierarchical.NodeTestTask.executeRecursively(NodeTestTask.java:163)
	at org.junit.platform.engine.support.hierarchical.NodeTestTask.execute(NodeTestTask.java:116)
	at org.junit.platform.engine.support.hierarchical.SameThreadHierarchicalTestExecutorService.submit(SameThreadHierarchicalTestExecutorService.java:36)
	at org.junit.platform.engine.support.hierarchical.HierarchicalTestExecutor.execute(HierarchicalTestExecutor.java:52)
	at org.junit.platform.engine.support.hierarchical.HierarchicalTestEngine.execute(HierarchicalTestEngine.java:58)
	at org.junit.platform.launcher.core.EngineExecutionOrchestrator.executeEngine(EngineExecutionOrchestrator.java:246)
	at org.junit.platform.launcher.core.EngineExecutionOrchestrator.failOrExecuteEngine(EngineExecutionOrchestrator.java:218)
	at org.junit.platform.launcher.core.EngineExecutionOrchestrator.execute(EngineExecutionOrchestrator.java:179)
	at org.junit.platform.launcher.core.EngineExecutionOrchestrator.execute(EngineExecutionOrchestrator.java:108)
	at org.junit.platform.launcher.core.EngineExecutionOrchestrator.lambda$execute$0(EngineExecutionOrchestrator.java:66)
	at org.junit.platform.launcher.core.EngineExecutionOrchestrator.withInterceptedStreams(EngineExecutionOrchestrator.java:157)
	at org.junit.platform.launcher.core.EngineExecutionOrchestrator.execute(EngineExecutionOrchestrator.java:65)
	at org.junit.platform.launcher.core.DefaultLauncher.execute(DefaultLauncher.java:125)
	at org.junit.platform.launcher.core.DefaultLauncher.execute(DefaultLauncher.java:114)
	at org.junit.platform.launcher.core.DefaultLauncher.execute(DefaultLauncher.java:93)
	at org.junit.platform.launcher.core.DelegatingLauncher.execute(DelegatingLauncher.java:48)
	at org.junit.platform.launcher.core.InterceptingLauncher.lambda$execute$0(InterceptingLauncher.java:41)
	at org.junit.platform.launcher.core.ClasspathAlignmentCheckingLauncherInterceptor.intercept(ClasspathAlignmentCheckingLauncherInterceptor.java:25)
	at org.junit.platform.launcher.core.InterceptingLauncher.execute(InterceptingLauncher.java:40)
	at org.junit.platform.launcher.core.DelegatingLauncher.execute(DelegatingLauncher.java:48)
	at org.junit.platform.launcher.core.SessionPerRequestLauncher.execute(SessionPerRequestLauncher.java:67)
	at com.intellij.junit5.JUnit5IdeaTestRunner.startRunnerWithArgs(JUnit5IdeaTestRunner.java:57)
	at com.intellij.rt.junit.IdeaTestRunner$Repeater$1.execute(IdeaTestRunner.java:38)
	at com.intellij.rt.execution.junit.TestsRepeater.repeat(TestsRepeater.java:11)
	at com.intellij.rt.junit.IdeaTestRunner$Repeater.startRunnerWithArgs(IdeaTestRunner.java:35)
	at com.intellij.rt.junit.JUnitStarter.prepareStreamsAndStart(JUnitStarter.java:231)
	at com.intellij.rt.junit.JUnitStarter.main(JUnitStarter.java:55)
Caused by: org.springframework.beans.factory.BeanCreationException: Error creating bean with name 'entityManagerFactory' defined in class path resource [org/springframework/boot/hibernate/autoconfigure/HibernateJpaConfiguration.class]: Unable to create requested service [org.hibernate.engine.jdbc.env.spi.JdbcEnvironment] due to: Unable to resolve name [org.hibernate.dialect.PostgresSQLDialect] as strategy [org.hibernate.dialect.Dialect]
	at org.springframework.beans.factory.support.AbstractAutowireCapableBeanFactory.initializeBean(AbstractAutowireCapableBeanFactory.java:1817)
	at org.springframework.beans.factory.support.AbstractAutowireCapableBeanFactory.doCreateBean(AbstractAutowireCapableBeanFactory.java:603)
	at org.springframework.beans.factory.support.AbstractAutowireCapableBeanFactory.createBean(AbstractAutowireCapableBeanFactory.java:525)
	at org.springframework.beans.factory.support.AbstractBeanFactory.lambda$doGetBean$0(AbstractBeanFactory.java:333)
	at org.springframework.beans.factory.support.DefaultSingletonBeanRegistry.getSingleton(DefaultSingletonBeanRegistry.java:371)
	at org.springframework.beans.factory.support.AbstractBeanFactory.doGetBean(AbstractBeanFactory.java:331)
	at org.springframework.beans.factory.support.AbstractBeanFactory.getBean(AbstractBeanFactory.java:201)
	at org.springframework.context.support.AbstractApplicationContext.finishBeanFactoryInitialization(AbstractApplicationContext.java:966)
	at org.springframework.context.support.AbstractApplicationContext.refresh(AbstractApplicationContext.java:620)
	at org.springframework.boot.SpringApplication.refresh(SpringApplication.java:765)
	at org.springframework.boot.SpringApplication.refreshContext(SpringApplication.java:454)
	at org.springframework.boot.SpringApplication.run(SpringApplication.java:321)
	at org.springframework.boot.test.context.SpringBootContextLoader.lambda$loadContext$2(SpringBootContextLoader.java:148)
	at org.springframework.util.function.ThrowingSupplier.get(ThrowingSupplier.java:58)
	at org.springframework.util.function.ThrowingSupplier.get(ThrowingSupplier.java:46)
	at org.springframework.boot.SpringApplication.withHook(SpringApplication.java:1474)
	at org.springframework.boot.test.context.SpringBootContextLoader$ContextLoaderHook.run(SpringBootContextLoader.java:573)
	at org.springframework.boot.test.context.SpringBootContextLoader.loadContext(SpringBootContextLoader.java:148)
	at org.springframework.boot.test.context.SpringBootContextLoader.loadContext(SpringBootContextLoader.java:114)
	at org.springframework.test.context.cache.DefaultCacheAwareContextLoaderDelegate.loadContextInternal(DefaultCacheAwareContextLoaderDelegate.java:247)
	at org.springframework.test.context.cache.DefaultCacheAwareContextLoaderDelegate.lambda$loadContext$0(DefaultCacheAwareContextLoaderDelegate.java:167)
	... 82 common frames omitted
Caused by: org.hibernate.service.spi.ServiceException: Unable to create requested service [org.hibernate.engine.jdbc.env.spi.JdbcEnvironment] due to: Unable to resolve name [org.hibernate.dialect.PostgresSQLDialect] as strategy [org.hibernate.dialect.Dialect]
	at org.hibernate.service.internal.AbstractServiceRegistryImpl.createService(AbstractServiceRegistryImpl.java:275)
	at org.hibernate.service.internal.AbstractServiceRegistryImpl.initializeService(AbstractServiceRegistryImpl.java:237)
	at org.hibernate.service.internal.AbstractServiceRegistryImpl.getService(AbstractServiceRegistryImpl.java:214)
	at org.hibernate.boot.model.relational.Database.<init>(Database.java:44)
	at org.hibernate.boot.internal.InFlightMetadataCollectorImpl.getDatabase(InFlightMetadataCollectorImpl.java:255)
	at org.hibernate.boot.internal.InFlightMetadataCollectorImpl.<init>(InFlightMetadataCollectorImpl.java:207)
	at org.hibernate.boot.model.process.spi.MetadataBuildingProcess.complete(MetadataBuildingProcess.java:185)
	at org.hibernate.jpa.boot.internal.EntityManagerFactoryBuilderImpl.metadata(EntityManagerFactoryBuilderImpl.java:1395)
	at org.hibernate.jpa.boot.internal.EntityManagerFactoryBuilderImpl.populateSessionFactoryBuilder(EntityManagerFactoryBuilderImpl.java:1475)
	at org.hibernate.jpa.boot.internal.EntityManagerFactoryBuilderImpl.build(EntityManagerFactoryBuilderImpl.java:1457)
	at org.springframework.orm.jpa.vendor.SpringHibernateJpaPersistenceProvider.createContainerEntityManagerFactory(SpringHibernateJpaPersistenceProvider.java:66)
	at org.springframework.orm.jpa.LocalContainerEntityManagerFactoryBean.createNativeEntityManagerFactory(LocalContainerEntityManagerFactoryBean.java:433)
	at org.springframework.orm.jpa.AbstractEntityManagerFactoryBean.buildNativeEntityManagerFactory(AbstractEntityManagerFactoryBean.java:416)
	at org.springframework.orm.jpa.AbstractEntityManagerFactoryBean.afterPropertiesSet(AbstractEntityManagerFactoryBean.java:396)
	at org.springframework.orm.jpa.LocalContainerEntityManagerFactoryBean.afterPropertiesSet(LocalContainerEntityManagerFactoryBean.java:409)
	at org.springframework.beans.factory.support.AbstractAutowireCapableBeanFactory.invokeInitMethods(AbstractAutowireCapableBeanFactory.java:1864)
	at org.springframework.beans.factory.support.AbstractAutowireCapableBeanFactory.initializeBean(AbstractAutowireCapableBeanFactory.java:1813)
	... 102 common frames omitted
Caused by: org.hibernate.boot.registry.selector.spi.StrategySelectionException: Unable to resolve name [org.hibernate.dialect.PostgresSQLDialect] as strategy [org.hibernate.dialect.Dialect]
	at org.hibernate.boot.registry.selector.internal.StrategySelectorImpl.selectStrategyImplementor(StrategySelectorImpl.java:83)
	at org.hibernate.boot.registry.selector.internal.StrategySelectorImpl.resolveStrategy(StrategySelectorImpl.java:163)
	at org.hibernate.boot.registry.selector.internal.StrategySelectorImpl.resolveStrategy(StrategySelectorImpl.java:118)
	at org.hibernate.engine.jdbc.dialect.internal.DialectFactoryImpl.constructDialect(DialectFactoryImpl.java:122)
	at org.hibernate.engine.jdbc.dialect.internal.DialectFactoryImpl.buildDialect(DialectFactoryImpl.java:87)
	at org.hibernate.engine.jdbc.env.internal.JdbcEnvironmentInitiator.getJdbcEnvironmentWithDefaults(JdbcEnvironmentInitiator.java:207)
	at org.hibernate.engine.jdbc.env.internal.JdbcEnvironmentInitiator.getJdbcEnvironmentUsingJdbcMetadata(JdbcEnvironmentInitiator.java:432)
	at org.hibernate.engine.jdbc.env.internal.JdbcEnvironmentInitiator.getJdbcEnvironment(JdbcEnvironmentInitiator.java:149)
	at org.hibernate.engine.jdbc.env.internal.JdbcEnvironmentInitiator.initiateService(JdbcEnvironmentInitiator.java:127)
	at org.hibernate.engine.jdbc.env.internal.JdbcEnvironmentInitiator.initiateService(JdbcEnvironmentInitiator.java:82)
	at org.hibernate.boot.registry.internal.StandardServiceRegistryImpl.initiateService(StandardServiceRegistryImpl.java:133)
	at org.hibernate.service.internal.AbstractServiceRegistryImpl.createService(AbstractServiceRegistryImpl.java:262)
	... 118 common frames omitted
Caused by: org.hibernate.boot.registry.classloading.spi.ClassLoadingException: Unable to load class [org.hibernate.dialect.PostgresSQLDialect]
	at org.hibernate.boot.registry.classloading.internal.ClassLoaderServiceImpl.classForName(ClassLoaderServiceImpl.java:90)
	at org.hibernate.boot.registry.selector.internal.StrategySelectorImpl.selectStrategyImplementor(StrategySelectorImpl.java:79)
	... 129 common frames omitted
Caused by: java.lang.ClassNotFoundException: Could not load requested class: org.hibernate.dialect.PostgresSQLDialect
	at org.hibernate.boot.registry.classloading.internal.AggregatedClassLoader.findClass(AggregatedClassLoader.java:198)
	at java.base/java.lang.ClassLoader.loadClass(ClassLoader.java:593)
	at java.base/java.lang.ClassLoader.loadClass(ClassLoader.java:526)
	at java.base/java.lang.Class.forName0(Native Method)
	at java.base/java.lang.Class.forName(Class.java:534)
	at java.base/java.lang.Class.forName(Class.java:513)
	at org.hibernate.boot.registry.classloading.internal.ClassLoaderServiceImpl.classForName(ClassLoaderServiceImpl.java:87)
	... 130 common frames omitted
	Suppressed: java.lang.ClassNotFoundException: org.hibernate.dialect.PostgresSQLDialect
		at java.base/jdk.internal.loader.BuiltinClassLoader.loadClass(BuiltinClassLoader.java:641)
		at java.base/jdk.internal.loader.ClassLoaders$AppClassLoader.loadClass(ClassLoaders.java:188)
		at java.base/java.lang.ClassLoader.loadClass(ClassLoader.java:526)
		at org.hibernate.boot.registry.classloading.internal.AggregatedClassLoader.findClass(AggregatedClassLoader.java:202)
		... 136 common frames omitted
	Suppressed: java.lang.ClassNotFoundException: org.hibernate.dialect.PostgresSQLDialect
		at java.base/jdk.internal.loader.BuiltinClassLoader.loadClass(BuiltinClassLoader.java:641)
		at java.base/jdk.internal.loader.ClassLoaders$AppClassLoader.loadClass(ClassLoaders.java:188)
		at java.base/java.lang.ClassLoader.loadClass(ClassLoader.java:526)
		at org.hibernate.boot.registry.classloading.internal.AggregatedClassLoader.findClass(AggregatedClassLoader.java:202)
		... 136 common frames omitted
	Suppressed: java.lang.ClassNotFoundException: org.hibernate.dialect.PostgresSQLDialect
		at java.base/jdk.internal.loader.BuiltinClassLoader.loadClass(BuiltinClassLoader.java:641)
		at java.base/jdk.internal.loader.ClassLoaders$AppClassLoader.loadClass(ClassLoaders.java:188)
		at java.base/java.lang.ClassLoader.loadClass(ClassLoader.java:526)
		at org.hibernate.boot.registry.classloading.internal.AggregatedClassLoader.findClass(AggregatedClassLoader.java:202)
		... 136 common frames omitted
2026-03-03 19:10:04 [] INFO  - Starting UserRepositoryTest using Java 21.0.7 with PID 11352 (started by Дима in C:\Users\Дима\Downloads\webappII\webapp)
2026-03-03 19:10:04 [] DEBUG - Running with Spring Boot v4.0.0, Spring v7.0.1
2026-03-03 19:10:04 [] INFO  - No active profile set, falling back to 1 default profile: "default"
2026-03-03 19:10:05 [] INFO  - Bootstrapping Spring Data JPA repositories in DEFAULT mode.
2026-03-03 19:10:05 [] INFO  - Finished Spring Data repository scanning in 66 ms. Found 3 JPA repository interfaces.
2026-03-03 19:10:06 [] INFO  - HHH000204: Processing PersistenceUnitInfo [name: default]
2026-03-03 19:10:06 [] INFO  - HHH000412: Hibernate ORM core version 7.1.8.Final
2026-03-03 19:10:06 [] INFO  - No LoadTimeWeaver setup: ignoring JPA class transformer
2026-03-03 19:10:06 [] INFO  - HikariPool-1 - Starting...
2026-03-03 19:10:06 [] INFO  - HikariPool-1 - Added connection org.postgresql.jdbc.PgConnection@10f397d0
2026-03-03 19:10:06 [] INFO  - HikariPool-1 - Start completed.
2026-03-03 19:10:06 [] WARN  - HHH90000025: PostgreSQLDialect does not need to be specified explicitly using 'hibernate.dialect' (remove the property setting and it will be selected by default)
2026-03-03 19:10:06 [] INFO  - HHH10001005: Database info:
	Database JDBC URL [jdbc:postgresql://localhost:1408/tasks]
	Database driver: PostgreSQL JDBC Driver
	Database dialect: PostgreSQLDialect
	Database version: 16.2
	Default catalog/schema: tasks/public
	Autocommit mode: undefined/unknown
	Isolation level: READ_COMMITTED [default READ_COMMITTED]
	JDBC fetch size: none
	Pool: DatasourceConnectionProviderImpl
	Minimum pool size: undefined/unknown
	Maximum pool size: undefined/unknown
2026-03-03 19:10:07 [] INFO  - HHH000489: No JTA platform available (set 'hibernate.transaction.jta.platform' to enable JTA platform integration)
2026-03-03 19:10:08 [] INFO  - Initialized JPA EntityManagerFactory for persistence unit 'default'
2026-03-03 19:10:08 [] INFO  - Hibernate is in classpath; If applicable, HQL parser will be used.
2026-03-03 19:10:08 [] WARN  - spring.jpa.open-in-view is enabled by default. Therefore, database queries may be performed during view rendering. Explicitly configure spring.jpa.open-in-view to disable this warning
2026-03-03 19:10:08 [] INFO  - Global AuthenticationManager configured with AuthenticationProvider bean with name authenticationProvider
2026-03-03 19:10:08 [] WARN  - Global AuthenticationManager configured with an AuthenticationProvider bean. UserDetailsService beans will not be used by Spring Security for automatically configuring username/password login. Consider removing the AuthenticationProvider bean. Alternatively, consider using the UserDetailsService in a manually instantiated DaoAuthenticationProvider. If the current configuration is intentional, to turn off this warning, increase the logging level of 'org.springframework.security.config.annotation.authentication.configuration.InitializeUserDetailsBeanManagerConfigurer' to ERROR
2026-03-03 19:10:09 [] INFO  - Started UserRepositoryTest in 4.716 seconds (process running for 6.17)
2026-03-03 19:10:09 [] DEBUG - 
    insert 
    into
        users
        (email, first_name, last_name, password) 
    values
        (?, ?, ?, ?)
2026-03-03 19:10:09 [] DEBUG - 
    select
        u1_0.id,
        u1_0.email,
        u1_0.first_name,
        u1_0.last_name,
        u1_0.password 
    from
        users u1_0 
    where
        u1_0.email=?
2026-03-03 19:10:10 [] DEBUG - 
    select
        r1_0.user_id,
        r1_1.id,
        r1_1.name 
    from
        user_roles r1_0 
    join
        roles r1_1 
            on r1_1.id=r1_0.role_id 
    where
        r1_0.user_id=?
2026-03-03 19:10:10 [] INFO  - Closing JPA EntityManagerFactory for persistence unit 'default'
2026-03-03 19:10:10 [] INFO  - HikariPool-1 - Shutdown initiated...
2026-03-03 19:10:10 [] INFO  - HikariPool-1 - Shutdown completed.
2026-03-03 19:11:11 [] INFO  - Starting WebappApplicationTests using Java 21.0.7 with PID 9736 (started by Дима in C:\Users\Дима\Downloads\webappII\webapp)
2026-03-03 19:11:11 [] DEBUG - Running with Spring Boot v4.0.0, Spring v7.0.1
2026-03-03 19:11:11 [] INFO  - No active profile set, falling back to 1 default profile: "default"
2026-03-03 19:11:12 [] INFO  - Bootstrapping Spring Data JPA repositories in DEFAULT mode.
2026-03-03 19:11:12 [] INFO  - Finished Spring Data repository scanning in 55 ms. Found 3 JPA repository interfaces.
2026-03-03 19:11:13 [] INFO  - HHH000204: Processing PersistenceUnitInfo [name: default]
2026-03-03 19:11:13 [] INFO  - HHH000412: Hibernate ORM core version 7.1.8.Final
2026-03-03 19:11:13 [] INFO  - No LoadTimeWeaver setup: ignoring JPA class transformer
2026-03-03 19:11:13 [] INFO  - HikariPool-1 - Starting...
2026-03-03 19:11:13 [] INFO  - HikariPool-1 - Added connection org.postgresql.jdbc.PgConnection@7509226c
2026-03-03 19:11:13 [] INFO  - HikariPool-1 - Start completed.
2026-03-03 19:11:13 [] WARN  - HHH90000025: PostgreSQLDialect does not need to be specified explicitly using 'hibernate.dialect' (remove the property setting and it will be selected by default)
2026-03-03 19:11:13 [] INFO  - HHH10001005: Database info:
	Database JDBC URL [jdbc:postgresql://localhost:1408/tasks]
	Database driver: PostgreSQL JDBC Driver
	Database dialect: PostgreSQLDialect
	Database version: 16.2
	Default catalog/schema: tasks/public
	Autocommit mode: undefined/unknown
	Isolation level: READ_COMMITTED [default READ_COMMITTED]
	JDBC fetch size: none
	Pool: DatasourceConnectionProviderImpl
	Minimum pool size: undefined/unknown
	Maximum pool size: undefined/unknown
2026-03-03 19:11:14 [] INFO  - HHH000489: No JTA platform available (set 'hibernate.transaction.jta.platform' to enable JTA platform integration)
2026-03-03 19:11:14 [] INFO  - Initialized JPA EntityManagerFactory for persistence unit 'default'
2026-03-03 19:11:14 [] INFO  - Hibernate is in classpath; If applicable, HQL parser will be used.
2026-03-03 19:11:15 [] WARN  - spring.jpa.open-in-view is enabled by default. Therefore, database queries may be performed during view rendering. Explicitly configure spring.jpa.open-in-view to disable this warning
2026-03-03 19:11:15 [] INFO  - Global AuthenticationManager configured with AuthenticationProvider bean with name authenticationProvider
2026-03-03 19:11:15 [] WARN  - Global AuthenticationManager configured with an AuthenticationProvider bean. UserDetailsService beans will not be used by Spring Security for automatically configuring username/password login. Consider removing the AuthenticationProvider bean. Alternatively, consider using the UserDetailsService in a manually instantiated DaoAuthenticationProvider. If the current configuration is intentional, to turn off this warning, increase the logging level of 'org.springframework.security.config.annotation.authentication.configuration.InitializeUserDetailsBeanManagerConfigurer' to ERROR
2026-03-03 19:11:15 [] INFO  - Started WebappApplicationTests in 4.624 seconds (process running for 5.87)
2026-03-03 19:11:16 [] INFO  - Closing JPA EntityManagerFactory for persistence unit 'default'
2026-03-03 19:11:16 [] INFO  - HikariPool-1 - Shutdown initiated...
2026-03-03 19:11:16 [] INFO  - HikariPool-1 - Shutdown completed.
2026-03-03 19:11:23 [] INFO  - Starting WebappApplicationTests using Java 21.0.7 with PID 9752 (started by Дима in C:\Users\Дима\Downloads\webappII\webapp)
2026-03-03 19:11:23 [] DEBUG - Running with Spring Boot v4.0.0, Spring v7.0.1
2026-03-03 19:11:23 [] INFO  - No active profile set, falling back to 1 default profile: "default"
2026-03-03 19:11:24 [] INFO  - Bootstrapping Spring Data JPA repositories in DEFAULT mode.
2026-03-03 19:11:24 [] INFO  - Finished Spring Data repository scanning in 53 ms. Found 3 JPA repository interfaces.
2026-03-03 19:11:24 [] INFO  - HHH000204: Processing PersistenceUnitInfo [name: default]
2026-03-03 19:11:24 [] INFO  - HHH000412: Hibernate ORM core version 7.1.8.Final
2026-03-03 19:11:25 [] INFO  - No LoadTimeWeaver setup: ignoring JPA class transformer
2026-03-03 19:11:25 [] INFO  - HikariPool-1 - Starting...
2026-03-03 19:11:25 [] INFO  - HikariPool-1 - Added connection org.postgresql.jdbc.PgConnection@667dd150
2026-03-03 19:11:25 [] INFO  - HikariPool-1 - Start completed.
2026-03-03 19:11:25 [] WARN  - HHH90000025: PostgreSQLDialect does not need to be specified explicitly using 'hibernate.dialect' (remove the property setting and it will be selected by default)
2026-03-03 19:11:25 [] INFO  - HHH10001005: Database info:
	Database JDBC URL [jdbc:postgresql://localhost:1408/tasks]
	Database driver: PostgreSQL JDBC Driver
	Database dialect: PostgreSQLDialect
	Database version: 16.2
	Default catalog/schema: tasks/public
	Autocommit mode: undefined/unknown
	Isolation level: READ_COMMITTED [default READ_COMMITTED]
	JDBC fetch size: none
	Pool: DatasourceConnectionProviderImpl
	Minimum pool size: undefined/unknown
	Maximum pool size: undefined/unknown
2026-03-03 19:11:26 [] INFO  - HHH000489: No JTA platform available (set 'hibernate.transaction.jta.platform' to enable JTA platform integration)
2026-03-03 19:11:26 [] INFO  - Initialized JPA EntityManagerFactory for persistence unit 'default'
2026-03-03 19:11:26 [] INFO  - Hibernate is in classpath; If applicable, HQL parser will be used.
2026-03-03 19:11:27 [] WARN  - spring.jpa.open-in-view is enabled by default. Therefore, database queries may be performed during view rendering. Explicitly configure spring.jpa.open-in-view to disable this warning
2026-03-03 19:11:27 [] INFO  - Global AuthenticationManager configured with AuthenticationProvider bean with name authenticationProvider
2026-03-03 19:11:27 [] WARN  - Global AuthenticationManager configured with an AuthenticationProvider bean. UserDetailsService beans will not be used by Spring Security for automatically configuring username/password login. Consider removing the AuthenticationProvider bean. Alternatively, consider using the UserDetailsService in a manually instantiated DaoAuthenticationProvider. If the current configuration is intentional, to turn off this warning, increase the logging level of 'org.springframework.security.config.annotation.authentication.configuration.InitializeUserDetailsBeanManagerConfigurer' to ERROR
2026-03-03 19:11:27 [] INFO  - Started WebappApplicationTests in 4.75 seconds (process running for 6.136)
2026-03-03 19:11:28 [] INFO  - Could not detect default configuration classes for test class [com.site.webapp.repo.UserRepositoryTest]: UserRepositoryTest does not declare any static, non-private, non-final, nested classes annotated with @Configuration.
2026-03-03 19:11:28 [] INFO  - Found @SpringBootConfiguration com.site.webapp.WebappApplication for test class com.site.webapp.repo.UserRepositoryTest
2026-03-03 19:11:28 [] DEBUG - 
    insert 
    into
        users
        (email, first_name, last_name, password) 
    values
        (?, ?, ?, ?)
2026-03-03 19:11:28 [] WARN  - HHH000247: ErrorCode: 0, SQLState: 23505
2026-03-03 19:11:28 [] WARN  - ОШИБКА: повторяющееся значение ключа нарушает ограничение уникальности "uk6dotkott2kjsp8vw4d0m25fb7"
  Подробности: Ключ "(email)=(test@email.com)" уже существует.
2026-03-03 19:11:28 [] INFO  - Could not detect default configuration classes for test class [com.site.webapp.controllers.RegistrationControllerTest]: RegistrationControllerTest does not declare any static, non-private, non-final, nested classes annotated with @Configuration.
2026-03-03 19:11:28 [] INFO  - Found @SpringBootConfiguration com.site.webapp.WebappApplication for test class com.site.webapp.controllers.RegistrationControllerTest
2026-03-03 19:11:28 [] DEBUG - 
    select
        u1_0.id,
        u1_0.email,
        u1_0.first_name,
        u1_0.last_name,
        u1_0.password 
    from
        users u1_0 
    where
        u1_0.email=?
2026-03-03 19:11:28 [] DEBUG - 
    select
        r1_0.id,
        r1_0.name 
    from
        roles r1_0 
    where
        r1_0.id=?
2026-03-03 19:11:28 [] DEBUG - 
    insert 
    into
        users
        (email, first_name, last_name, password) 
    values
        (?, ?, ?, ?)
2026-03-03 19:11:28 [] DEBUG - 
    select
        u1_0.id,
        u1_0.email,
        u1_0.first_name,
        u1_0.last_name,
        u1_0.password 
    from
        users u1_0 
    where
        u1_0.email=?
2026-03-03 19:11:28 [] DEBUG - 
    select
        u1_0.id,
        u1_0.email,
        u1_0.first_name,
        u1_0.last_name,
        u1_0.password 
    from
        users u1_0 
    where
        u1_0.email=?
2026-03-03 19:11:28 [] INFO  - Could not detect default configuration classes for test class [com.site.webapp.controllers.TaskControllerTest]: TaskControllerTest does not declare any static, non-private, non-final, nested classes annotated with @Configuration.
2026-03-03 19:11:28 [] INFO  - Found @SpringBootConfiguration com.site.webapp.WebappApplication for test class com.site.webapp.controllers.TaskControllerTest
2026-03-03 19:11:28 [] DEBUG - 
    select
        nextval('tasks_seq')
2026-03-03 19:11:28 [] DEBUG - 
    insert 
    into
        tasks
        (artist_id, comment, deadline, priority, title, id) 
    values
        (?, ?, ?, ?, ?, ?)
2026-03-03 19:11:28 [] DEBUG - 
    select
        count(*) 
    from
        tasks t1_0
2026-03-03 19:11:28 [] DEBUG - 
    select
        u1_0.id,
        u1_0.email,
        u1_0.first_name,
        u1_0.last_name,
        u1_0.password 
    from
        users u1_0 
    where
        u1_0.email=?
2026-03-03 19:11:28 [] DEBUG - 
    select
        r1_0.id,
        r1_0.name 
    from
        roles r1_0 
    where
        r1_0.id=?
2026-03-03 19:11:29 [] INFO  - Could not detect default configuration classes for test class [com.site.webapp.repo.TasksRepositoryTest]: TasksRepositoryTest does not declare any static, non-private, non-final, nested classes annotated with @Configuration.
2026-03-03 19:11:29 [] INFO  - Found @SpringBootConfiguration com.site.webapp.WebappApplication for test class com.site.webapp.repo.TasksRepositoryTest
2026-03-03 19:11:29 [] DEBUG - 
    insert 
    into
        tasks
        (artist_id, comment, deadline, priority, title, id) 
    values
        (?, ?, ?, ?, ?, ?)
2026-03-03 19:11:29 [] DEBUG - 
    insert 
    into
        tasks
        (artist_id, comment, deadline, priority, title, id) 
    values
        (?, ?, ?, ?, ?, ?)
2026-03-03 19:11:29 [] DEBUG - 
    insert 
    into
        tasks
        (artist_id, comment, deadline, priority, title, id) 
    values
        (?, ?, ?, ?, ?, ?)
2026-03-03 19:11:29 [] DEBUG - 
    select
        t1_0.id,
        t1_0.artist_id,
        t1_0.comment,
        t1_0.deadline,
        t1_0.priority,
        t1_0.title 
    from
        tasks t1_0 
    order by
        t1_0.id desc
2026-03-03 19:11:29 [] DEBUG - 
    insert 
    into
        tasks
        (artist_id, comment, deadline, priority, title, id) 
    values
        (?, ?, ?, ?, ?, ?)
2026-03-03 19:11:29 [] DEBUG - 
    insert 
    into
        tasks
        (artist_id, comment, deadline, priority, title, id) 
    values
        (?, ?, ?, ?, ?, ?)
2026-03-03 19:11:29 [] DEBUG - 
    insert 
    into
        tasks
        (artist_id, comment, deadline, priority, title, id) 
    values
        (?, ?, ?, ?, ?, ?)
2026-03-03 19:11:29 [] DEBUG - 
    insert 
    into
        tasks
        (artist_id, comment, deadline, priority, title, id) 
    values
        (?, ?, ?, ?, ?, ?)
2026-03-03 19:11:29 [] DEBUG - 
    insert 
    into
        tasks
        (artist_id, comment, deadline, priority, title, id) 
    values
        (?, ?, ?, ?, ?, ?)
2026-03-03 19:11:29 [] DEBUG - 
    select
        t1_0.id,
        t1_0.artist_id,
        t1_0.comment,
        t1_0.deadline,
        t1_0.priority,
        t1_0.title 
    from
        tasks t1_0 
    order by
        t1_0.deadline desc
2026-03-03 19:11:29 [] DEBUG - 
    insert 
    into
        tasks
        (artist_id, comment, deadline, priority, title, id) 
    values
        (?, ?, ?, ?, ?, ?)
2026-03-03 19:11:29 [] DEBUG - 
    insert 
    into
        tasks
        (artist_id, comment, deadline, priority, title, id) 
    values
        (?, ?, ?, ?, ?, ?)
2026-03-03 19:11:29 [] DEBUG - 
    insert 
    into
        tasks
        (artist_id, comment, deadline, priority, title, id) 
    values
        (?, ?, ?, ?, ?, ?)
2026-03-03 19:11:29 [] DEBUG - 
    select
        t1_0.id,
        t1_0.artist_id,
        t1_0.comment,
        t1_0.deadline,
        t1_0.priority,
        t1_0.title 
    from
        tasks t1_0 
    order by
        t1_0.priority
2026-03-03 19:11:29 [] DEBUG - 
    insert 
    into
        tasks
        (artist_id, comment, deadline, priority, title, id) 
    values
        (?, ?, ?, ?, ?, ?)
2026-03-03 19:11:29 [] DEBUG - 
    insert 
    into
        tasks
        (artist_id, comment, deadline, priority, title, id) 
    values
        (?, ?, ?, ?, ?, ?)
2026-03-03 19:11:29 [] DEBUG - 
    insert 
    into
        tasks
        (artist_id, comment, deadline, priority, title, id) 
    values
        (?, ?, ?, ?, ?, ?)
2026-03-03 19:11:29 [] DEBUG - 
    select
        t1_0.id,
        t1_0.artist_id,
        t1_0.comment,
        t1_0.deadline,
        t1_0.priority,
        t1_0.title 
    from
        tasks t1_0 
    order by
        t1_0.id
2026-03-03 19:11:29 [] DEBUG - 
    insert 
    into
        tasks
        (artist_id, comment, deadline, priority, title, id) 
    values
        (?, ?, ?, ?, ?, ?)
2026-03-03 19:11:29 [] DEBUG - 
    insert 
    into
        tasks
        (artist_id, comment, deadline, priority, title, id) 
    values
        (?, ?, ?, ?, ?, ?)
2026-03-03 19:11:29 [] DEBUG - 
    insert 
    into
        tasks
        (artist_id, comment, deadline, priority, title, id) 
    values
        (?, ?, ?, ?, ?, ?)
2026-03-03 19:11:29 [] DEBUG - 
    select
        t1_0.id,
        t1_0.artist_id,
        t1_0.comment,
        t1_0.deadline,
        t1_0.priority,
        t1_0.title 
    from
        tasks t1_0 
    where
        t1_0.artist_id=?
2026-03-03 19:11:29 [] DEBUG - 
    select
        t1_0.id,
        t1_0.artist_id,
        t1_0.comment,
        t1_0.deadline,
        t1_0.priority,
        t1_0.title 
    from
        tasks t1_0 
    where
        t1_0.artist_id=?
2026-03-03 19:11:29 [] DEBUG - 
    select
        t1_0.id,
        t1_0.artist_id,
        t1_0.comment,
        t1_0.deadline,
        t1_0.priority,
        t1_0.title 
    from
        tasks t1_0 
    where
        t1_0.artist_id=?
2026-03-03 19:11:29 [] INFO  - Closing JPA EntityManagerFactory for persistence unit 'default'
2026-03-03 19:11:29 [] INFO  - HikariPool-1 - Shutdown initiated...
2026-03-03 19:11:29 [] INFO  - HikariPool-1 - Shutdown completed.
2026-03-03 19:12:49 [] INFO  - Starting WebappApplicationTests using Java 21.0.7 with PID 21196 (started by Дима in C:\Users\Дима\Downloads\webappII\webapp)
2026-03-03 19:12:49 [] DEBUG - Running with Spring Boot v4.0.0, Spring v7.0.1
2026-03-03 19:12:49 [] INFO  - No active profile set, falling back to 1 default profile: "default"
2026-03-03 19:12:50 [] INFO  - Bootstrapping Spring Data JPA repositories in DEFAULT mode.
2026-03-03 19:12:50 [] INFO  - Finished Spring Data repository scanning in 44 ms. Found 3 JPA repository interfaces.
2026-03-03 19:12:51 [] INFO  - HHH000204: Processing PersistenceUnitInfo [name: default]
2026-03-03 19:12:51 [] INFO  - HHH000412: Hibernate ORM core version 7.1.8.Final
2026-03-03 19:12:51 [] INFO  - No LoadTimeWeaver setup: ignoring JPA class transformer
2026-03-03 19:12:51 [] INFO  - HikariPool-1 - Starting...
2026-03-03 19:12:52 [] INFO  - HikariPool-1 - Added connection org.postgresql.jdbc.PgConnection@1293f8d7
2026-03-03 19:12:52 [] INFO  - HikariPool-1 - Start completed.
2026-03-03 19:12:52 [] WARN  - HHH90000025: PostgreSQLDialect does not need to be specified explicitly using 'hibernate.dialect' (remove the property setting and it will be selected by default)
2026-03-03 19:12:52 [] INFO  - HHH10001005: Database info:
	Database JDBC URL [jdbc:postgresql://localhost:1408/tasks]
	Database driver: PostgreSQL JDBC Driver
	Database dialect: PostgreSQLDialect
	Database version: 16.2
	Default catalog/schema: tasks/public
	Autocommit mode: undefined/unknown
	Isolation level: READ_COMMITTED [default READ_COMMITTED]
	JDBC fetch size: none
	Pool: DatasourceConnectionProviderImpl
	Minimum pool size: undefined/unknown
	Maximum pool size: undefined/unknown
2026-03-03 19:12:53 [] INFO  - HHH000489: No JTA platform available (set 'hibernate.transaction.jta.platform' to enable JTA platform integration)
2026-03-03 19:12:53 [] INFO  - Initialized JPA EntityManagerFactory for persistence unit 'default'
2026-03-03 19:12:53 [] INFO  - Hibernate is in classpath; If applicable, HQL parser will be used.
2026-03-03 19:12:53 [] WARN  - spring.jpa.open-in-view is enabled by default. Therefore, database queries may be performed during view rendering. Explicitly configure spring.jpa.open-in-view to disable this warning
2026-03-03 19:12:53 [] INFO  - Global AuthenticationManager configured with AuthenticationProvider bean with name authenticationProvider
2026-03-03 19:12:53 [] WARN  - Global AuthenticationManager configured with an AuthenticationProvider bean. UserDetailsService beans will not be used by Spring Security for automatically configuring username/password login. Consider removing the AuthenticationProvider bean. Alternatively, consider using the UserDetailsService in a manually instantiated DaoAuthenticationProvider. If the current configuration is intentional, to turn off this warning, increase the logging level of 'org.springframework.security.config.annotation.authentication.configuration.InitializeUserDetailsBeanManagerConfigurer' to ERROR
2026-03-03 19:12:54 [] INFO  - Started WebappApplicationTests in 4.683 seconds (process running for 6.027)
2026-03-03 19:12:54 [] INFO  - Could not detect default configuration classes for test class [com.site.webapp.repo.UserRepositoryTest]: UserRepositoryTest does not declare any static, non-private, non-final, nested classes annotated with @Configuration.
2026-03-03 19:12:54 [] INFO  - Found @SpringBootConfiguration com.site.webapp.WebappApplication for test class com.site.webapp.repo.UserRepositoryTest
2026-03-03 19:12:54 [] DEBUG - 
    insert 
    into
        users
        (email, first_name, last_name, password) 
    values
        (?, ?, ?, ?)
2026-03-03 19:12:54 [] WARN  - HHH000247: ErrorCode: 0, SQLState: 23505
2026-03-03 19:12:54 [] WARN  - ОШИБКА: повторяющееся значение ключа нарушает ограничение уникальности "uk6dotkott2kjsp8vw4d0m25fb7"
  Подробности: Ключ "(email)=(test@email.com)" уже существует.
2026-03-03 19:12:54 [] INFO  - Could not detect default configuration classes for test class [com.site.webapp.controllers.RegistrationControllerTest]: RegistrationControllerTest does not declare any static, non-private, non-final, nested classes annotated with @Configuration.
2026-03-03 19:12:54 [] INFO  - Found @SpringBootConfiguration com.site.webapp.WebappApplication for test class com.site.webapp.controllers.RegistrationControllerTest
2026-03-03 19:12:55 [] DEBUG - 
    select
        u1_0.id,
        u1_0.email,
        u1_0.first_name,
        u1_0.last_name,
        u1_0.password 
    from
        users u1_0 
    where
        u1_0.email=?
2026-03-03 19:12:55 [] DEBUG - 
    select
        r1_0.id,
        r1_0.name 
    from
        roles r1_0 
    where
        r1_0.id=?
2026-03-03 19:12:55 [] DEBUG - 
    insert 
    into
        users
        (email, first_name, last_name, password) 
    values
        (?, ?, ?, ?)
2026-03-03 19:12:55 [] DEBUG - 
    select
        u1_0.id,
        u1_0.email,
        u1_0.first_name,
        u1_0.last_name,
        u1_0.password 
    from
        users u1_0 
    where
        u1_0.email=?
2026-03-03 19:12:55 [] DEBUG - 
    select
        u1_0.id,
        u1_0.email,
        u1_0.first_name,
        u1_0.last_name,
        u1_0.password 
    from
        users u1_0 
    where
        u1_0.email=?
2026-03-03 19:12:55 [] INFO  - Could not detect default configuration classes for test class [com.site.webapp.controllers.TaskControllerTest]: TaskControllerTest does not declare any static, non-private, non-final, nested classes annotated with @Configuration.
2026-03-03 19:12:55 [] INFO  - Found @SpringBootConfiguration com.site.webapp.WebappApplication for test class com.site.webapp.controllers.TaskControllerTest
2026-03-03 19:12:55 [] DEBUG - 
    select
        nextval('tasks_seq')
2026-03-03 19:12:55 [] DEBUG - 
    insert 
    into
        tasks
        (artist_id, comment, deadline, priority, title, id) 
    values
        (?, ?, ?, ?, ?, ?)
2026-03-03 19:12:55 [] DEBUG - 
    select
        count(*) 
    from
        tasks t1_0
2026-03-03 19:12:55 [] DEBUG - 
    select
        u1_0.id,
        u1_0.email,
        u1_0.first_name,
        u1_0.last_name,
        u1_0.password 
    from
        users u1_0 
    where
        u1_0.email=?
2026-03-03 19:12:55 [] DEBUG - 
    select
        r1_0.id,
        r1_0.name 
    from
        roles r1_0 
    where
        r1_0.id=?
2026-03-03 19:12:55 [] INFO  - Could not detect default configuration classes for test class [com.site.webapp.repo.TasksRepositoryTest]: TasksRepositoryTest does not declare any static, non-private, non-final, nested classes annotated with @Configuration.
2026-03-03 19:12:55 [] INFO  - Found @SpringBootConfiguration com.site.webapp.WebappApplication for test class com.site.webapp.repo.TasksRepositoryTest
2026-03-03 19:12:55 [] DEBUG - 
    insert 
    into
        tasks
        (artist_id, comment, deadline, priority, title, id) 
    values
        (?, ?, ?, ?, ?, ?)
2026-03-03 19:12:55 [] DEBUG - 
    insert 
    into
        tasks
        (artist_id, comment, deadline, priority, title, id) 
    values
        (?, ?, ?, ?, ?, ?)
2026-03-03 19:12:55 [] DEBUG - 
    insert 
    into
        tasks
        (artist_id, comment, deadline, priority, title, id) 
    values
        (?, ?, ?, ?, ?, ?)
2026-03-03 19:12:55 [] DEBUG - 
    select
        t1_0.id,
        t1_0.artist_id,
        t1_0.comment,
        t1_0.deadline,
        t1_0.priority,
        t1_0.title 
    from
        tasks t1_0 
    order by
        t1_0.id desc
2026-03-03 19:12:55 [] DEBUG - 
    insert 
    into
        tasks
        (artist_id, comment, deadline, priority, title, id) 
    values
        (?, ?, ?, ?, ?, ?)
2026-03-03 19:12:55 [] DEBUG - 
    insert 
    into
        tasks
        (artist_id, comment, deadline, priority, title, id) 
    values
        (?, ?, ?, ?, ?, ?)
2026-03-03 19:12:55 [] DEBUG - 
    insert 
    into
        tasks
        (artist_id, comment, deadline, priority, title, id) 
    values
        (?, ?, ?, ?, ?, ?)
2026-03-03 19:12:55 [] DEBUG - 
    insert 
    into
        tasks
        (artist_id, comment, deadline, priority, title, id) 
    values
        (?, ?, ?, ?, ?, ?)
2026-03-03 19:12:55 [] DEBUG - 
    insert 
    into
        tasks
        (artist_id, comment, deadline, priority, title, id) 
    values
        (?, ?, ?, ?, ?, ?)
2026-03-03 19:12:55 [] DEBUG - 
    select
        t1_0.id,
        t1_0.artist_id,
        t1_0.comment,
        t1_0.deadline,
        t1_0.priority,
        t1_0.title 
    from
        tasks t1_0 
    order by
        t1_0.deadline desc
2026-03-03 19:12:55 [] DEBUG - 
    insert 
    into
        tasks
        (artist_id, comment, deadline, priority, title, id) 
    values
        (?, ?, ?, ?, ?, ?)
2026-03-03 19:12:55 [] DEBUG - 
    insert 
    into
        tasks
        (artist_id, comment, deadline, priority, title, id) 
    values
        (?, ?, ?, ?, ?, ?)
2026-03-03 19:12:55 [] DEBUG - 
    insert 
    into
        tasks
        (artist_id, comment, deadline, priority, title, id) 
    values
        (?, ?, ?, ?, ?, ?)
2026-03-03 19:12:55 [] DEBUG - 
    select
        t1_0.id,
        t1_0.artist_id,
        t1_0.comment,
        t1_0.deadline,
        t1_0.priority,
        t1_0.title 
    from
        tasks t1_0 
    order by
        t1_0.priority
2026-03-03 19:12:55 [] DEBUG - 
    insert 
    into
        tasks
        (artist_id, comment, deadline, priority, title, id) 
    values
        (?, ?, ?, ?, ?, ?)
2026-03-03 19:12:55 [] DEBUG - 
    insert 
    into
        tasks
        (artist_id, comment, deadline, priority, title, id) 
    values
        (?, ?, ?, ?, ?, ?)
2026-03-03 19:12:55 [] DEBUG - 
    insert 
    into
        tasks
        (artist_id, comment, deadline, priority, title, id) 
    values
        (?, ?, ?, ?, ?, ?)
2026-03-03 19:12:55 [] DEBUG - 
    select
        t1_0.id,
        t1_0.artist_id,
        t1_0.comment,
        t1_0.deadline,
        t1_0.priority,
        t1_0.title 
    from
        tasks t1_0 
    order by
        t1_0.id
2026-03-03 19:12:55 [] DEBUG - 
    insert 
    into
        tasks
        (artist_id, comment, deadline, priority, title, id) 
    values
        (?, ?, ?, ?, ?, ?)
2026-03-03 19:12:55 [] DEBUG - 
    insert 
    into
        tasks
        (artist_id, comment, deadline, priority, title, id) 
    values
        (?, ?, ?, ?, ?, ?)
2026-03-03 19:12:55 [] DEBUG - 
    insert 
    into
        tasks
        (artist_id, comment, deadline, priority, title, id) 
    values
        (?, ?, ?, ?, ?, ?)
2026-03-03 19:12:55 [] DEBUG - 
    select
        t1_0.id,
        t1_0.artist_id,
        t1_0.comment,
        t1_0.deadline,
        t1_0.priority,
        t1_0.title 
    from
        tasks t1_0 
    where
        t1_0.artist_id=?
2026-03-03 19:12:55 [] DEBUG - 
    select
        t1_0.id,
        t1_0.artist_id,
        t1_0.comment,
        t1_0.deadline,
        t1_0.priority,
        t1_0.title 
    from
        tasks t1_0 
    where
        t1_0.artist_id=?
2026-03-03 19:12:55 [] DEBUG - 
    select
        t1_0.id,
        t1_0.artist_id,
        t1_0.comment,
        t1_0.deadline,
        t1_0.priority,
        t1_0.title 
    from
        tasks t1_0 
    where
        t1_0.artist_id=?
2026-03-03 19:12:55 [] INFO  - Closing JPA EntityManagerFactory for persistence unit 'default'
2026-03-03 19:12:55 [] INFO  - HikariPool-1 - Shutdown initiated...
2026-03-03 19:12:55 [] INFO  - HikariPool-1 - Shutdown completed.
2026-03-03 19:14:26 [] INFO  - Starting WebappApplicationTests using Java 21.0.7 with PID 2824 (started by Дима in C:\Users\Дима\Downloads\webappII\webapp)
2026-03-03 19:14:26 [] DEBUG - Running with Spring Boot v4.0.0, Spring v7.0.1
2026-03-03 19:14:26 [] INFO  - No active profile set, falling back to 1 default profile: "default"
2026-03-03 19:14:27 [] INFO  - Bootstrapping Spring Data JPA repositories in DEFAULT mode.
2026-03-03 19:14:27 [] INFO  - Finished Spring Data repository scanning in 44 ms. Found 3 JPA repository interfaces.
2026-03-03 19:14:27 [] INFO  - HHH000204: Processing PersistenceUnitInfo [name: default]
2026-03-03 19:14:27 [] INFO  - HHH000412: Hibernate ORM core version 7.1.8.Final
2026-03-03 19:14:28 [] INFO  - No LoadTimeWeaver setup: ignoring JPA class transformer
2026-03-03 19:14:28 [] INFO  - HikariPool-1 - Starting...
2026-03-03 19:14:28 [] INFO  - HikariPool-1 - Added connection org.postgresql.jdbc.PgConnection@5305f936
2026-03-03 19:14:28 [] INFO  - HikariPool-1 - Start completed.
2026-03-03 19:14:28 [] WARN  - HHH90000025: PostgreSQLDialect does not need to be specified explicitly using 'hibernate.dialect' (remove the property setting and it will be selected by default)
2026-03-03 19:14:28 [] INFO  - HHH10001005: Database info:
	Database JDBC URL [jdbc:postgresql://localhost:1408/tasks]
	Database driver: PostgreSQL JDBC Driver
	Database dialect: PostgreSQLDialect
	Database version: 16.2
	Default catalog/schema: tasks/public
	Autocommit mode: undefined/unknown
	Isolation level: READ_COMMITTED [default READ_COMMITTED]
	JDBC fetch size: none
	Pool: DatasourceConnectionProviderImpl
	Minimum pool size: undefined/unknown
	Maximum pool size: undefined/unknown
2026-03-03 19:14:29 [] INFO  - HHH000489: No JTA platform available (set 'hibernate.transaction.jta.platform' to enable JTA platform integration)
2026-03-03 19:14:29 [] INFO  - Initialized JPA EntityManagerFactory for persistence unit 'default'
2026-03-03 19:14:29 [] INFO  - Hibernate is in classpath; If applicable, HQL parser will be used.
2026-03-03 19:14:30 [] WARN  - spring.jpa.open-in-view is enabled by default. Therefore, database queries may be performed during view rendering. Explicitly configure spring.jpa.open-in-view to disable this warning
2026-03-03 19:14:30 [] INFO  - Global AuthenticationManager configured with AuthenticationProvider bean with name authenticationProvider
2026-03-03 19:14:30 [] WARN  - Global AuthenticationManager configured with an AuthenticationProvider bean. UserDetailsService beans will not be used by Spring Security for automatically configuring username/password login. Consider removing the AuthenticationProvider bean. Alternatively, consider using the UserDetailsService in a manually instantiated DaoAuthenticationProvider. If the current configuration is intentional, to turn off this warning, increase the logging level of 'org.springframework.security.config.annotation.authentication.configuration.InitializeUserDetailsBeanManagerConfigurer' to ERROR
2026-03-03 19:14:30 [] INFO  - Started WebappApplicationTests in 4.735 seconds (process running for 6.18)
2026-03-03 19:14:31 [] INFO  - Could not detect default configuration classes for test class [com.site.webapp.repo.UserRepositoryTest]: UserRepositoryTest does not declare any static, non-private, non-final, nested classes annotated with @Configuration.
2026-03-03 19:14:31 [] INFO  - Found @SpringBootConfiguration com.site.webapp.WebappApplication for test class com.site.webapp.repo.UserRepositoryTest
2026-03-03 19:14:31 [] DEBUG - 
    insert 
    into
        users
        (email, first_name, last_name, password) 
    values
        (?, ?, ?, ?)
2026-03-03 19:14:31 [] WARN  - HHH000247: ErrorCode: 0, SQLState: 23505
2026-03-03 19:14:31 [] WARN  - ОШИБКА: повторяющееся значение ключа нарушает ограничение уникальности "uk6dotkott2kjsp8vw4d0m25fb7"
  Подробности: Ключ "(email)=(test@email.com)" уже существует.
2026-03-03 19:14:31 [] INFO  - Could not detect default configuration classes for test class [com.site.webapp.controllers.RegistrationControllerTest]: RegistrationControllerTest does not declare any static, non-private, non-final, nested classes annotated with @Configuration.
2026-03-03 19:14:31 [] INFO  - Found @SpringBootConfiguration com.site.webapp.WebappApplication for test class com.site.webapp.controllers.RegistrationControllerTest
2026-03-03 19:14:31 [] DEBUG - 
    select
        u1_0.id,
        u1_0.email,
        u1_0.first_name,
        u1_0.last_name,
        u1_0.password 
    from
        users u1_0 
    where
        u1_0.email=?
2026-03-03 19:14:31 [] DEBUG - 
    select
        r1_0.id,
        r1_0.name 
    from
        roles r1_0 
    where
        r1_0.id=?
2026-03-03 19:14:31 [] DEBUG - 
    insert 
    into
        users
        (email, first_name, last_name, password) 
    values
        (?, ?, ?, ?)
2026-03-03 19:14:31 [] DEBUG - 
    select
        u1_0.id,
        u1_0.email,
        u1_0.first_name,
        u1_0.last_name,
        u1_0.password 
    from
        users u1_0 
    where
        u1_0.email=?
2026-03-03 19:14:31 [] DEBUG - 
    select
        u1_0.id,
        u1_0.email,
        u1_0.first_name,
        u1_0.last_name,
        u1_0.password 
    from
        users u1_0 
    where
        u1_0.email=?
2026-03-03 19:14:31 [] INFO  - Could not detect default configuration classes for test class [com.site.webapp.controllers.TaskControllerTest]: TaskControllerTest does not declare any static, non-private, non-final, nested classes annotated with @Configuration.
2026-03-03 19:14:31 [] INFO  - Found @SpringBootConfiguration com.site.webapp.WebappApplication for test class com.site.webapp.controllers.TaskControllerTest
2026-03-03 19:14:31 [] DEBUG - 
    select
        nextval('tasks_seq')
2026-03-03 19:14:31 [] DEBUG - 
    insert 
    into
        tasks
        (artist_id, comment, deadline, priority, title, id) 
    values
        (?, ?, ?, ?, ?, ?)
2026-03-03 19:14:31 [] DEBUG - 
    select
        count(*) 
    from
        tasks t1_0
2026-03-03 19:14:31 [] DEBUG - 
    select
        u1_0.id,
        u1_0.email,
        u1_0.first_name,
        u1_0.last_name,
        u1_0.password 
    from
        users u1_0 
    where
        u1_0.email=?
2026-03-03 19:14:31 [] DEBUG - 
    select
        r1_0.id,
        r1_0.name 
    from
        roles r1_0 
    where
        r1_0.id=?
2026-03-03 19:14:32 [] INFO  - Could not detect default configuration classes for test class [com.site.webapp.repo.TasksRepositoryTest]: TasksRepositoryTest does not declare any static, non-private, non-final, nested classes annotated with @Configuration.
2026-03-03 19:14:32 [] INFO  - Found @SpringBootConfiguration com.site.webapp.WebappApplication for test class com.site.webapp.repo.TasksRepositoryTest
2026-03-03 19:14:32 [] DEBUG - 
    insert 
    into
        tasks
        (artist_id, comment, deadline, priority, title, id) 
    values
        (?, ?, ?, ?, ?, ?)
2026-03-03 19:14:32 [] DEBUG - 
    insert 
    into
        tasks
        (artist_id, comment, deadline, priority, title, id) 
    values
        (?, ?, ?, ?, ?, ?)
2026-03-03 19:14:32 [] DEBUG - 
    insert 
    into
        tasks
        (artist_id, comment, deadline, priority, title, id) 
    values
        (?, ?, ?, ?, ?, ?)
2026-03-03 19:14:32 [] DEBUG - 
    select
        t1_0.id,
        t1_0.artist_id,
        t1_0.comment,
        t1_0.deadline,
        t1_0.priority,
        t1_0.title 
    from
        tasks t1_0 
    order by
        t1_0.id desc
2026-03-03 19:14:32 [] DEBUG - 
    insert 
    into
        tasks
        (artist_id, comment, deadline, priority, title, id) 
    values
        (?, ?, ?, ?, ?, ?)
2026-03-03 19:14:32 [] DEBUG - 
    insert 
    into
        tasks
        (artist_id, comment, deadline, priority, title, id) 
    values
        (?, ?, ?, ?, ?, ?)
2026-03-03 19:14:32 [] DEBUG - 
    insert 
    into
        tasks
        (artist_id, comment, deadline, priority, title, id) 
    values
        (?, ?, ?, ?, ?, ?)
2026-03-03 19:14:32 [] DEBUG - 
    insert 
    into
        tasks
        (artist_id, comment, deadline, priority, title, id) 
    values
        (?, ?, ?, ?, ?, ?)
2026-03-03 19:14:32 [] DEBUG - 
    insert 
    into
        tasks
        (artist_id, comment, deadline, priority, title, id) 
    values
        (?, ?, ?, ?, ?, ?)
2026-03-03 19:14:32 [] DEBUG - 
    select
        t1_0.id,
        t1_0.artist_id,
        t1_0.comment,
        t1_0.deadline,
        t1_0.priority,
        t1_0.title 
    from
        tasks t1_0 
    order by
        t1_0.deadline desc
2026-03-03 19:14:32 [] DEBUG - 
    insert 
    into
        tasks
        (artist_id, comment, deadline, priority, title, id) 
    values
        (?, ?, ?, ?, ?, ?)
2026-03-03 19:14:32 [] DEBUG - 
    insert 
    into
        tasks
        (artist_id, comment, deadline, priority, title, id) 
    values
        (?, ?, ?, ?, ?, ?)
2026-03-03 19:14:32 [] DEBUG - 
    insert 
    into
        tasks
        (artist_id, comment, deadline, priority, title, id) 
    values
        (?, ?, ?, ?, ?, ?)
2026-03-03 19:14:32 [] DEBUG - 
    select
        t1_0.id,
        t1_0.artist_id,
        t1_0.comment,
        t1_0.deadline,
        t1_0.priority,
        t1_0.title 
    from
        tasks t1_0 
    order by
        t1_0.priority
2026-03-03 19:14:32 [] DEBUG - 
    insert 
    into
        tasks
        (artist_id, comment, deadline, priority, title, id) 
    values
        (?, ?, ?, ?, ?, ?)
2026-03-03 19:14:32 [] DEBUG - 
    insert 
    into
        tasks
        (artist_id, comment, deadline, priority, title, id) 
    values
        (?, ?, ?, ?, ?, ?)
2026-03-03 19:14:32 [] DEBUG - 
    insert 
    into
        tasks
        (artist_id, comment, deadline, priority, title, id) 
    values
        (?, ?, ?, ?, ?, ?)
2026-03-03 19:14:32 [] DEBUG - 
    select
        t1_0.id,
        t1_0.artist_id,
        t1_0.comment,
        t1_0.deadline,
        t1_0.priority,
        t1_0.title 
    from
        tasks t1_0 
    order by
        t1_0.id
2026-03-03 19:14:32 [] DEBUG - 
    insert 
    into
        tasks
        (artist_id, comment, deadline, priority, title, id) 
    values
        (?, ?, ?, ?, ?, ?)
2026-03-03 19:14:32 [] DEBUG - 
    insert 
    into
        tasks
        (artist_id, comment, deadline, priority, title, id) 
    values
        (?, ?, ?, ?, ?, ?)
2026-03-03 19:14:32 [] DEBUG - 
    insert 
    into
        tasks
        (artist_id, comment, deadline, priority, title, id) 
    values
        (?, ?, ?, ?, ?, ?)
2026-03-03 19:14:32 [] DEBUG - 
    select
        t1_0.id,
        t1_0.artist_id,
        t1_0.comment,
        t1_0.deadline,
        t1_0.priority,
        t1_0.title 
    from
        tasks t1_0 
    where
        t1_0.artist_id=?
2026-03-03 19:14:32 [] DEBUG - 
    select
        t1_0.id,
        t1_0.artist_id,
        t1_0.comment,
        t1_0.deadline,
        t1_0.priority,
        t1_0.title 
    from
        tasks t1_0 
    where
        t1_0.artist_id=?
2026-03-03 19:14:32 [] DEBUG - 
    select
        t1_0.id,
        t1_0.artist_id,
        t1_0.comment,
        t1_0.deadline,
        t1_0.priority,
        t1_0.title 
    from
        tasks t1_0 
    where
        t1_0.artist_id=?
2026-03-03 19:14:32 [] INFO  - Closing JPA EntityManagerFactory for persistence unit 'default'
2026-03-03 19:14:32 [] INFO  - HikariPool-1 - Shutdown initiated...
2026-03-03 19:14:32 [] INFO  - HikariPool-1 - Shutdown completed.
2026-03-03 19:16:03 [] INFO  - Starting WebappApplicationTests using Java 21.0.7 with PID 3920 (started by Дима in C:\Users\Дима\Downloads\webappII\webapp)
2026-03-03 19:16:03 [] DEBUG - Running with Spring Boot v4.0.0, Spring v7.0.1
2026-03-03 19:16:03 [] INFO  - No active profile set, falling back to 1 default profile: "default"
2026-03-03 19:16:04 [] INFO  - Bootstrapping Spring Data JPA repositories in DEFAULT mode.
2026-03-03 19:16:04 [] INFO  - Finished Spring Data repository scanning in 45 ms. Found 3 JPA repository interfaces.
2026-03-03 19:16:04 [] INFO  - HHH000204: Processing PersistenceUnitInfo [name: default]
2026-03-03 19:16:04 [] INFO  - HHH000412: Hibernate ORM core version 7.1.8.Final
2026-03-03 19:16:05 [] INFO  - No LoadTimeWeaver setup: ignoring JPA class transformer
2026-03-03 19:16:05 [] INFO  - HikariPool-1 - Starting...
2026-03-03 19:16:05 [] INFO  - HikariPool-1 - Added connection org.postgresql.jdbc.PgConnection@66456506
2026-03-03 19:16:05 [] INFO  - HikariPool-1 - Start completed.
2026-03-03 19:16:05 [] WARN  - HHH90000025: PostgreSQLDialect does not need to be specified explicitly using 'hibernate.dialect' (remove the property setting and it will be selected by default)
2026-03-03 19:16:05 [] INFO  - HHH10001005: Database info:
	Database JDBC URL [jdbc:postgresql://localhost:1408/tasks]
	Database driver: PostgreSQL JDBC Driver
	Database dialect: PostgreSQLDialect
	Database version: 16.2
	Default catalog/schema: tasks/public
	Autocommit mode: undefined/unknown
	Isolation level: READ_COMMITTED [default READ_COMMITTED]
	JDBC fetch size: none
	Pool: DatasourceConnectionProviderImpl
	Minimum pool size: undefined/unknown
	Maximum pool size: undefined/unknown
2026-03-03 19:16:06 [] INFO  - HHH000489: No JTA platform available (set 'hibernate.transaction.jta.platform' to enable JTA platform integration)
2026-03-03 19:16:06 [] INFO  - Initialized JPA EntityManagerFactory for persistence unit 'default'
2026-03-03 19:16:06 [] INFO  - Hibernate is in classpath; If applicable, HQL parser will be used.
2026-03-03 19:16:07 [] WARN  - spring.jpa.open-in-view is enabled by default. Therefore, database queries may be performed during view rendering. Explicitly configure spring.jpa.open-in-view to disable this warning
2026-03-03 19:16:07 [] INFO  - Global AuthenticationManager configured with AuthenticationProvider bean with name authenticationProvider
2026-03-03 19:16:07 [] WARN  - Global AuthenticationManager configured with an AuthenticationProvider bean. UserDetailsService beans will not be used by Spring Security for automatically configuring username/password login. Consider removing the AuthenticationProvider bean. Alternatively, consider using the UserDetailsService in a manually instantiated DaoAuthenticationProvider. If the current configuration is intentional, to turn off this warning, increase the logging level of 'org.springframework.security.config.annotation.authentication.configuration.InitializeUserDetailsBeanManagerConfigurer' to ERROR
2026-03-03 19:16:07 [] INFO  - Started WebappApplicationTests in 4.526 seconds (process running for 5.849)
2026-03-03 19:16:08 [] INFO  - Could not detect default configuration classes for test class [com.site.webapp.repo.UserRepositoryTest]: UserRepositoryTest does not declare any static, non-private, non-final, nested classes annotated with @Configuration.
2026-03-03 19:16:08 [] INFO  - Found @SpringBootConfiguration com.site.webapp.WebappApplication for test class com.site.webapp.repo.UserRepositoryTest
2026-03-03 19:16:08 [] DEBUG - 
    select
        u1_0.id,
        u1_0.email,
        u1_0.first_name,
        u1_0.last_name,
        u1_0.password 
    from
        users u1_0
2026-03-03 19:16:08 [] DEBUG - 
    select
        r1_0.user_id,
        r1_1.id,
        r1_1.name 
    from
        user_roles r1_0 
    join
        roles r1_1 
            on r1_1.id=r1_0.role_id 
    where
        r1_0.user_id=?
2026-03-03 19:16:08 [] DEBUG - 
    select
        r1_0.user_id,
        r1_1.id,
        r1_1.name 
    from
        user_roles r1_0 
    join
        roles r1_1 
            on r1_1.id=r1_0.role_id 
    where
        r1_0.user_id=?
2026-03-03 19:16:08 [] DEBUG - 
    select
        r1_0.user_id,
        r1_1.id,
        r1_1.name 
    from
        user_roles r1_0 
    join
        roles r1_1 
            on r1_1.id=r1_0.role_id 
    where
        r1_0.user_id=?
2026-03-03 19:16:08 [] DEBUG - 
    select
        r1_0.user_id,
        r1_1.id,
        r1_1.name 
    from
        user_roles r1_0 
    join
        roles r1_1 
            on r1_1.id=r1_0.role_id 
    where
        r1_0.user_id=?
2026-03-03 19:16:08 [] DEBUG - 
    insert 
    into
        users
        (email, first_name, last_name, password) 
    values
        (?, ?, ?, ?)
2026-03-03 19:16:08 [] WARN  - HHH000247: ErrorCode: 0, SQLState: 23505
2026-03-03 19:16:08 [] WARN  - ОШИБКА: повторяющееся значение ключа нарушает ограничение уникальности "uk6dotkott2kjsp8vw4d0m25fb7"
  Подробности: Ключ "(email)=(test@email.com)" уже существует.
2026-03-03 19:16:08 [] INFO  - Could not detect default configuration classes for test class [com.site.webapp.controllers.RegistrationControllerTest]: RegistrationControllerTest does not declare any static, non-private, non-final, nested classes annotated with @Configuration.
2026-03-03 19:16:08 [] INFO  - Found @SpringBootConfiguration com.site.webapp.WebappApplication for test class com.site.webapp.controllers.RegistrationControllerTest
2026-03-03 19:16:08 [] DEBUG - 
    select
        u1_0.id,
        u1_0.email,
        u1_0.first_name,
        u1_0.last_name,
        u1_0.password 
    from
        users u1_0 
    where
        u1_0.email=?
2026-03-03 19:16:08 [] DEBUG - 
    select
        r1_0.id,
        r1_0.name 
    from
        roles r1_0 
    where
        r1_0.id=?
2026-03-03 19:16:08 [] DEBUG - 
    insert 
    into
        users
        (email, first_name, last_name, password) 
    values
        (?, ?, ?, ?)
2026-03-03 19:16:08 [] DEBUG - 
    select
        u1_0.id,
        u1_0.email,
        u1_0.first_name,
        u1_0.last_name,
        u1_0.password 
    from
        users u1_0 
    where
        u1_0.email=?
2026-03-03 19:16:08 [] DEBUG - 
    select
        u1_0.id,
        u1_0.email,
        u1_0.first_name,
        u1_0.last_name,
        u1_0.password 
    from
        users u1_0 
    where
        u1_0.email=?
2026-03-03 19:16:08 [] INFO  - Could not detect default configuration classes for test class [com.site.webapp.controllers.TaskControllerTest]: TaskControllerTest does not declare any static, non-private, non-final, nested classes annotated with @Configuration.
2026-03-03 19:16:08 [] INFO  - Found @SpringBootConfiguration com.site.webapp.WebappApplication for test class com.site.webapp.controllers.TaskControllerTest
2026-03-03 19:16:08 [] DEBUG - 
    select
        nextval('tasks_seq')
2026-03-03 19:16:08 [] DEBUG - 
    insert 
    into
        tasks
        (artist_id, comment, deadline, priority, title, id) 
    values
        (?, ?, ?, ?, ?, ?)
2026-03-03 19:16:08 [] DEBUG - 
    select
        count(*) 
    from
        tasks t1_0
2026-03-03 19:16:08 [] DEBUG - 
    select
        u1_0.id,
        u1_0.email,
        u1_0.first_name,
        u1_0.last_name,
        u1_0.password 
    from
        users u1_0 
    where
        u1_0.email=?
2026-03-03 19:16:08 [] DEBUG - 
    select
        r1_0.id,
        r1_0.name 
    from
        roles r1_0 
    where
        r1_0.id=?
2026-03-03 19:16:09 [] INFO  - Could not detect default configuration classes for test class [com.site.webapp.repo.TasksRepositoryTest]: TasksRepositoryTest does not declare any static, non-private, non-final, nested classes annotated with @Configuration.
2026-03-03 19:16:09 [] INFO  - Found @SpringBootConfiguration com.site.webapp.WebappApplication for test class com.site.webapp.repo.TasksRepositoryTest
2026-03-03 19:16:09 [] DEBUG - 
    insert 
    into
        tasks
        (artist_id, comment, deadline, priority, title, id) 
    values
        (?, ?, ?, ?, ?, ?)
2026-03-03 19:16:09 [] DEBUG - 
    insert 
    into
        tasks
        (artist_id, comment, deadline, priority, title, id) 
    values
        (?, ?, ?, ?, ?, ?)
2026-03-03 19:16:09 [] DEBUG - 
    insert 
    into
        tasks
        (artist_id, comment, deadline, priority, title, id) 
    values
        (?, ?, ?, ?, ?, ?)
2026-03-03 19:16:09 [] DEBUG - 
    select
        t1_0.id,
        t1_0.artist_id,
        t1_0.comment,
        t1_0.deadline,
        t1_0.priority,
        t1_0.title 
    from
        tasks t1_0 
    order by
        t1_0.id desc
2026-03-03 19:16:09 [] DEBUG - 
    insert 
    into
        tasks
        (artist_id, comment, deadline, priority, title, id) 
    values
        (?, ?, ?, ?, ?, ?)
2026-03-03 19:16:09 [] DEBUG - 
    insert 
    into
        tasks
        (artist_id, comment, deadline, priority, title, id) 
    values
        (?, ?, ?, ?, ?, ?)
2026-03-03 19:16:09 [] DEBUG - 
    insert 
    into
        tasks
        (artist_id, comment, deadline, priority, title, id) 
    values
        (?, ?, ?, ?, ?, ?)
2026-03-03 19:16:09 [] DEBUG - 
    insert 
    into
        tasks
        (artist_id, comment, deadline, priority, title, id) 
    values
        (?, ?, ?, ?, ?, ?)
2026-03-03 19:16:09 [] DEBUG - 
    insert 
    into
        tasks
        (artist_id, comment, deadline, priority, title, id) 
    values
        (?, ?, ?, ?, ?, ?)
2026-03-03 19:16:09 [] DEBUG - 
    select
        t1_0.id,
        t1_0.artist_id,
        t1_0.comment,
        t1_0.deadline,
        t1_0.priority,
        t1_0.title 
    from
        tasks t1_0 
    order by
        t1_0.deadline desc
2026-03-03 19:16:09 [] DEBUG - 
    insert 
    into
        tasks
        (artist_id, comment, deadline, priority, title, id) 
    values
        (?, ?, ?, ?, ?, ?)
2026-03-03 19:16:09 [] DEBUG - 
    insert 
    into
        tasks
        (artist_id, comment, deadline, priority, title, id) 
    values
        (?, ?, ?, ?, ?, ?)
2026-03-03 19:16:09 [] DEBUG - 
    insert 
    into
        tasks
        (artist_id, comment, deadline, priority, title, id) 
    values
        (?, ?, ?, ?, ?, ?)
2026-03-03 19:16:09 [] DEBUG - 
    select
        t1_0.id,
        t1_0.artist_id,
        t1_0.comment,
        t1_0.deadline,
        t1_0.priority,
        t1_0.title 
    from
        tasks t1_0 
    order by
        t1_0.priority
2026-03-03 19:16:09 [] DEBUG - 
    insert 
    into
        tasks
        (artist_id, comment, deadline, priority, title, id) 
    values
        (?, ?, ?, ?, ?, ?)
2026-03-03 19:16:09 [] DEBUG - 
    insert 
    into
        tasks
        (artist_id, comment, deadline, priority, title, id) 
    values
        (?, ?, ?, ?, ?, ?)
2026-03-03 19:16:09 [] DEBUG - 
    insert 
    into
        tasks
        (artist_id, comment, deadline, priority, title, id) 
    values
        (?, ?, ?, ?, ?, ?)
2026-03-03 19:16:09 [] DEBUG - 
    select
        t1_0.id,
        t1_0.artist_id,
        t1_0.comment,
        t1_0.deadline,
        t1_0.priority,
        t1_0.title 
    from
        tasks t1_0 
    order by
        t1_0.id
2026-03-03 19:16:09 [] DEBUG - 
    insert 
    into
        tasks
        (artist_id, comment, deadline, priority, title, id) 
    values
        (?, ?, ?, ?, ?, ?)
2026-03-03 19:16:09 [] DEBUG - 
    insert 
    into
        tasks
        (artist_id, comment, deadline, priority, title, id) 
    values
        (?, ?, ?, ?, ?, ?)
2026-03-03 19:16:09 [] DEBUG - 
    insert 
    into
        tasks
        (artist_id, comment, deadline, priority, title, id) 
    values
        (?, ?, ?, ?, ?, ?)
2026-03-03 19:16:09 [] DEBUG - 
    select
        t1_0.id,
        t1_0.artist_id,
        t1_0.comment,
        t1_0.deadline,
        t1_0.priority,
        t1_0.title 
    from
        tasks t1_0 
    where
        t1_0.artist_id=?
2026-03-03 19:16:09 [] DEBUG - 
    select
        t1_0.id,
        t1_0.artist_id,
        t1_0.comment,
        t1_0.deadline,
        t1_0.priority,
        t1_0.title 
    from
        tasks t1_0 
    where
        t1_0.artist_id=?
2026-03-03 19:16:09 [] DEBUG - 
    select
        t1_0.id,
        t1_0.artist_id,
        t1_0.comment,
        t1_0.deadline,
        t1_0.priority,
        t1_0.title 
    from
        tasks t1_0 
    where
        t1_0.artist_id=?
2026-03-03 19:16:09 [] INFO  - Closing JPA EntityManagerFactory for persistence unit 'default'
2026-03-03 19:16:09 [] INFO  - HikariPool-1 - Shutdown initiated...
2026-03-03 19:16:09 [] INFO  - HikariPool-1 - Shutdown completed.
2026-03-03 19:16:47 [] INFO  - Starting WebappApplicationTests using Java 21.0.7 with PID 9868 (started by Дима in C:\Users\Дима\Downloads\webappII\webapp)
2026-03-03 19:16:47 [] DEBUG - Running with Spring Boot v4.0.0, Spring v7.0.1
2026-03-03 19:16:47 [] INFO  - No active profile set, falling back to 1 default profile: "default"
2026-03-03 19:16:47 [] INFO  - Bootstrapping Spring Data JPA repositories in DEFAULT mode.
2026-03-03 19:16:48 [] INFO  - Finished Spring Data repository scanning in 44 ms. Found 3 JPA repository interfaces.
2026-03-03 19:16:48 [] INFO  - HHH000204: Processing PersistenceUnitInfo [name: default]
2026-03-03 19:16:48 [] INFO  - HHH000412: Hibernate ORM core version 7.1.8.Final
2026-03-03 19:16:49 [] INFO  - No LoadTimeWeaver setup: ignoring JPA class transformer
2026-03-03 19:16:49 [] INFO  - HikariPool-1 - Starting...
2026-03-03 19:16:49 [] INFO  - HikariPool-1 - Added connection org.postgresql.jdbc.PgConnection@af04f09
2026-03-03 19:16:49 [] INFO  - HikariPool-1 - Start completed.
2026-03-03 19:16:49 [] WARN  - HHH90000025: PostgreSQLDialect does not need to be specified explicitly using 'hibernate.dialect' (remove the property setting and it will be selected by default)
2026-03-03 19:16:49 [] INFO  - HHH10001005: Database info:
	Database JDBC URL [jdbc:postgresql://localhost:1408/tasks]
	Database driver: PostgreSQL JDBC Driver
	Database dialect: PostgreSQLDialect
	Database version: 16.2
	Default catalog/schema: tasks/public
	Autocommit mode: undefined/unknown
	Isolation level: READ_COMMITTED [default READ_COMMITTED]
	JDBC fetch size: none
	Pool: DatasourceConnectionProviderImpl
	Minimum pool size: undefined/unknown
	Maximum pool size: undefined/unknown
2026-03-03 19:16:50 [] INFO  - HHH000489: No JTA platform available (set 'hibernate.transaction.jta.platform' to enable JTA platform integration)
2026-03-03 19:16:50 [] INFO  - Initialized JPA EntityManagerFactory for persistence unit 'default'
2026-03-03 19:16:50 [] INFO  - Hibernate is in classpath; If applicable, HQL parser will be used.
2026-03-03 19:16:50 [] WARN  - spring.jpa.open-in-view is enabled by default. Therefore, database queries may be performed during view rendering. Explicitly configure spring.jpa.open-in-view to disable this warning
2026-03-03 19:16:50 [] INFO  - Global AuthenticationManager configured with AuthenticationProvider bean with name authenticationProvider
2026-03-03 19:16:50 [] WARN  - Global AuthenticationManager configured with an AuthenticationProvider bean. UserDetailsService beans will not be used by Spring Security for automatically configuring username/password login. Consider removing the AuthenticationProvider bean. Alternatively, consider using the UserDetailsService in a manually instantiated DaoAuthenticationProvider. If the current configuration is intentional, to turn off this warning, increase the logging level of 'org.springframework.security.config.annotation.authentication.configuration.InitializeUserDetailsBeanManagerConfigurer' to ERROR
2026-03-03 19:16:51 [] INFO  - Started WebappApplicationTests in 4.403 seconds (process running for 5.704)
2026-03-03 19:16:51 [] INFO  - Could not detect default configuration classes for test class [com.site.webapp.repo.UserRepositoryTest]: UserRepositoryTest does not declare any static, non-private, non-final, nested classes annotated with @Configuration.
2026-03-03 19:16:51 [] INFO  - Found @SpringBootConfiguration com.site.webapp.WebappApplication for test class com.site.webapp.repo.UserRepositoryTest
2026-03-03 19:16:51 [] DEBUG - 
    select
        u1_0.id,
        u1_0.email,
        u1_0.first_name,
        u1_0.last_name,
        u1_0.password 
    from
        users u1_0
2026-03-03 19:16:51 [] DEBUG - 
    select
        r1_0.user_id,
        r1_1.id,
        r1_1.name 
    from
        user_roles r1_0 
    join
        roles r1_1 
            on r1_1.id=r1_0.role_id 
    where
        r1_0.user_id=?
2026-03-03 19:16:51 [] DEBUG - 
    select
        r1_0.user_id,
        r1_1.id,
        r1_1.name 
    from
        user_roles r1_0 
    join
        roles r1_1 
            on r1_1.id=r1_0.role_id 
    where
        r1_0.user_id=?
2026-03-03 19:16:51 [] DEBUG - 
    select
        r1_0.user_id,
        r1_1.id,
        r1_1.name 
    from
        user_roles r1_0 
    join
        roles r1_1 
            on r1_1.id=r1_0.role_id 
    where
        r1_0.user_id=?
2026-03-03 19:16:51 [] DEBUG - 
    select
        r1_0.user_id,
        r1_1.id,
        r1_1.name 
    from
        user_roles r1_0 
    join
        roles r1_1 
            on r1_1.id=r1_0.role_id 
    where
        r1_0.user_id=?
2026-03-03 19:16:51 [] DEBUG - 
    insert 
    into
        users
        (email, first_name, last_name, password) 
    values
        (?, ?, ?, ?)
2026-03-03 19:16:52 [] DEBUG - 
    delete 
    from
        user_roles 
    where
        user_id=?
2026-03-03 19:16:52 [] DEBUG - 
    delete 
    from
        user_roles 
    where
        user_id=?
2026-03-03 19:16:52 [] DEBUG - 
    delete 
    from
        user_roles 
    where
        user_id=?
2026-03-03 19:16:52 [] DEBUG - 
    delete 
    from
        users 
    where
        id=?
2026-03-03 19:16:52 [] DEBUG - 
    delete 
    from
        users 
    where
        id=?
2026-03-03 19:16:52 [] DEBUG - 
    delete 
    from
        users 
    where
        id=?
2026-03-03 19:16:52 [] DEBUG - 
    delete 
    from
        users 
    where
        id=?
2026-03-03 19:16:52 [] DEBUG - 
    select
        u1_0.id,
        u1_0.email,
        u1_0.first_name,
        u1_0.last_name,
        u1_0.password 
    from
        users u1_0 
    where
        u1_0.email=?
2026-03-03 19:16:52 [] INFO  - Could not detect default configuration classes for test class [com.site.webapp.controllers.RegistrationControllerTest]: RegistrationControllerTest does not declare any static, non-private, non-final, nested classes annotated with @Configuration.
2026-03-03 19:16:52 [] INFO  - Found @SpringBootConfiguration com.site.webapp.WebappApplication for test class com.site.webapp.controllers.RegistrationControllerTest
2026-03-03 19:16:52 [] DEBUG - 
    select
        u1_0.id,
        u1_0.email,
        u1_0.first_name,
        u1_0.last_name,
        u1_0.password 
    from
        users u1_0 
    where
        u1_0.email=?
2026-03-03 19:16:52 [] DEBUG - 
    select
        r1_0.id,
        r1_0.name 
    from
        roles r1_0 
    where
        r1_0.id=?
2026-03-03 19:16:52 [] DEBUG - 
    insert 
    into
        users
        (email, first_name, last_name, password) 
    values
        (?, ?, ?, ?)
2026-03-03 19:16:52 [] DEBUG - 
    select
        u1_0.id,
        u1_0.email,
        u1_0.first_name,
        u1_0.last_name,
        u1_0.password 
    from
        users u1_0 
    where
        u1_0.email=?
2026-03-03 19:16:52 [] DEBUG - 
    select
        u1_0.id,
        u1_0.email,
        u1_0.first_name,
        u1_0.last_name,
        u1_0.password 
    from
        users u1_0 
    where
        u1_0.email=?
2026-03-03 19:16:52 [] INFO  - Could not detect default configuration classes for test class [com.site.webapp.controllers.TaskControllerTest]: TaskControllerTest does not declare any static, non-private, non-final, nested classes annotated with @Configuration.
2026-03-03 19:16:52 [] INFO  - Found @SpringBootConfiguration com.site.webapp.WebappApplication for test class com.site.webapp.controllers.TaskControllerTest
2026-03-03 19:16:52 [] DEBUG - 
    select
        nextval('tasks_seq')
2026-03-03 19:16:52 [] DEBUG - 
    insert 
    into
        tasks
        (artist_id, comment, deadline, priority, title, id) 
    values
        (?, ?, ?, ?, ?, ?)
2026-03-03 19:16:52 [] DEBUG - 
    select
        count(*) 
    from
        tasks t1_0
2026-03-03 19:16:52 [] DEBUG - 
    select
        u1_0.id,
        u1_0.email,
        u1_0.first_name,
        u1_0.last_name,
        u1_0.password 
    from
        users u1_0 
    where
        u1_0.email=?
2026-03-03 19:16:52 [] DEBUG - 
    select
        r1_0.id,
        r1_0.name 
    from
        roles r1_0 
    where
        r1_0.id=?
2026-03-03 19:16:52 [] INFO  - Could not detect default configuration classes for test class [com.site.webapp.repo.TasksRepositoryTest]: TasksRepositoryTest does not declare any static, non-private, non-final, nested classes annotated with @Configuration.
2026-03-03 19:16:52 [] INFO  - Found @SpringBootConfiguration com.site.webapp.WebappApplication for test class com.site.webapp.repo.TasksRepositoryTest
2026-03-03 19:16:52 [] DEBUG - 
    insert 
    into
        tasks
        (artist_id, comment, deadline, priority, title, id) 
    values
        (?, ?, ?, ?, ?, ?)
2026-03-03 19:16:52 [] DEBUG - 
    insert 
    into
        tasks
        (artist_id, comment, deadline, priority, title, id) 
    values
        (?, ?, ?, ?, ?, ?)
2026-03-03 19:16:52 [] DEBUG - 
    insert 
    into
        tasks
        (artist_id, comment, deadline, priority, title, id) 
    values
        (?, ?, ?, ?, ?, ?)
2026-03-03 19:16:52 [] DEBUG - 
    select
        t1_0.id,
        t1_0.artist_id,
        t1_0.comment,
        t1_0.deadline,
        t1_0.priority,
        t1_0.title 
    from
        tasks t1_0 
    order by
        t1_0.id desc
2026-03-03 19:16:52 [] DEBUG - 
    insert 
    into
        tasks
        (artist_id, comment, deadline, priority, title, id) 
    values
        (?, ?, ?, ?, ?, ?)
2026-03-03 19:16:52 [] DEBUG - 
    insert 
    into
        tasks
        (artist_id, comment, deadline, priority, title, id) 
    values
        (?, ?, ?, ?, ?, ?)
2026-03-03 19:16:52 [] DEBUG - 
    insert 
    into
        tasks
        (artist_id, comment, deadline, priority, title, id) 
    values
        (?, ?, ?, ?, ?, ?)
2026-03-03 19:16:52 [] DEBUG - 
    insert 
    into
        tasks
        (artist_id, comment, deadline, priority, title, id) 
    values
        (?, ?, ?, ?, ?, ?)
2026-03-03 19:16:52 [] DEBUG - 
    insert 
    into
        tasks
        (artist_id, comment, deadline, priority, title, id) 
    values
        (?, ?, ?, ?, ?, ?)
2026-03-03 19:16:52 [] DEBUG - 
    select
        t1_0.id,
        t1_0.artist_id,
        t1_0.comment,
        t1_0.deadline,
        t1_0.priority,
        t1_0.title 
    from
        tasks t1_0 
    order by
        t1_0.deadline desc
2026-03-03 19:16:52 [] DEBUG - 
    insert 
    into
        tasks
        (artist_id, comment, deadline, priority, title, id) 
    values
        (?, ?, ?, ?, ?, ?)
2026-03-03 19:16:52 [] DEBUG - 
    insert 
    into
        tasks
        (artist_id, comment, deadline, priority, title, id) 
    values
        (?, ?, ?, ?, ?, ?)
2026-03-03 19:16:52 [] DEBUG - 
    insert 
    into
        tasks
        (artist_id, comment, deadline, priority, title, id) 
    values
        (?, ?, ?, ?, ?, ?)
2026-03-03 19:16:52 [] DEBUG - 
    select
        t1_0.id,
        t1_0.artist_id,
        t1_0.comment,
        t1_0.deadline,
        t1_0.priority,
        t1_0.title 
    from
        tasks t1_0 
    order by
        t1_0.priority
2026-03-03 19:16:52 [] DEBUG - 
    insert 
    into
        tasks
        (artist_id, comment, deadline, priority, title, id) 
    values
        (?, ?, ?, ?, ?, ?)
2026-03-03 19:16:52 [] DEBUG - 
    insert 
    into
        tasks
        (artist_id, comment, deadline, priority, title, id) 
    values
        (?, ?, ?, ?, ?, ?)
2026-03-03 19:16:52 [] DEBUG - 
    insert 
    into
        tasks
        (artist_id, comment, deadline, priority, title, id) 
    values
        (?, ?, ?, ?, ?, ?)
2026-03-03 19:16:52 [] DEBUG - 
    select
        t1_0.id,
        t1_0.artist_id,
        t1_0.comment,
        t1_0.deadline,
        t1_0.priority,
        t1_0.title 
    from
        tasks t1_0 
    order by
        t1_0.id
2026-03-03 19:16:52 [] DEBUG - 
    insert 
    into
        tasks
        (artist_id, comment, deadline, priority, title, id) 
    values
        (?, ?, ?, ?, ?, ?)
2026-03-03 19:16:52 [] DEBUG - 
    insert 
    into
        tasks
        (artist_id, comment, deadline, priority, title, id) 
    values
        (?, ?, ?, ?, ?, ?)
2026-03-03 19:16:52 [] DEBUG - 
    insert 
    into
        tasks
        (artist_id, comment, deadline, priority, title, id) 
    values
        (?, ?, ?, ?, ?, ?)
2026-03-03 19:16:52 [] DEBUG - 
    select
        t1_0.id,
        t1_0.artist_id,
        t1_0.comment,
        t1_0.deadline,
        t1_0.priority,
        t1_0.title 
    from
        tasks t1_0 
    where
        t1_0.artist_id=?
2026-03-03 19:16:52 [] DEBUG - 
    select
        t1_0.id,
        t1_0.artist_id,
        t1_0.comment,
        t1_0.deadline,
        t1_0.priority,
        t1_0.title 
    from
        tasks t1_0 
    where
        t1_0.artist_id=?
2026-03-03 19:16:52 [] DEBUG - 
    select
        t1_0.id,
        t1_0.artist_id,
        t1_0.comment,
        t1_0.deadline,
        t1_0.priority,
        t1_0.title 
    from
        tasks t1_0 
    where
        t1_0.artist_id=?
2026-03-03 19:16:52 [] INFO  - Closing JPA EntityManagerFactory for persistence unit 'default'
2026-03-03 19:16:52 [] INFO  - HikariPool-1 - Shutdown initiated...
2026-03-03 19:16:52 [] INFO  - HikariPool-1 - Shutdown completed.
2026-03-03 19:17:24 [] INFO  - Starting WebappApplicationTests using Java 21.0.7 with PID 7920 (started by Дима in C:\Users\Дима\Downloads\webappII\webapp)
2026-03-03 19:17:24 [] DEBUG - Running with Spring Boot v4.0.0, Spring v7.0.1
2026-03-03 19:17:24 [] INFO  - No active profile set, falling back to 1 default profile: "default"
2026-03-03 19:17:25 [] INFO  - Bootstrapping Spring Data JPA repositories in DEFAULT mode.
2026-03-03 19:17:25 [] INFO  - Finished Spring Data repository scanning in 43 ms. Found 3 JPA repository interfaces.
2026-03-03 19:17:26 [] INFO  - HHH000204: Processing PersistenceUnitInfo [name: default]
2026-03-03 19:17:26 [] INFO  - HHH000412: Hibernate ORM core version 7.1.8.Final
2026-03-03 19:17:26 [] INFO  - No LoadTimeWeaver setup: ignoring JPA class transformer
2026-03-03 19:17:26 [] INFO  - HikariPool-1 - Starting...
2026-03-03 19:17:26 [] INFO  - HikariPool-1 - Added connection org.postgresql.jdbc.PgConnection@813ab53
2026-03-03 19:17:26 [] INFO  - HikariPool-1 - Start completed.
2026-03-03 19:17:26 [] WARN  - HHH90000025: PostgreSQLDialect does not need to be specified explicitly using 'hibernate.dialect' (remove the property setting and it will be selected by default)
2026-03-03 19:17:26 [] INFO  - HHH10001005: Database info:
	Database JDBC URL [jdbc:postgresql://localhost:1408/tasks]
	Database driver: PostgreSQL JDBC Driver
	Database dialect: PostgreSQLDialect
	Database version: 16.2
	Default catalog/schema: tasks/public
	Autocommit mode: undefined/unknown
	Isolation level: READ_COMMITTED [default READ_COMMITTED]
	JDBC fetch size: none
	Pool: DatasourceConnectionProviderImpl
	Minimum pool size: undefined/unknown
	Maximum pool size: undefined/unknown
2026-03-03 19:17:27 [] INFO  - HHH000489: No JTA platform available (set 'hibernate.transaction.jta.platform' to enable JTA platform integration)
2026-03-03 19:17:27 [] INFO  - Initialized JPA EntityManagerFactory for persistence unit 'default'
2026-03-03 19:17:28 [] INFO  - Hibernate is in classpath; If applicable, HQL parser will be used.
2026-03-03 19:17:28 [] WARN  - spring.jpa.open-in-view is enabled by default. Therefore, database queries may be performed during view rendering. Explicitly configure spring.jpa.open-in-view to disable this warning
2026-03-03 19:17:28 [] INFO  - Global AuthenticationManager configured with AuthenticationProvider bean with name authenticationProvider
2026-03-03 19:17:28 [] WARN  - Global AuthenticationManager configured with an AuthenticationProvider bean. UserDetailsService beans will not be used by Spring Security for automatically configuring username/password login. Consider removing the AuthenticationProvider bean. Alternatively, consider using the UserDetailsService in a manually instantiated DaoAuthenticationProvider. If the current configuration is intentional, to turn off this warning, increase the logging level of 'org.springframework.security.config.annotation.authentication.configuration.InitializeUserDetailsBeanManagerConfigurer' to ERROR
2026-03-03 19:17:28 [] INFO  - Started WebappApplicationTests in 4.316 seconds (process running for 5.647)
2026-03-03 19:17:29 [] INFO  - Could not detect default configuration classes for test class [com.site.webapp.repo.UserRepositoryTest]: UserRepositoryTest does not declare any static, non-private, non-final, nested classes annotated with @Configuration.
2026-03-03 19:17:29 [] INFO  - Found @SpringBootConfiguration com.site.webapp.WebappApplication for test class com.site.webapp.repo.UserRepositoryTest
2026-03-03 19:17:29 [] DEBUG - 
    select
        u1_0.id,
        u1_0.email,
        u1_0.first_name,
        u1_0.last_name,
        u1_0.password 
    from
        users u1_0
2026-03-03 19:17:29 [] DEBUG - 
    select
        r1_0.user_id,
        r1_1.id,
        r1_1.name 
    from
        user_roles r1_0 
    join
        roles r1_1 
            on r1_1.id=r1_0.role_id 
    where
        r1_0.user_id=?
2026-03-03 19:17:29 [] DEBUG - 
    select
        r1_0.user_id,
        r1_1.id,
        r1_1.name 
    from
        user_roles r1_0 
    join
        roles r1_1 
            on r1_1.id=r1_0.role_id 
    where
        r1_0.user_id=?
2026-03-03 19:17:29 [] DEBUG - 
    select
        r1_0.user_id,
        r1_1.id,
        r1_1.name 
    from
        user_roles r1_0 
    join
        roles r1_1 
            on r1_1.id=r1_0.role_id 
    where
        r1_0.user_id=?
2026-03-03 19:17:29 [] DEBUG - 
    select
        r1_0.user_id,
        r1_1.id,
        r1_1.name 
    from
        user_roles r1_0 
    join
        roles r1_1 
            on r1_1.id=r1_0.role_id 
    where
        r1_0.user_id=?
2026-03-03 19:17:29 [] DEBUG - 
    insert 
    into
        users
        (email, first_name, last_name, password) 
    values
        (?, ?, ?, ?)
2026-03-03 19:17:29 [] DEBUG - 
    delete 
    from
        user_roles 
    where
        user_id=?
2026-03-03 19:17:29 [] DEBUG - 
    delete 
    from
        user_roles 
    where
        user_id=?
2026-03-03 19:17:29 [] DEBUG - 
    delete 
    from
        user_roles 
    where
        user_id=?
2026-03-03 19:17:29 [] DEBUG - 
    delete 
    from
        users 
    where
        id=?
2026-03-03 19:17:29 [] DEBUG - 
    delete 
    from
        users 
    where
        id=?
2026-03-03 19:17:29 [] DEBUG - 
    delete 
    from
        users 
    where
        id=?
2026-03-03 19:17:29 [] DEBUG - 
    delete 
    from
        users 
    where
        id=?
2026-03-03 19:17:29 [] DEBUG - 
    select
        u1_0.id,
        u1_0.email,
        u1_0.first_name,
        u1_0.last_name,
        u1_0.password 
    from
        users u1_0 
    where
        u1_0.email=?
2026-03-03 19:17:29 [] INFO  - Could not detect default configuration classes for test class [com.site.webapp.controllers.RegistrationControllerTest]: RegistrationControllerTest does not declare any static, non-private, non-final, nested classes annotated with @Configuration.
2026-03-03 19:17:29 [] INFO  - Found @SpringBootConfiguration com.site.webapp.WebappApplication for test class com.site.webapp.controllers.RegistrationControllerTest
2026-03-03 19:17:29 [] DEBUG - 
    select
        u1_0.id,
        u1_0.email,
        u1_0.first_name,
        u1_0.last_name,
        u1_0.password 
    from
        users u1_0 
    where
        u1_0.email=?
2026-03-03 19:17:29 [] DEBUG - 
    select
        r1_0.id,
        r1_0.name 
    from
        roles r1_0 
    where
        r1_0.id=?
2026-03-03 19:17:29 [] DEBUG - 
    insert 
    into
        users
        (email, first_name, last_name, password) 
    values
        (?, ?, ?, ?)
2026-03-03 19:17:29 [] DEBUG - 
    select
        u1_0.id,
        u1_0.email,
        u1_0.first_name,
        u1_0.last_name,
        u1_0.password 
    from
        users u1_0 
    where
        u1_0.email=?
2026-03-03 19:17:29 [] DEBUG - 
    select
        u1_0.id,
        u1_0.email,
        u1_0.first_name,
        u1_0.last_name,
        u1_0.password 
    from
        users u1_0 
    where
        u1_0.email=?
2026-03-03 19:17:30 [] INFO  - Could not detect default configuration classes for test class [com.site.webapp.controllers.TaskControllerTest]: TaskControllerTest does not declare any static, non-private, non-final, nested classes annotated with @Configuration.
2026-03-03 19:17:30 [] INFO  - Found @SpringBootConfiguration com.site.webapp.WebappApplication for test class com.site.webapp.controllers.TaskControllerTest
2026-03-03 19:17:30 [] DEBUG - 
    select
        nextval('tasks_seq')
2026-03-03 19:17:30 [] DEBUG - 
    insert 
    into
        tasks
        (artist_id, comment, deadline, priority, title, id) 
    values
        (?, ?, ?, ?, ?, ?)
2026-03-03 19:17:30 [] DEBUG - 
    select
        count(*) 
    from
        tasks t1_0
2026-03-03 19:17:30 [] DEBUG - 
    select
        u1_0.id,
        u1_0.email,
        u1_0.first_name,
        u1_0.last_name,
        u1_0.password 
    from
        users u1_0 
    where
        u1_0.email=?
2026-03-03 19:17:30 [] DEBUG - 
    select
        r1_0.id,
        r1_0.name 
    from
        roles r1_0 
    where
        r1_0.id=?
2026-03-03 19:17:30 [] INFO  - Could not detect default configuration classes for test class [com.site.webapp.repo.TasksRepositoryTest]: TasksRepositoryTest does not declare any static, non-private, non-final, nested classes annotated with @Configuration.
2026-03-03 19:17:30 [] INFO  - Found @SpringBootConfiguration com.site.webapp.WebappApplication for test class com.site.webapp.repo.TasksRepositoryTest
2026-03-03 19:17:30 [] DEBUG - 
    insert 
    into
        tasks
        (artist_id, comment, deadline, priority, title, id) 
    values
        (?, ?, ?, ?, ?, ?)
2026-03-03 19:17:30 [] DEBUG - 
    insert 
    into
        tasks
        (artist_id, comment, deadline, priority, title, id) 
    values
        (?, ?, ?, ?, ?, ?)
2026-03-03 19:17:30 [] DEBUG - 
    insert 
    into
        tasks
        (artist_id, comment, deadline, priority, title, id) 
    values
        (?, ?, ?, ?, ?, ?)
2026-03-03 19:17:30 [] DEBUG - 
    select
        t1_0.id,
        t1_0.artist_id,
        t1_0.comment,
        t1_0.deadline,
        t1_0.priority,
        t1_0.title 
    from
        tasks t1_0 
    order by
        t1_0.id desc
2026-03-03 19:17:30 [] DEBUG - 
    insert 
    into
        tasks
        (artist_id, comment, deadline, priority, title, id) 
    values
        (?, ?, ?, ?, ?, ?)
2026-03-03 19:17:30 [] DEBUG - 
    insert 
    into
        tasks
        (artist_id, comment, deadline, priority, title, id) 
    values
        (?, ?, ?, ?, ?, ?)
2026-03-03 19:17:30 [] DEBUG - 
    insert 
    into
        tasks
        (artist_id, comment, deadline, priority, title, id) 
    values
        (?, ?, ?, ?, ?, ?)
2026-03-03 19:17:30 [] DEBUG - 
    insert 
    into
        tasks
        (artist_id, comment, deadline, priority, title, id) 
    values
        (?, ?, ?, ?, ?, ?)
2026-03-03 19:17:30 [] DEBUG - 
    insert 
    into
        tasks
        (artist_id, comment, deadline, priority, title, id) 
    values
        (?, ?, ?, ?, ?, ?)
2026-03-03 19:17:30 [] DEBUG - 
    select
        t1_0.id,
        t1_0.artist_id,
        t1_0.comment,
        t1_0.deadline,
        t1_0.priority,
        t1_0.title 
    from
        tasks t1_0 
    order by
        t1_0.deadline desc
2026-03-03 19:17:30 [] DEBUG - 
    insert 
    into
        tasks
        (artist_id, comment, deadline, priority, title, id) 
    values
        (?, ?, ?, ?, ?, ?)
2026-03-03 19:17:30 [] DEBUG - 
    insert 
    into
        tasks
        (artist_id, comment, deadline, priority, title, id) 
    values
        (?, ?, ?, ?, ?, ?)
2026-03-03 19:17:30 [] DEBUG - 
    insert 
    into
        tasks
        (artist_id, comment, deadline, priority, title, id) 
    values
        (?, ?, ?, ?, ?, ?)
2026-03-03 19:17:30 [] DEBUG - 
    select
        t1_0.id,
        t1_0.artist_id,
        t1_0.comment,
        t1_0.deadline,
        t1_0.priority,
        t1_0.title 
    from
        tasks t1_0 
    order by
        t1_0.priority
2026-03-03 19:17:30 [] DEBUG - 
    insert 
    into
        tasks
        (artist_id, comment, deadline, priority, title, id) 
    values
        (?, ?, ?, ?, ?, ?)
2026-03-03 19:17:30 [] DEBUG - 
    insert 
    into
        tasks
        (artist_id, comment, deadline, priority, title, id) 
    values
        (?, ?, ?, ?, ?, ?)
2026-03-03 19:17:30 [] DEBUG - 
    insert 
    into
        tasks
        (artist_id, comment, deadline, priority, title, id) 
    values
        (?, ?, ?, ?, ?, ?)
2026-03-03 19:17:30 [] DEBUG - 
    select
        t1_0.id,
        t1_0.artist_id,
        t1_0.comment,
        t1_0.deadline,
        t1_0.priority,
        t1_0.title 
    from
        tasks t1_0 
    order by
        t1_0.id
2026-03-03 19:17:30 [] DEBUG - 
    insert 
    into
        tasks
        (artist_id, comment, deadline, priority, title, id) 
    values
        (?, ?, ?, ?, ?, ?)
2026-03-03 19:17:30 [] DEBUG - 
    insert 
    into
        tasks
        (artist_id, comment, deadline, priority, title, id) 
    values
        (?, ?, ?, ?, ?, ?)
2026-03-03 19:17:30 [] DEBUG - 
    insert 
    into
        tasks
        (artist_id, comment, deadline, priority, title, id) 
    values
        (?, ?, ?, ?, ?, ?)
2026-03-03 19:17:30 [] DEBUG - 
    select
        t1_0.id,
        t1_0.artist_id,
        t1_0.comment,
        t1_0.deadline,
        t1_0.priority,
        t1_0.title 
    from
        tasks t1_0 
    where
        t1_0.artist_id=?
2026-03-03 19:17:30 [] DEBUG - 
    select
        t1_0.id,
        t1_0.artist_id,
        t1_0.comment,
        t1_0.deadline,
        t1_0.priority,
        t1_0.title 
    from
        tasks t1_0 
    where
        t1_0.artist_id=?
2026-03-03 19:17:30 [] DEBUG - 
    select
        t1_0.id,
        t1_0.artist_id,
        t1_0.comment,
        t1_0.deadline,
        t1_0.priority,
        t1_0.title 
    from
        tasks t1_0 
    where
        t1_0.artist_id=?
2026-03-03 19:17:30 [] INFO  - Closing JPA EntityManagerFactory for persistence unit 'default'
2026-03-03 19:17:30 [] INFO  - HikariPool-1 - Shutdown initiated...
2026-03-03 19:17:30 [] INFO  - HikariPool-1 - Shutdown completed.
2026-03-03 19:18:57 [] INFO  - Starting WebappApplicationTests using Java 21.0.7 with PID 19216 (started by Дима in C:\Users\Дима\Downloads\webappII\webapp)
2026-03-03 19:18:57 [] DEBUG - Running with Spring Boot v4.0.0, Spring v7.0.1
2026-03-03 19:18:57 [] INFO  - No active profile set, falling back to 1 default profile: "default"
2026-03-03 19:18:58 [] INFO  - Bootstrapping Spring Data JPA repositories in DEFAULT mode.
2026-03-03 19:18:58 [] INFO  - Finished Spring Data repository scanning in 43 ms. Found 3 JPA repository interfaces.
2026-03-03 19:18:58 [] INFO  - HHH000204: Processing PersistenceUnitInfo [name: default]
2026-03-03 19:18:59 [] INFO  - HHH000412: Hibernate ORM core version 7.1.8.Final
2026-03-03 19:18:59 [] INFO  - No LoadTimeWeaver setup: ignoring JPA class transformer
2026-03-03 19:18:59 [] INFO  - HikariPool-1 - Starting...
2026-03-03 19:18:59 [] INFO  - HikariPool-1 - Added connection org.postgresql.jdbc.PgConnection@3855b27e
2026-03-03 19:18:59 [] INFO  - HikariPool-1 - Start completed.
2026-03-03 19:18:59 [] WARN  - HHH90000025: PostgreSQLDialect does not need to be specified explicitly using 'hibernate.dialect' (remove the property setting and it will be selected by default)
2026-03-03 19:18:59 [] INFO  - HHH10001005: Database info:
	Database JDBC URL [jdbc:postgresql://localhost:1408/tasks]
	Database driver: PostgreSQL JDBC Driver
	Database dialect: PostgreSQLDialect
	Database version: 16.2
	Default catalog/schema: tasks/public
	Autocommit mode: undefined/unknown
	Isolation level: READ_COMMITTED [default READ_COMMITTED]
	JDBC fetch size: none
	Pool: DatasourceConnectionProviderImpl
	Minimum pool size: undefined/unknown
	Maximum pool size: undefined/unknown
2026-03-03 19:19:00 [] INFO  - HHH000489: No JTA platform available (set 'hibernate.transaction.jta.platform' to enable JTA platform integration)
2026-03-03 19:19:00 [] INFO  - Initialized JPA EntityManagerFactory for persistence unit 'default'
2026-03-03 19:19:00 [] INFO  - Hibernate is in classpath; If applicable, HQL parser will be used.
2026-03-03 19:19:01 [] WARN  - spring.jpa.open-in-view is enabled by default. Therefore, database queries may be performed during view rendering. Explicitly configure spring.jpa.open-in-view to disable this warning
2026-03-03 19:19:01 [] INFO  - Global AuthenticationManager configured with AuthenticationProvider bean with name authenticationProvider
2026-03-03 19:19:01 [] WARN  - Global AuthenticationManager configured with an AuthenticationProvider bean. UserDetailsService beans will not be used by Spring Security for automatically configuring username/password login. Consider removing the AuthenticationProvider bean. Alternatively, consider using the UserDetailsService in a manually instantiated DaoAuthenticationProvider. If the current configuration is intentional, to turn off this warning, increase the logging level of 'org.springframework.security.config.annotation.authentication.configuration.InitializeUserDetailsBeanManagerConfigurer' to ERROR
2026-03-03 19:19:01 [] INFO  - Started WebappApplicationTests in 4.488 seconds (process running for 5.82)
2026-03-03 19:19:02 [] INFO  - Could not detect default configuration classes for test class [com.site.webapp.repo.UserRepositoryTest]: UserRepositoryTest does not declare any static, non-private, non-final, nested classes annotated with @Configuration.
2026-03-03 19:19:02 [] INFO  - Found @SpringBootConfiguration com.site.webapp.WebappApplication for test class com.site.webapp.repo.UserRepositoryTest
2026-03-03 19:19:02 [] DEBUG - 
    select
        u1_0.id,
        u1_0.email,
        u1_0.first_name,
        u1_0.last_name,
        u1_0.password 
    from
        users u1_0
2026-03-03 19:19:02 [] DEBUG - 
    select
        r1_0.user_id,
        r1_1.id,
        r1_1.name 
    from
        user_roles r1_0 
    join
        roles r1_1 
            on r1_1.id=r1_0.role_id 
    where
        r1_0.user_id=?
2026-03-03 19:19:02 [] DEBUG - 
    select
        r1_0.user_id,
        r1_1.id,
        r1_1.name 
    from
        user_roles r1_0 
    join
        roles r1_1 
            on r1_1.id=r1_0.role_id 
    where
        r1_0.user_id=?
2026-03-03 19:19:02 [] DEBUG - 
    select
        r1_0.user_id,
        r1_1.id,
        r1_1.name 
    from
        user_roles r1_0 
    join
        roles r1_1 
            on r1_1.id=r1_0.role_id 
    where
        r1_0.user_id=?
2026-03-03 19:19:02 [] DEBUG - 
    select
        r1_0.user_id,
        r1_1.id,
        r1_1.name 
    from
        user_roles r1_0 
    join
        roles r1_1 
            on r1_1.id=r1_0.role_id 
    where
        r1_0.user_id=?
2026-03-03 19:19:02 [] DEBUG - 
    insert 
    into
        users
        (email, first_name, last_name, password) 
    values
        (?, ?, ?, ?)
2026-03-03 19:19:02 [] DEBUG - 
    delete 
    from
        user_roles 
    where
        user_id=?
2026-03-03 19:19:02 [] DEBUG - 
    delete 
    from
        user_roles 
    where
        user_id=?
2026-03-03 19:19:02 [] DEBUG - 
    delete 
    from
        user_roles 
    where
        user_id=?
2026-03-03 19:19:02 [] DEBUG - 
    delete 
    from
        users 
    where
        id=?
2026-03-03 19:19:02 [] DEBUG - 
    delete 
    from
        users 
    where
        id=?
2026-03-03 19:19:02 [] DEBUG - 
    delete 
    from
        users 
    where
        id=?
2026-03-03 19:19:02 [] DEBUG - 
    delete 
    from
        users 
    where
        id=?
2026-03-03 19:19:02 [] DEBUG - 
    select
        u1_0.id,
        u1_0.email,
        u1_0.first_name,
        u1_0.last_name,
        u1_0.password 
    from
        users u1_0 
    where
        u1_0.email=?
2026-03-03 19:19:02 [] INFO  - Could not detect default configuration classes for test class [com.site.webapp.controllers.RegistrationControllerTest]: RegistrationControllerTest does not declare any static, non-private, non-final, nested classes annotated with @Configuration.
2026-03-03 19:19:02 [] INFO  - Found @SpringBootConfiguration com.site.webapp.WebappApplication for test class com.site.webapp.controllers.RegistrationControllerTest
2026-03-03 19:19:02 [] DEBUG - 
    select
        u1_0.id,
        u1_0.email,
        u1_0.first_name,
        u1_0.last_name,
        u1_0.password 
    from
        users u1_0 
    where
        u1_0.email=?
2026-03-03 19:19:02 [] DEBUG - 
    select
        r1_0.id,
        r1_0.name 
    from
        roles r1_0 
    where
        r1_0.id=?
2026-03-03 19:19:02 [] DEBUG - 
    insert 
    into
        users
        (email, first_name, last_name, password) 
    values
        (?, ?, ?, ?)
2026-03-03 19:19:02 [] DEBUG - 
    select
        u1_0.id,
        u1_0.email,
        u1_0.first_name,
        u1_0.last_name,
        u1_0.password 
    from
        users u1_0 
    where
        u1_0.email=?
2026-03-03 19:19:03 [] DEBUG - 
    select
        u1_0.id,
        u1_0.email,
        u1_0.first_name,
        u1_0.last_name,
        u1_0.password 
    from
        users u1_0 
    where
        u1_0.email=?
2026-03-03 19:19:03 [] INFO  - Could not detect default configuration classes for test class [com.site.webapp.service.UserServiceTest]: UserServiceTest does not declare any static, non-private, non-final, nested classes annotated with @Configuration.
2026-03-03 19:19:03 [] INFO  - Found @SpringBootConfiguration com.site.webapp.WebappApplication for test class com.site.webapp.service.UserServiceTest
2026-03-03 19:19:03 [] DEBUG - 
    select
        u1_0.id,
        u1_0.email,
        u1_0.first_name,
        u1_0.last_name,
        u1_0.password 
    from
        users u1_0 
    where
        u1_0.email=?
2026-03-03 19:19:03 [] DEBUG - 
    select
        r1_0.id,
        r1_0.name 
    from
        roles r1_0 
    where
        r1_0.id=?
2026-03-03 19:19:03 [] DEBUG - 
    select
        u1_0.id,
        u1_0.email,
        u1_0.first_name,
        u1_0.last_name,
        u1_0.password 
    from
        users u1_0 
    where
        u1_0.email=?
2026-03-03 19:19:03 [] DEBUG - 
    select
        r1_0.id,
        r1_0.name 
    from
        roles r1_0 
    where
        r1_0.id=?
2026-03-03 19:19:03 [] DEBUG - 
    select
        u1_0.id,
        u1_0.email,
        u1_0.first_name,
        u1_0.last_name,
        u1_0.password 
    from
        users u1_0 
    where
        u1_0.email=?
2026-03-03 19:19:03 [] DEBUG - 
    select
        r1_0.id,
        r1_0.name 
    from
        roles r1_0 
    where
        r1_0.id=?
2026-03-03 19:19:03 [] DEBUG - 
    select
        u1_0.id,
        u1_0.email,
        u1_0.first_name,
        u1_0.last_name,
        u1_0.password 
    from
        users u1_0 
    where
        u1_0.email=?
2026-03-03 19:19:03 [] DEBUG - 
    select
        r1_0.id,
        r1_0.name 
    from
        roles r1_0 
    where
        r1_0.id=?
2026-03-03 19:19:03 [] DEBUG - 
    select
        u1_0.id,
        u1_0.email,
        u1_0.first_name,
        u1_0.last_name,
        u1_0.password 
    from
        users u1_0 
    where
        u1_0.email=?
2026-03-03 19:19:03 [] DEBUG - 
    select
        r1_0.id,
        r1_0.name 
    from
        roles r1_0 
    where
        r1_0.id=?
2026-03-03 19:19:03 [] INFO  - Could not detect default configuration classes for test class [com.site.webapp.controllers.TaskControllerTest]: TaskControllerTest does not declare any static, non-private, non-final, nested classes annotated with @Configuration.
2026-03-03 19:19:03 [] INFO  - Found @SpringBootConfiguration com.site.webapp.WebappApplication for test class com.site.webapp.controllers.TaskControllerTest
2026-03-03 19:19:03 [] DEBUG - 
    select
        nextval('tasks_seq')
2026-03-03 19:19:03 [] DEBUG - 
    insert 
    into
        tasks
        (artist_id, comment, deadline, priority, title, id) 
    values
        (?, ?, ?, ?, ?, ?)
2026-03-03 19:19:03 [] DEBUG - 
    select
        count(*) 
    from
        tasks t1_0
2026-03-03 19:19:03 [] DEBUG - 
    select
        u1_0.id,
        u1_0.email,
        u1_0.first_name,
        u1_0.last_name,
        u1_0.password 
    from
        users u1_0 
    where
        u1_0.email=?
2026-03-03 19:19:03 [] DEBUG - 
    select
        r1_0.id,
        r1_0.name 
    from
        roles r1_0 
    where
        r1_0.id=?
2026-03-03 19:19:03 [] INFO  - Could not detect default configuration classes for test class [com.site.webapp.repo.TasksRepositoryTest]: TasksRepositoryTest does not declare any static, non-private, non-final, nested classes annotated with @Configuration.
2026-03-03 19:19:03 [] INFO  - Found @SpringBootConfiguration com.site.webapp.WebappApplication for test class com.site.webapp.repo.TasksRepositoryTest
2026-03-03 19:19:03 [] DEBUG - 
    insert 
    into
        tasks
        (artist_id, comment, deadline, priority, title, id) 
    values
        (?, ?, ?, ?, ?, ?)
2026-03-03 19:19:03 [] DEBUG - 
    insert 
    into
        tasks
        (artist_id, comment, deadline, priority, title, id) 
    values
        (?, ?, ?, ?, ?, ?)
2026-03-03 19:19:03 [] DEBUG - 
    insert 
    into
        tasks
        (artist_id, comment, deadline, priority, title, id) 
    values
        (?, ?, ?, ?, ?, ?)
2026-03-03 19:19:03 [] DEBUG - 
    select
        t1_0.id,
        t1_0.artist_id,
        t1_0.comment,
        t1_0.deadline,
        t1_0.priority,
        t1_0.title 
    from
        tasks t1_0 
    order by
        t1_0.id desc
2026-03-03 19:19:03 [] DEBUG - 
    insert 
    into
        tasks
        (artist_id, comment, deadline, priority, title, id) 
    values
        (?, ?, ?, ?, ?, ?)
2026-03-03 19:19:03 [] DEBUG - 
    insert 
    into
        tasks
        (artist_id, comment, deadline, priority, title, id) 
    values
        (?, ?, ?, ?, ?, ?)
2026-03-03 19:19:03 [] DEBUG - 
    insert 
    into
        tasks
        (artist_id, comment, deadline, priority, title, id) 
    values
        (?, ?, ?, ?, ?, ?)
2026-03-03 19:19:03 [] DEBUG - 
    insert 
    into
        tasks
        (artist_id, comment, deadline, priority, title, id) 
    values
        (?, ?, ?, ?, ?, ?)
2026-03-03 19:19:03 [] DEBUG - 
    insert 
    into
        tasks
        (artist_id, comment, deadline, priority, title, id) 
    values
        (?, ?, ?, ?, ?, ?)
2026-03-03 19:19:03 [] DEBUG - 
    select
        t1_0.id,
        t1_0.artist_id,
        t1_0.comment,
        t1_0.deadline,
        t1_0.priority,
        t1_0.title 
    from
        tasks t1_0 
    order by
        t1_0.deadline desc
2026-03-03 19:19:03 [] DEBUG - 
    insert 
    into
        tasks
        (artist_id, comment, deadline, priority, title, id) 
    values
        (?, ?, ?, ?, ?, ?)
2026-03-03 19:19:03 [] DEBUG - 
    insert 
    into
        tasks
        (artist_id, comment, deadline, priority, title, id) 
    values
        (?, ?, ?, ?, ?, ?)
2026-03-03 19:19:03 [] DEBUG - 
    insert 
    into
        tasks
        (artist_id, comment, deadline, priority, title, id) 
    values
        (?, ?, ?, ?, ?, ?)
2026-03-03 19:19:03 [] DEBUG - 
    select
        t1_0.id,
        t1_0.artist_id,
        t1_0.comment,
        t1_0.deadline,
        t1_0.priority,
        t1_0.title 
    from
        tasks t1_0 
    order by
        t1_0.priority
2026-03-03 19:19:03 [] DEBUG - 
    insert 
    into
        tasks
        (artist_id, comment, deadline, priority, title, id) 
    values
        (?, ?, ?, ?, ?, ?)
2026-03-03 19:19:03 [] DEBUG - 
    insert 
    into
        tasks
        (artist_id, comment, deadline, priority, title, id) 
    values
        (?, ?, ?, ?, ?, ?)
2026-03-03 19:19:03 [] DEBUG - 
    insert 
    into
        tasks
        (artist_id, comment, deadline, priority, title, id) 
    values
        (?, ?, ?, ?, ?, ?)
2026-03-03 19:19:03 [] DEBUG - 
    select
        t1_0.id,
        t1_0.artist_id,
        t1_0.comment,
        t1_0.deadline,
        t1_0.priority,
        t1_0.title 
    from
        tasks t1_0 
    order by
        t1_0.id
2026-03-03 19:19:03 [] DEBUG - 
    insert 
    into
        tasks
        (artist_id, comment, deadline, priority, title, id) 
    values
        (?, ?, ?, ?, ?, ?)
2026-03-03 19:19:03 [] DEBUG - 
    insert 
    into
        tasks
        (artist_id, comment, deadline, priority, title, id) 
    values
        (?, ?, ?, ?, ?, ?)
2026-03-03 19:19:03 [] DEBUG - 
    insert 
    into
        tasks
        (artist_id, comment, deadline, priority, title, id) 
    values
        (?, ?, ?, ?, ?, ?)
2026-03-03 19:19:03 [] DEBUG - 
    select
        t1_0.id,
        t1_0.artist_id,
        t1_0.comment,
        t1_0.deadline,
        t1_0.priority,
        t1_0.title 
    from
        tasks t1_0 
    where
        t1_0.artist_id=?
2026-03-03 19:19:03 [] DEBUG - 
    select
        t1_0.id,
        t1_0.artist_id,
        t1_0.comment,
        t1_0.deadline,
        t1_0.priority,
        t1_0.title 
    from
        tasks t1_0 
    where
        t1_0.artist_id=?
2026-03-03 19:19:03 [] DEBUG - 
    select
        t1_0.id,
        t1_0.artist_id,
        t1_0.comment,
        t1_0.deadline,
        t1_0.priority,
        t1_0.title 
    from
        tasks t1_0 
    where
        t1_0.artist_id=?
2026-03-03 19:19:03 [] INFO  - Closing JPA EntityManagerFactory for persistence unit 'default'
2026-03-03 19:19:03 [] INFO  - HikariPool-1 - Shutdown initiated...
2026-03-03 19:19:03 [] INFO  - HikariPool-1 - Shutdown completed.
2026-03-03 19:21:13 [] INFO  - Starting WebappApplicationTests using Java 21.0.7 with PID 24868 (started by Дима in C:\Users\Дима\Downloads\webappII\webapp)
2026-03-03 19:21:13 [] DEBUG - Running with Spring Boot v4.0.0, Spring v7.0.1
2026-03-03 19:21:13 [] INFO  - No active profile set, falling back to 1 default profile: "default"
2026-03-03 19:21:14 [] INFO  - Bootstrapping Spring Data JPA repositories in DEFAULT mode.
2026-03-03 19:21:14 [] INFO  - Finished Spring Data repository scanning in 45 ms. Found 3 JPA repository interfaces.
2026-03-03 19:21:14 [] INFO  - HHH000204: Processing PersistenceUnitInfo [name: default]
2026-03-03 19:21:14 [] INFO  - HHH000412: Hibernate ORM core version 7.1.8.Final
2026-03-03 19:21:15 [] INFO  - No LoadTimeWeaver setup: ignoring JPA class transformer
2026-03-03 19:21:15 [] INFO  - HikariPool-1 - Starting...
2026-03-03 19:21:15 [] INFO  - HikariPool-1 - Added connection org.postgresql.jdbc.PgConnection@46a97805
2026-03-03 19:21:15 [] INFO  - HikariPool-1 - Start completed.
2026-03-03 19:21:15 [] WARN  - HHH90000025: PostgreSQLDialect does not need to be specified explicitly using 'hibernate.dialect' (remove the property setting and it will be selected by default)
2026-03-03 19:21:15 [] INFO  - HHH10001005: Database info:
	Database JDBC URL [jdbc:postgresql://localhost:1408/tasks]
	Database driver: PostgreSQL JDBC Driver
	Database dialect: PostgreSQLDialect
	Database version: 16.2
	Default catalog/schema: tasks/public
	Autocommit mode: undefined/unknown
	Isolation level: READ_COMMITTED [default READ_COMMITTED]
	JDBC fetch size: none
	Pool: DatasourceConnectionProviderImpl
	Minimum pool size: undefined/unknown
	Maximum pool size: undefined/unknown
2026-03-03 19:21:16 [] INFO  - HHH000489: No JTA platform available (set 'hibernate.transaction.jta.platform' to enable JTA platform integration)
2026-03-03 19:21:16 [] INFO  - Initialized JPA EntityManagerFactory for persistence unit 'default'
2026-03-03 19:21:16 [] INFO  - Hibernate is in classpath; If applicable, HQL parser will be used.
2026-03-03 19:21:16 [] WARN  - spring.jpa.open-in-view is enabled by default. Therefore, database queries may be performed during view rendering. Explicitly configure spring.jpa.open-in-view to disable this warning
2026-03-03 19:21:16 [] INFO  - Global AuthenticationManager configured with AuthenticationProvider bean with name authenticationProvider
2026-03-03 19:21:16 [] WARN  - Global AuthenticationManager configured with an AuthenticationProvider bean. UserDetailsService beans will not be used by Spring Security for automatically configuring username/password login. Consider removing the AuthenticationProvider bean. Alternatively, consider using the UserDetailsService in a manually instantiated DaoAuthenticationProvider. If the current configuration is intentional, to turn off this warning, increase the logging level of 'org.springframework.security.config.annotation.authentication.configuration.InitializeUserDetailsBeanManagerConfigurer' to ERROR
2026-03-03 19:21:17 [] INFO  - Started WebappApplicationTests in 4.266 seconds (process running for 5.578)
2026-03-03 19:21:17 [] INFO  - Could not detect default configuration classes for test class [com.site.webapp.repo.UserRepositoryTest]: UserRepositoryTest does not declare any static, non-private, non-final, nested classes annotated with @Configuration.
2026-03-03 19:21:17 [] INFO  - Found @SpringBootConfiguration com.site.webapp.WebappApplication for test class com.site.webapp.repo.UserRepositoryTest
2026-03-03 19:21:18 [] DEBUG - 
    select
        u1_0.id,
        u1_0.email,
        u1_0.first_name,
        u1_0.last_name,
        u1_0.password 
    from
        users u1_0
2026-03-03 19:21:18 [] DEBUG - 
    select
        r1_0.user_id,
        r1_1.id,
        r1_1.name 
    from
        user_roles r1_0 
    join
        roles r1_1 
            on r1_1.id=r1_0.role_id 
    where
        r1_0.user_id=?
2026-03-03 19:21:18 [] DEBUG - 
    select
        r1_0.user_id,
        r1_1.id,
        r1_1.name 
    from
        user_roles r1_0 
    join
        roles r1_1 
            on r1_1.id=r1_0.role_id 
    where
        r1_0.user_id=?
2026-03-03 19:21:18 [] DEBUG - 
    select
        r1_0.user_id,
        r1_1.id,
        r1_1.name 
    from
        user_roles r1_0 
    join
        roles r1_1 
            on r1_1.id=r1_0.role_id 
    where
        r1_0.user_id=?
2026-03-03 19:21:18 [] DEBUG - 
    select
        r1_0.user_id,
        r1_1.id,
        r1_1.name 
    from
        user_roles r1_0 
    join
        roles r1_1 
            on r1_1.id=r1_0.role_id 
    where
        r1_0.user_id=?
2026-03-03 19:21:18 [] DEBUG - 
    insert 
    into
        users
        (email, first_name, last_name, password) 
    values
        (?, ?, ?, ?)
2026-03-03 19:21:18 [] DEBUG - 
    delete 
    from
        user_roles 
    where
        user_id=?
2026-03-03 19:21:18 [] DEBUG - 
    delete 
    from
        user_roles 
    where
        user_id=?
2026-03-03 19:21:18 [] DEBUG - 
    delete 
    from
        user_roles 
    where
        user_id=?
2026-03-03 19:21:18 [] DEBUG - 
    delete 
    from
        users 
    where
        id=?
2026-03-03 19:21:18 [] DEBUG - 
    delete 
    from
        users 
    where
        id=?
2026-03-03 19:21:18 [] DEBUG - 
    delete 
    from
        users 
    where
        id=?
2026-03-03 19:21:18 [] DEBUG - 
    delete 
    from
        users 
    where
        id=?
2026-03-03 19:21:18 [] DEBUG - 
    select
        u1_0.id,
        u1_0.email,
        u1_0.first_name,
        u1_0.last_name,
        u1_0.password 
    from
        users u1_0 
    where
        u1_0.email=?
2026-03-03 19:21:18 [] INFO  - Could not detect default configuration classes for test class [com.site.webapp.controllers.RegistrationControllerTest]: RegistrationControllerTest does not declare any static, non-private, non-final, nested classes annotated with @Configuration.
2026-03-03 19:21:18 [] INFO  - Found @SpringBootConfiguration com.site.webapp.WebappApplication for test class com.site.webapp.controllers.RegistrationControllerTest
2026-03-03 19:21:18 [] DEBUG - 
    select
        u1_0.id,
        u1_0.email,
        u1_0.first_name,
        u1_0.last_name,
        u1_0.password 
    from
        users u1_0 
    where
        u1_0.email=?
2026-03-03 19:21:18 [] DEBUG - 
    select
        r1_0.id,
        r1_0.name 
    from
        roles r1_0 
    where
        r1_0.id=?
2026-03-03 19:21:18 [] DEBUG - 
    insert 
    into
        users
        (email, first_name, last_name, password) 
    values
        (?, ?, ?, ?)
2026-03-03 19:21:18 [] DEBUG - 
    select
        u1_0.id,
        u1_0.email,
        u1_0.first_name,
        u1_0.last_name,
        u1_0.password 
    from
        users u1_0 
    where
        u1_0.email=?
2026-03-03 19:21:18 [] DEBUG - 
    select
        u1_0.id,
        u1_0.email,
        u1_0.first_name,
        u1_0.last_name,
        u1_0.password 
    from
        users u1_0 
    where
        u1_0.email=?
2026-03-03 19:21:18 [] INFO  - Could not detect default configuration classes for test class [com.site.webapp.service.UserServiceTest]: UserServiceTest does not declare any static, non-private, non-final, nested classes annotated with @Configuration.
2026-03-03 19:21:18 [] INFO  - Found @SpringBootConfiguration com.site.webapp.WebappApplication for test class com.site.webapp.service.UserServiceTest
2026-03-03 19:21:18 [] DEBUG - 
    select
        u1_0.id,
        u1_0.email,
        u1_0.first_name,
        u1_0.last_name,
        u1_0.password 
    from
        users u1_0 
    where
        u1_0.email=?
2026-03-03 19:21:18 [] DEBUG - 
    select
        r1_0.id,
        r1_0.name 
    from
        roles r1_0 
    where
        r1_0.id=?
2026-03-03 19:21:18 [] DEBUG - 
    select
        u1_0.id,
        u1_0.email,
        u1_0.first_name,
        u1_0.last_name,
        u1_0.password 
    from
        users u1_0 
    where
        u1_0.email=?
2026-03-03 19:21:18 [] DEBUG - 
    select
        r1_0.id,
        r1_0.name 
    from
        roles r1_0 
    where
        r1_0.id=?
2026-03-03 19:21:18 [] DEBUG - 
    select
        u1_0.id,
        u1_0.email,
        u1_0.first_name,
        u1_0.last_name,
        u1_0.password 
    from
        users u1_0 
    where
        u1_0.email=?
2026-03-03 19:21:18 [] DEBUG - 
    select
        r1_0.id,
        r1_0.name 
    from
        roles r1_0 
    where
        r1_0.id=?
2026-03-03 19:21:18 [] DEBUG - 
    select
        u1_0.id,
        u1_0.email,
        u1_0.first_name,
        u1_0.last_name,
        u1_0.password 
    from
        users u1_0 
    where
        u1_0.email=?
2026-03-03 19:21:18 [] DEBUG - 
    select
        r1_0.id,
        r1_0.name 
    from
        roles r1_0 
    where
        r1_0.id=?
2026-03-03 19:21:18 [] DEBUG - 
    select
        u1_0.id,
        u1_0.email,
        u1_0.first_name,
        u1_0.last_name,
        u1_0.password 
    from
        users u1_0 
    where
        u1_0.email=?
2026-03-03 19:21:18 [] DEBUG - 
    select
        r1_0.id,
        r1_0.name 
    from
        roles r1_0 
    where
        r1_0.id=?
2026-03-03 19:21:18 [] INFO  - Could not detect default configuration classes for test class [com.site.webapp.controllers.TaskControllerTest]: TaskControllerTest does not declare any static, non-private, non-final, nested classes annotated with @Configuration.
2026-03-03 19:21:18 [] INFO  - Found @SpringBootConfiguration com.site.webapp.WebappApplication for test class com.site.webapp.controllers.TaskControllerTest
2026-03-03 19:21:19 [] DEBUG - 
    select
        nextval('tasks_seq')
2026-03-03 19:21:19 [] DEBUG - 
    insert 
    into
        tasks
        (artist_id, comment, deadline, priority, title, id) 
    values
        (?, ?, ?, ?, ?, ?)
2026-03-03 19:21:19 [] DEBUG - 
    select
        count(*) 
    from
        tasks t1_0
2026-03-03 19:21:19 [] DEBUG - 
    select
        u1_0.id,
        u1_0.email,
        u1_0.first_name,
        u1_0.last_name,
        u1_0.password 
    from
        users u1_0 
    where
        u1_0.email=?
2026-03-03 19:21:19 [] DEBUG - 
    select
        r1_0.id,
        r1_0.name 
    from
        roles r1_0 
    where
        r1_0.id=?
2026-03-03 19:21:19 [] INFO  - Could not detect default configuration classes for test class [com.site.webapp.repo.TasksRepositoryTest]: TasksRepositoryTest does not declare any static, non-private, non-final, nested classes annotated with @Configuration.
2026-03-03 19:21:19 [] INFO  - Found @SpringBootConfiguration com.site.webapp.WebappApplication for test class com.site.webapp.repo.TasksRepositoryTest
2026-03-03 19:21:19 [] DEBUG - 
    insert 
    into
        tasks
        (artist_id, comment, deadline, priority, title, id) 
    values
        (?, ?, ?, ?, ?, ?)
2026-03-03 19:21:19 [] DEBUG - 
    insert 
    into
        tasks
        (artist_id, comment, deadline, priority, title, id) 
    values
        (?, ?, ?, ?, ?, ?)
2026-03-03 19:21:19 [] DEBUG - 
    insert 
    into
        tasks
        (artist_id, comment, deadline, priority, title, id) 
    values
        (?, ?, ?, ?, ?, ?)
2026-03-03 19:21:19 [] DEBUG - 
    select
        t1_0.id,
        t1_0.artist_id,
        t1_0.comment,
        t1_0.deadline,
        t1_0.priority,
        t1_0.title 
    from
        tasks t1_0 
    order by
        t1_0.id desc
2026-03-03 19:21:19 [] DEBUG - 
    insert 
    into
        tasks
        (artist_id, comment, deadline, priority, title, id) 
    values
        (?, ?, ?, ?, ?, ?)
2026-03-03 19:21:19 [] DEBUG - 
    insert 
    into
        tasks
        (artist_id, comment, deadline, priority, title, id) 
    values
        (?, ?, ?, ?, ?, ?)
2026-03-03 19:21:19 [] DEBUG - 
    insert 
    into
        tasks
        (artist_id, comment, deadline, priority, title, id) 
    values
        (?, ?, ?, ?, ?, ?)
2026-03-03 19:21:19 [] DEBUG - 
    insert 
    into
        tasks
        (artist_id, comment, deadline, priority, title, id) 
    values
        (?, ?, ?, ?, ?, ?)
2026-03-03 19:21:19 [] DEBUG - 
    insert 
    into
        tasks
        (artist_id, comment, deadline, priority, title, id) 
    values
        (?, ?, ?, ?, ?, ?)
2026-03-03 19:21:19 [] DEBUG - 
    select
        t1_0.id,
        t1_0.artist_id,
        t1_0.comment,
        t1_0.deadline,
        t1_0.priority,
        t1_0.title 
    from
        tasks t1_0 
    order by
        t1_0.deadline desc
2026-03-03 19:21:19 [] DEBUG - 
    insert 
    into
        tasks
        (artist_id, comment, deadline, priority, title, id) 
    values
        (?, ?, ?, ?, ?, ?)
2026-03-03 19:21:19 [] DEBUG - 
    insert 
    into
        tasks
        (artist_id, comment, deadline, priority, title, id) 
    values
        (?, ?, ?, ?, ?, ?)
2026-03-03 19:21:19 [] DEBUG - 
    insert 
    into
        tasks
        (artist_id, comment, deadline, priority, title, id) 
    values
        (?, ?, ?, ?, ?, ?)
2026-03-03 19:21:19 [] DEBUG - 
    select
        t1_0.id,
        t1_0.artist_id,
        t1_0.comment,
        t1_0.deadline,
        t1_0.priority,
        t1_0.title 
    from
        tasks t1_0 
    order by
        t1_0.priority
2026-03-03 19:21:19 [] DEBUG - 
    insert 
    into
        tasks
        (artist_id, comment, deadline, priority, title, id) 
    values
        (?, ?, ?, ?, ?, ?)
2026-03-03 19:21:19 [] DEBUG - 
    insert 
    into
        tasks
        (artist_id, comment, deadline, priority, title, id) 
    values
        (?, ?, ?, ?, ?, ?)
2026-03-03 19:21:19 [] DEBUG - 
    insert 
    into
        tasks
        (artist_id, comment, deadline, priority, title, id) 
    values
        (?, ?, ?, ?, ?, ?)
2026-03-03 19:21:19 [] DEBUG - 
    select
        t1_0.id,
        t1_0.artist_id,
        t1_0.comment,
        t1_0.deadline,
        t1_0.priority,
        t1_0.title 
    from
        tasks t1_0 
    order by
        t1_0.id
2026-03-03 19:21:19 [] DEBUG - 
    insert 
    into
        tasks
        (artist_id, comment, deadline, priority, title, id) 
    values
        (?, ?, ?, ?, ?, ?)
2026-03-03 19:21:19 [] DEBUG - 
    insert 
    into
        tasks
        (artist_id, comment, deadline, priority, title, id) 
    values
        (?, ?, ?, ?, ?, ?)
2026-03-03 19:21:19 [] DEBUG - 
    insert 
    into
        tasks
        (artist_id, comment, deadline, priority, title, id) 
    values
        (?, ?, ?, ?, ?, ?)
2026-03-03 19:21:19 [] DEBUG - 
    select
        t1_0.id,
        t1_0.artist_id,
        t1_0.comment,
        t1_0.deadline,
        t1_0.priority,
        t1_0.title 
    from
        tasks t1_0 
    where
        t1_0.artist_id=?
2026-03-03 19:21:19 [] DEBUG - 
    select
        t1_0.id,
        t1_0.artist_id,
        t1_0.comment,
        t1_0.deadline,
        t1_0.priority,
        t1_0.title 
    from
        tasks t1_0 
    where
        t1_0.artist_id=?
2026-03-03 19:21:19 [] DEBUG - 
    select
        t1_0.id,
        t1_0.artist_id,
        t1_0.comment,
        t1_0.deadline,
        t1_0.priority,
        t1_0.title 
    from
        tasks t1_0 
    where
        t1_0.artist_id=?
2026-03-03 19:21:19 [] INFO  - Closing JPA EntityManagerFactory for persistence unit 'default'
2026-03-03 19:21:19 [] INFO  - HikariPool-1 - Shutdown initiated...
2026-03-03 19:21:19 [] INFO  - HikariPool-1 - Shutdown completed.
2026-03-03 19:22:03 [] INFO  - Starting TaskControllerTest using Java 21.0.7 with PID 24628 (started by Дима in C:\Users\Дима\Downloads\webappII\webapp)
2026-03-03 19:22:03 [] DEBUG - Running with Spring Boot v4.0.0, Spring v7.0.1
2026-03-03 19:22:03 [] INFO  - No active profile set, falling back to 1 default profile: "default"
2026-03-03 19:22:04 [] INFO  - Bootstrapping Spring Data JPA repositories in DEFAULT mode.
2026-03-03 19:22:04 [] INFO  - Finished Spring Data repository scanning in 54 ms. Found 3 JPA repository interfaces.
2026-03-03 19:22:04 [] INFO  - HHH000204: Processing PersistenceUnitInfo [name: default]
2026-03-03 19:22:04 [] INFO  - HHH000412: Hibernate ORM core version 7.1.8.Final
2026-03-03 19:22:05 [] INFO  - No LoadTimeWeaver setup: ignoring JPA class transformer
2026-03-03 19:22:05 [] INFO  - HikariPool-1 - Starting...
2026-03-03 19:22:05 [] INFO  - HikariPool-1 - Added connection org.postgresql.jdbc.PgConnection@e7b3e54
2026-03-03 19:22:05 [] INFO  - HikariPool-1 - Start completed.
2026-03-03 19:22:05 [] WARN  - HHH90000025: PostgreSQLDialect does not need to be specified explicitly using 'hibernate.dialect' (remove the property setting and it will be selected by default)
2026-03-03 19:22:05 [] INFO  - HHH10001005: Database info:
	Database JDBC URL [jdbc:postgresql://localhost:1408/tasks]
	Database driver: PostgreSQL JDBC Driver
	Database dialect: PostgreSQLDialect
	Database version: 16.2
	Default catalog/schema: tasks/public
	Autocommit mode: undefined/unknown
	Isolation level: READ_COMMITTED [default READ_COMMITTED]
	JDBC fetch size: none
	Pool: DatasourceConnectionProviderImpl
	Minimum pool size: undefined/unknown
	Maximum pool size: undefined/unknown
2026-03-03 19:22:06 [] INFO  - HHH000489: No JTA platform available (set 'hibernate.transaction.jta.platform' to enable JTA platform integration)
2026-03-03 19:22:06 [] INFO  - Initialized JPA EntityManagerFactory for persistence unit 'default'
2026-03-03 19:22:06 [] INFO  - Hibernate is in classpath; If applicable, HQL parser will be used.
2026-03-03 19:22:06 [] WARN  - spring.jpa.open-in-view is enabled by default. Therefore, database queries may be performed during view rendering. Explicitly configure spring.jpa.open-in-view to disable this warning
2026-03-03 19:22:06 [] INFO  - Global AuthenticationManager configured with AuthenticationProvider bean with name authenticationProvider
2026-03-03 19:22:06 [] WARN  - Global AuthenticationManager configured with an AuthenticationProvider bean. UserDetailsService beans will not be used by Spring Security for automatically configuring username/password login. Consider removing the AuthenticationProvider bean. Alternatively, consider using the UserDetailsService in a manually instantiated DaoAuthenticationProvider. If the current configuration is intentional, to turn off this warning, increase the logging level of 'org.springframework.security.config.annotation.authentication.configuration.InitializeUserDetailsBeanManagerConfigurer' to ERROR
2026-03-03 19:22:07 [] INFO  - Started TaskControllerTest in 4.449 seconds (process running for 5.635)
2026-03-03 19:22:07 [] DEBUG - 
    select
        nextval('tasks_seq')
2026-03-03 19:22:08 [] DEBUG - 
    insert 
    into
        tasks
        (artist_id, comment, deadline, priority, title, id) 
    values
        (?, ?, ?, ?, ?, ?)
2026-03-03 19:22:08 [] DEBUG - 
    select
        count(*) 
    from
        tasks t1_0
2026-03-03 19:22:08 [] DEBUG - 
    select
        u1_0.id,
        u1_0.email,
        u1_0.first_name,
        u1_0.last_name,
        u1_0.password 
    from
        users u1_0 
    where
        u1_0.email=?
2026-03-03 19:22:08 [] DEBUG - 
    select
        r1_0.id,
        r1_0.name 
    from
        roles r1_0 
    where
        r1_0.id=?
2026-03-03 19:22:08 [] DEBUG - 
    insert 
    into
        users
        (email, first_name, last_name, password) 
    values
        (?, ?, ?, ?)
2026-03-03 19:22:08 [] DEBUG - 
    insert 
    into
        tasks
        (artist_id, comment, deadline, priority, title, id) 
    values
        (?, ?, ?, ?, ?, ?)
2026-03-03 19:22:08 [] DEBUG - 
    insert 
    into
        user_roles
        (user_id, role_id) 
    values
        (?, ?)
2026-03-03 19:22:08 [] DEBUG - 
    select
        t1_0.id,
        t1_0.artist_id,
        t1_0.comment,
        t1_0.deadline,
        t1_0.priority,
        t1_0.title 
    from
        tasks t1_0 
    where
        t1_0.artist_id=?
2026-03-03 19:22:08 [] DEBUG - 
    select
        u1_0.id,
        u1_0.email,
        u1_0.first_name,
        u1_0.last_name,
        u1_0.password 
    from
        users u1_0
2026-03-03 19:22:08 [] DEBUG - 
    select
        r1_0.user_id,
        r1_1.id,
        r1_1.name 
    from
        user_roles r1_0 
    join
        roles r1_1 
            on r1_1.id=r1_0.role_id 
    where
        r1_0.user_id=?
2026-03-03 19:22:08 [] DEBUG - 
    select
        r1_0.user_id,
        r1_1.id,
        r1_1.name 
    from
        user_roles r1_0 
    join
        roles r1_1 
            on r1_1.id=r1_0.role_id 
    where
        r1_0.user_id=?
2026-03-03 19:22:08 [] DEBUG - 
    select
        r1_0.user_id,
        r1_1.id,
        r1_1.name 
    from
        user_roles r1_0 
    join
        roles r1_1 
            on r1_1.id=r1_0.role_id 
    where
        r1_0.user_id=?
2026-03-03 19:22:08 [] DEBUG - 
    select
        r1_0.user_id,
        r1_1.id,
        r1_1.name 
    from
        user_roles r1_0 
    join
        roles r1_1 
            on r1_1.id=r1_0.role_id 
    where
        r1_0.user_id=?
2026-03-03 19:22:08 [] INFO  - Closing JPA EntityManagerFactory for persistence unit 'default'
2026-03-03 19:22:08 [] INFO  - HikariPool-1 - Shutdown initiated...
2026-03-03 19:22:08 [] INFO  - HikariPool-1 - Shutdown completed.
2026-03-03 19:22:14 [] INFO  - Starting WebappApplicationTests using Java 21.0.7 with PID 2444 (started by Дима in C:\Users\Дима\Downloads\webappII\webapp)
2026-03-03 19:22:14 [] DEBUG - Running with Spring Boot v4.0.0, Spring v7.0.1
2026-03-03 19:22:14 [] INFO  - No active profile set, falling back to 1 default profile: "default"
2026-03-03 19:22:14 [] INFO  - Bootstrapping Spring Data JPA repositories in DEFAULT mode.
2026-03-03 19:22:15 [] INFO  - Finished Spring Data repository scanning in 44 ms. Found 3 JPA repository interfaces.
2026-03-03 19:22:15 [] INFO  - HHH000204: Processing PersistenceUnitInfo [name: default]
2026-03-03 19:22:15 [] INFO  - HHH000412: Hibernate ORM core version 7.1.8.Final
2026-03-03 19:22:16 [] INFO  - No LoadTimeWeaver setup: ignoring JPA class transformer
2026-03-03 19:22:16 [] INFO  - HikariPool-1 - Starting...
2026-03-03 19:22:16 [] INFO  - HikariPool-1 - Added connection org.postgresql.jdbc.PgConnection@771afdd5
2026-03-03 19:22:16 [] INFO  - HikariPool-1 - Start completed.
2026-03-03 19:22:16 [] WARN  - HHH90000025: PostgreSQLDialect does not need to be specified explicitly using 'hibernate.dialect' (remove the property setting and it will be selected by default)
2026-03-03 19:22:16 [] INFO  - HHH10001005: Database info:
	Database JDBC URL [jdbc:postgresql://localhost:1408/tasks]
	Database driver: PostgreSQL JDBC Driver
	Database dialect: PostgreSQLDialect
	Database version: 16.2
	Default catalog/schema: tasks/public
	Autocommit mode: undefined/unknown
	Isolation level: READ_COMMITTED [default READ_COMMITTED]
	JDBC fetch size: none
	Pool: DatasourceConnectionProviderImpl
	Minimum pool size: undefined/unknown
	Maximum pool size: undefined/unknown
2026-03-03 19:22:17 [] INFO  - HHH000489: No JTA platform available (set 'hibernate.transaction.jta.platform' to enable JTA platform integration)
2026-03-03 19:22:17 [] INFO  - Initialized JPA EntityManagerFactory for persistence unit 'default'
2026-03-03 19:22:17 [] INFO  - Hibernate is in classpath; If applicable, HQL parser will be used.
2026-03-03 19:22:17 [] WARN  - spring.jpa.open-in-view is enabled by default. Therefore, database queries may be performed during view rendering. Explicitly configure spring.jpa.open-in-view to disable this warning
2026-03-03 19:22:17 [] INFO  - Global AuthenticationManager configured with AuthenticationProvider bean with name authenticationProvider
2026-03-03 19:22:17 [] WARN  - Global AuthenticationManager configured with an AuthenticationProvider bean. UserDetailsService beans will not be used by Spring Security for automatically configuring username/password login. Consider removing the AuthenticationProvider bean. Alternatively, consider using the UserDetailsService in a manually instantiated DaoAuthenticationProvider. If the current configuration is intentional, to turn off this warning, increase the logging level of 'org.springframework.security.config.annotation.authentication.configuration.InitializeUserDetailsBeanManagerConfigurer' to ERROR
2026-03-03 19:22:18 [] INFO  - Started WebappApplicationTests in 4.297 seconds (process running for 5.563)
2026-03-03 19:22:18 [] INFO  - Could not detect default configuration classes for test class [com.site.webapp.repo.UserRepositoryTest]: UserRepositoryTest does not declare any static, non-private, non-final, nested classes annotated with @Configuration.
2026-03-03 19:22:18 [] INFO  - Found @SpringBootConfiguration com.site.webapp.WebappApplication for test class com.site.webapp.repo.UserRepositoryTest
2026-03-03 19:22:18 [] DEBUG - 
    select
        u1_0.id,
        u1_0.email,
        u1_0.first_name,
        u1_0.last_name,
        u1_0.password 
    from
        users u1_0
2026-03-03 19:22:18 [] DEBUG - 
    select
        r1_0.user_id,
        r1_1.id,
        r1_1.name 
    from
        user_roles r1_0 
    join
        roles r1_1 
            on r1_1.id=r1_0.role_id 
    where
        r1_0.user_id=?
2026-03-03 19:22:18 [] DEBUG - 
    select
        r1_0.user_id,
        r1_1.id,
        r1_1.name 
    from
        user_roles r1_0 
    join
        roles r1_1 
            on r1_1.id=r1_0.role_id 
    where
        r1_0.user_id=?
2026-03-03 19:22:18 [] DEBUG - 
    select
        r1_0.user_id,
        r1_1.id,
        r1_1.name 
    from
        user_roles r1_0 
    join
        roles r1_1 
            on r1_1.id=r1_0.role_id 
    where
        r1_0.user_id=?
2026-03-03 19:22:18 [] DEBUG - 
    select
        r1_0.user_id,
        r1_1.id,
        r1_1.name 
    from
        user_roles r1_0 
    join
        roles r1_1 
            on r1_1.id=r1_0.role_id 
    where
        r1_0.user_id=?
2026-03-03 19:22:18 [] DEBUG - 
    insert 
    into
        users
        (email, first_name, last_name, password) 
    values
        (?, ?, ?, ?)
2026-03-03 19:22:19 [] DEBUG - 
    delete 
    from
        user_roles 
    where
        user_id=?
2026-03-03 19:22:19 [] DEBUG - 
    delete 
    from
        user_roles 
    where
        user_id=?
2026-03-03 19:22:19 [] DEBUG - 
    delete 
    from
        user_roles 
    where
        user_id=?
2026-03-03 19:22:19 [] DEBUG - 
    delete 
    from
        users 
    where
        id=?
2026-03-03 19:22:19 [] DEBUG - 
    delete 
    from
        users 
    where
        id=?
2026-03-03 19:22:19 [] DEBUG - 
    delete 
    from
        users 
    where
        id=?
2026-03-03 19:22:19 [] DEBUG - 
    delete 
    from
        users 
    where
        id=?
2026-03-03 19:22:19 [] DEBUG - 
    select
        u1_0.id,
        u1_0.email,
        u1_0.first_name,
        u1_0.last_name,
        u1_0.password 
    from
        users u1_0 
    where
        u1_0.email=?
2026-03-03 19:22:19 [] INFO  - Could not detect default configuration classes for test class [com.site.webapp.controllers.RegistrationControllerTest]: RegistrationControllerTest does not declare any static, non-private, non-final, nested classes annotated with @Configuration.
2026-03-03 19:22:19 [] INFO  - Found @SpringBootConfiguration com.site.webapp.WebappApplication for test class com.site.webapp.controllers.RegistrationControllerTest
2026-03-03 19:22:19 [] DEBUG - 
    select
        u1_0.id,
        u1_0.email,
        u1_0.first_name,
        u1_0.last_name,
        u1_0.password 
    from
        users u1_0 
    where
        u1_0.email=?
2026-03-03 19:22:19 [] DEBUG - 
    select
        r1_0.id,
        r1_0.name 
    from
        roles r1_0 
    where
        r1_0.id=?
2026-03-03 19:22:19 [] DEBUG - 
    insert 
    into
        users
        (email, first_name, last_name, password) 
    values
        (?, ?, ?, ?)
2026-03-03 19:22:19 [] DEBUG - 
    select
        u1_0.id,
        u1_0.email,
        u1_0.first_name,
        u1_0.last_name,
        u1_0.password 
    from
        users u1_0 
    where
        u1_0.email=?
2026-03-03 19:22:19 [] DEBUG - 
    select
        u1_0.id,
        u1_0.email,
        u1_0.first_name,
        u1_0.last_name,
        u1_0.password 
    from
        users u1_0 
    where
        u1_0.email=?
2026-03-03 19:22:19 [] INFO  - Could not detect default configuration classes for test class [com.site.webapp.service.UserServiceTest]: UserServiceTest does not declare any static, non-private, non-final, nested classes annotated with @Configuration.
2026-03-03 19:22:19 [] INFO  - Found @SpringBootConfiguration com.site.webapp.WebappApplication for test class com.site.webapp.service.UserServiceTest
2026-03-03 19:22:19 [] DEBUG - 
    select
        u1_0.id,
        u1_0.email,
        u1_0.first_name,
        u1_0.last_name,
        u1_0.password 
    from
        users u1_0 
    where
        u1_0.email=?
2026-03-03 19:22:19 [] DEBUG - 
    select
        r1_0.id,
        r1_0.name 
    from
        roles r1_0 
    where
        r1_0.id=?
2026-03-03 19:22:19 [] DEBUG - 
    select
        u1_0.id,
        u1_0.email,
        u1_0.first_name,
        u1_0.last_name,
        u1_0.password 
    from
        users u1_0 
    where
        u1_0.email=?
2026-03-03 19:22:19 [] DEBUG - 
    select
        r1_0.id,
        r1_0.name 
    from
        roles r1_0 
    where
        r1_0.id=?
2026-03-03 19:22:19 [] DEBUG - 
    select
        u1_0.id,
        u1_0.email,
        u1_0.first_name,
        u1_0.last_name,
        u1_0.password 
    from
        users u1_0 
    where
        u1_0.email=?
2026-03-03 19:22:19 [] DEBUG - 
    select
        r1_0.id,
        r1_0.name 
    from
        roles r1_0 
    where
        r1_0.id=?
2026-03-03 19:22:19 [] DEBUG - 
    select
        u1_0.id,
        u1_0.email,
        u1_0.first_name,
        u1_0.last_name,
        u1_0.password 
    from
        users u1_0 
    where
        u1_0.email=?
2026-03-03 19:22:19 [] DEBUG - 
    select
        r1_0.id,
        r1_0.name 
    from
        roles r1_0 
    where
        r1_0.id=?
2026-03-03 19:22:19 [] DEBUG - 
    select
        u1_0.id,
        u1_0.email,
        u1_0.first_name,
        u1_0.last_name,
        u1_0.password 
    from
        users u1_0 
    where
        u1_0.email=?
2026-03-03 19:22:19 [] DEBUG - 
    select
        r1_0.id,
        r1_0.name 
    from
        roles r1_0 
    where
        r1_0.id=?
2026-03-03 19:22:19 [] INFO  - Could not detect default configuration classes for test class [com.site.webapp.controllers.TaskControllerTest]: TaskControllerTest does not declare any static, non-private, non-final, nested classes annotated with @Configuration.
2026-03-03 19:22:19 [] INFO  - Found @SpringBootConfiguration com.site.webapp.WebappApplication for test class com.site.webapp.controllers.TaskControllerTest
2026-03-03 19:22:19 [] DEBUG - 
    select
        nextval('tasks_seq')
2026-03-03 19:22:19 [] DEBUG - 
    insert 
    into
        tasks
        (artist_id, comment, deadline, priority, title, id) 
    values
        (?, ?, ?, ?, ?, ?)
2026-03-03 19:22:19 [] DEBUG - 
    select
        count(*) 
    from
        tasks t1_0
2026-03-03 19:22:19 [] DEBUG - 
    select
        u1_0.id,
        u1_0.email,
        u1_0.first_name,
        u1_0.last_name,
        u1_0.password 
    from
        users u1_0 
    where
        u1_0.email=?
2026-03-03 19:22:19 [] DEBUG - 
    select
        r1_0.id,
        r1_0.name 
    from
        roles r1_0 
    where
        r1_0.id=?
2026-03-03 19:22:19 [] DEBUG - 
    insert 
    into
        users
        (email, first_name, last_name, password) 
    values
        (?, ?, ?, ?)
2026-03-03 19:22:19 [] DEBUG - 
    insert 
    into
        tasks
        (artist_id, comment, deadline, priority, title, id) 
    values
        (?, ?, ?, ?, ?, ?)
2026-03-03 19:22:19 [] DEBUG - 
    insert 
    into
        user_roles
        (user_id, role_id) 
    values
        (?, ?)
2026-03-03 19:22:19 [] DEBUG - 
    select
        t1_0.id,
        t1_0.artist_id,
        t1_0.comment,
        t1_0.deadline,
        t1_0.priority,
        t1_0.title 
    from
        tasks t1_0 
    where
        t1_0.artist_id=?
2026-03-03 19:22:19 [] DEBUG - 
    select
        u1_0.id,
        u1_0.email,
        u1_0.first_name,
        u1_0.last_name,
        u1_0.password 
    from
        users u1_0
2026-03-03 19:22:19 [] DEBUG - 
    select
        r1_0.user_id,
        r1_1.id,
        r1_1.name 
    from
        user_roles r1_0 
    join
        roles r1_1 
            on r1_1.id=r1_0.role_id 
    where
        r1_0.user_id=?
2026-03-03 19:22:19 [] DEBUG - 
    select
        r1_0.user_id,
        r1_1.id,
        r1_1.name 
    from
        user_roles r1_0 
    join
        roles r1_1 
            on r1_1.id=r1_0.role_id 
    where
        r1_0.user_id=?
2026-03-03 19:22:19 [] DEBUG - 
    select
        r1_0.user_id,
        r1_1.id,
        r1_1.name 
    from
        user_roles r1_0 
    join
        roles r1_1 
            on r1_1.id=r1_0.role_id 
    where
        r1_0.user_id=?
2026-03-03 19:22:19 [] DEBUG - 
    select
        r1_0.user_id,
        r1_1.id,
        r1_1.name 
    from
        user_roles r1_0 
    join
        roles r1_1 
            on r1_1.id=r1_0.role_id 
    where
        r1_0.user_id=?
2026-03-03 19:22:19 [] INFO  - Could not detect default configuration classes for test class [com.site.webapp.repo.TasksRepositoryTest]: TasksRepositoryTest does not declare any static, non-private, non-final, nested classes annotated with @Configuration.
2026-03-03 19:22:19 [] INFO  - Found @SpringBootConfiguration com.site.webapp.WebappApplication for test class com.site.webapp.repo.TasksRepositoryTest
2026-03-03 19:22:19 [] DEBUG - 
    insert 
    into
        tasks
        (artist_id, comment, deadline, priority, title, id) 
    values
        (?, ?, ?, ?, ?, ?)
2026-03-03 19:22:19 [] DEBUG - 
    insert 
    into
        tasks
        (artist_id, comment, deadline, priority, title, id) 
    values
        (?, ?, ?, ?, ?, ?)
2026-03-03 19:22:19 [] DEBUG - 
    insert 
    into
        tasks
        (artist_id, comment, deadline, priority, title, id) 
    values
        (?, ?, ?, ?, ?, ?)
2026-03-03 19:22:19 [] DEBUG - 
    select
        t1_0.id,
        t1_0.artist_id,
        t1_0.comment,
        t1_0.deadline,
        t1_0.priority,
        t1_0.title 
    from
        tasks t1_0 
    order by
        t1_0.id desc
2026-03-03 19:22:19 [] DEBUG - 
    insert 
    into
        tasks
        (artist_id, comment, deadline, priority, title, id) 
    values
        (?, ?, ?, ?, ?, ?)
2026-03-03 19:22:19 [] DEBUG - 
    insert 
    into
        tasks
        (artist_id, comment, deadline, priority, title, id) 
    values
        (?, ?, ?, ?, ?, ?)
2026-03-03 19:22:19 [] DEBUG - 
    insert 
    into
        tasks
        (artist_id, comment, deadline, priority, title, id) 
    values
        (?, ?, ?, ?, ?, ?)
2026-03-03 19:22:19 [] DEBUG - 
    insert 
    into
        tasks
        (artist_id, comment, deadline, priority, title, id) 
    values
        (?, ?, ?, ?, ?, ?)
2026-03-03 19:22:19 [] DEBUG - 
    insert 
    into
        tasks
        (artist_id, comment, deadline, priority, title, id) 
    values
        (?, ?, ?, ?, ?, ?)
2026-03-03 19:22:19 [] DEBUG - 
    select
        t1_0.id,
        t1_0.artist_id,
        t1_0.comment,
        t1_0.deadline,
        t1_0.priority,
        t1_0.title 
    from
        tasks t1_0 
    order by
        t1_0.deadline desc
2026-03-03 19:22:19 [] DEBUG - 
    insert 
    into
        tasks
        (artist_id, comment, deadline, priority, title, id) 
    values
        (?, ?, ?, ?, ?, ?)
2026-03-03 19:22:19 [] DEBUG - 
    insert 
    into
        tasks
        (artist_id, comment, deadline, priority, title, id) 
    values
        (?, ?, ?, ?, ?, ?)
2026-03-03 19:22:19 [] DEBUG - 
    insert 
    into
        tasks
        (artist_id, comment, deadline, priority, title, id) 
    values
        (?, ?, ?, ?, ?, ?)
2026-03-03 19:22:19 [] DEBUG - 
    select
        t1_0.id,
        t1_0.artist_id,
        t1_0.comment,
        t1_0.deadline,
        t1_0.priority,
        t1_0.title 
    from
        tasks t1_0 
    order by
        t1_0.priority
2026-03-03 19:22:19 [] DEBUG - 
    insert 
    into
        tasks
        (artist_id, comment, deadline, priority, title, id) 
    values
        (?, ?, ?, ?, ?, ?)
2026-03-03 19:22:19 [] DEBUG - 
    insert 
    into
        tasks
        (artist_id, comment, deadline, priority, title, id) 
    values
        (?, ?, ?, ?, ?, ?)
2026-03-03 19:22:19 [] DEBUG - 
    insert 
    into
        tasks
        (artist_id, comment, deadline, priority, title, id) 
    values
        (?, ?, ?, ?, ?, ?)
2026-03-03 19:22:19 [] DEBUG - 
    select
        t1_0.id,
        t1_0.artist_id,
        t1_0.comment,
        t1_0.deadline,
        t1_0.priority,
        t1_0.title 
    from
        tasks t1_0 
    order by
        t1_0.id
2026-03-03 19:22:19 [] DEBUG - 
    insert 
    into
        tasks
        (artist_id, comment, deadline, priority, title, id) 
    values
        (?, ?, ?, ?, ?, ?)
2026-03-03 19:22:19 [] DEBUG - 
    insert 
    into
        tasks
        (artist_id, comment, deadline, priority, title, id) 
    values
        (?, ?, ?, ?, ?, ?)
2026-03-03 19:22:19 [] DEBUG - 
    insert 
    into
        tasks
        (artist_id, comment, deadline, priority, title, id) 
    values
        (?, ?, ?, ?, ?, ?)
2026-03-03 19:22:19 [] DEBUG - 
    select
        t1_0.id,
        t1_0.artist_id,
        t1_0.comment,
        t1_0.deadline,
        t1_0.priority,
        t1_0.title 
    from
        tasks t1_0 
    where
        t1_0.artist_id=?
2026-03-03 19:22:19 [] DEBUG - 
    select
        t1_0.id,
        t1_0.artist_id,
        t1_0.comment,
        t1_0.deadline,
        t1_0.priority,
        t1_0.title 
    from
        tasks t1_0 
    where
        t1_0.artist_id=?
2026-03-03 19:22:19 [] DEBUG - 
    select
        t1_0.id,
        t1_0.artist_id,
        t1_0.comment,
        t1_0.deadline,
        t1_0.priority,
        t1_0.title 
    from
        tasks t1_0 
    where
        t1_0.artist_id=?
2026-03-03 19:22:20 [] INFO  - Closing JPA EntityManagerFactory for persistence unit 'default'
2026-03-03 19:22:20 [] INFO  - HikariPool-1 - Shutdown initiated...
2026-03-03 19:22:20 [] INFO  - HikariPool-1 - Shutdown completed.
2026-03-03 19:24:19 [] INFO  - Starting WebappApplicationTests using Java 21.0.7 with PID 324 (started by Дима in C:\Users\Дима\Downloads\webappII\webapp)
2026-03-03 19:24:19 [] DEBUG - Running with Spring Boot v4.0.0, Spring v7.0.1
2026-03-03 19:24:19 [] INFO  - No active profile set, falling back to 1 default profile: "default"
2026-03-03 19:24:20 [] INFO  - Bootstrapping Spring Data JPA repositories in DEFAULT mode.
2026-03-03 19:24:20 [] INFO  - Finished Spring Data repository scanning in 49 ms. Found 3 JPA repository interfaces.
2026-03-03 19:24:21 [] INFO  - HHH000204: Processing PersistenceUnitInfo [name: default]
2026-03-03 19:24:21 [] INFO  - HHH000412: Hibernate ORM core version 7.1.8.Final
2026-03-03 19:24:21 [] INFO  - No LoadTimeWeaver setup: ignoring JPA class transformer
2026-03-03 19:24:21 [] INFO  - HikariPool-1 - Starting...
2026-03-03 19:24:22 [] INFO  - HikariPool-1 - Added connection org.postgresql.jdbc.PgConnection@776d8097
2026-03-03 19:24:22 [] INFO  - HikariPool-1 - Start completed.
2026-03-03 19:24:22 [] WARN  - HHH90000025: PostgreSQLDialect does not need to be specified explicitly using 'hibernate.dialect' (remove the property setting and it will be selected by default)
2026-03-03 19:24:22 [] INFO  - HHH10001005: Database info:
	Database JDBC URL [jdbc:postgresql://localhost:1408/tasks]
	Database driver: PostgreSQL JDBC Driver
	Database dialect: PostgreSQLDialect
	Database version: 16.2
	Default catalog/schema: tasks/public
	Autocommit mode: undefined/unknown
	Isolation level: READ_COMMITTED [default READ_COMMITTED]
	JDBC fetch size: none
	Pool: DatasourceConnectionProviderImpl
	Minimum pool size: undefined/unknown
	Maximum pool size: undefined/unknown
2026-03-03 19:24:23 [] INFO  - HHH000489: No JTA platform available (set 'hibernate.transaction.jta.platform' to enable JTA platform integration)
2026-03-03 19:24:23 [] INFO  - Initialized JPA EntityManagerFactory for persistence unit 'default'
2026-03-03 19:24:23 [] INFO  - Hibernate is in classpath; If applicable, HQL parser will be used.
2026-03-03 19:24:23 [] WARN  - spring.jpa.open-in-view is enabled by default. Therefore, database queries may be performed during view rendering. Explicitly configure spring.jpa.open-in-view to disable this warning
2026-03-03 19:24:23 [] INFO  - Global AuthenticationManager configured with AuthenticationProvider bean with name authenticationProvider
2026-03-03 19:24:23 [] WARN  - Global AuthenticationManager configured with an AuthenticationProvider bean. UserDetailsService beans will not be used by Spring Security for automatically configuring username/password login. Consider removing the AuthenticationProvider bean. Alternatively, consider using the UserDetailsService in a manually instantiated DaoAuthenticationProvider. If the current configuration is intentional, to turn off this warning, increase the logging level of 'org.springframework.security.config.annotation.authentication.configuration.InitializeUserDetailsBeanManagerConfigurer' to ERROR
2026-03-03 19:24:24 [] INFO  - Started WebappApplicationTests in 4.797 seconds (process running for 6.135)
2026-03-03 19:24:24 [] INFO  - Could not detect default configuration classes for test class [com.site.webapp.repo.UserRepositoryTest]: UserRepositoryTest does not declare any static, non-private, non-final, nested classes annotated with @Configuration.
2026-03-03 19:24:24 [] INFO  - Found @SpringBootConfiguration com.site.webapp.WebappApplication for test class com.site.webapp.repo.UserRepositoryTest
2026-03-03 19:24:24 [] DEBUG - 
    select
        u1_0.id,
        u1_0.email,
        u1_0.first_name,
        u1_0.last_name,
        u1_0.password 
    from
        users u1_0
2026-03-03 19:24:24 [] DEBUG - 
    select
        r1_0.user_id,
        r1_1.id,
        r1_1.name 
    from
        user_roles r1_0 
    join
        roles r1_1 
            on r1_1.id=r1_0.role_id 
    where
        r1_0.user_id=?
2026-03-03 19:24:24 [] DEBUG - 
    select
        r1_0.user_id,
        r1_1.id,
        r1_1.name 
    from
        user_roles r1_0 
    join
        roles r1_1 
            on r1_1.id=r1_0.role_id 
    where
        r1_0.user_id=?
2026-03-03 19:24:24 [] DEBUG - 
    select
        r1_0.user_id,
        r1_1.id,
        r1_1.name 
    from
        user_roles r1_0 
    join
        roles r1_1 
            on r1_1.id=r1_0.role_id 
    where
        r1_0.user_id=?
2026-03-03 19:24:24 [] DEBUG - 
    select
        r1_0.user_id,
        r1_1.id,
        r1_1.name 
    from
        user_roles r1_0 
    join
        roles r1_1 
            on r1_1.id=r1_0.role_id 
    where
        r1_0.user_id=?
2026-03-03 19:24:24 [] DEBUG - 
    insert 
    into
        users
        (email, first_name, last_name, password) 
    values
        (?, ?, ?, ?)
2026-03-03 19:24:25 [] DEBUG - 
    delete 
    from
        user_roles 
    where
        user_id=?
2026-03-03 19:24:25 [] DEBUG - 
    delete 
    from
        user_roles 
    where
        user_id=?
2026-03-03 19:24:25 [] DEBUG - 
    delete 
    from
        user_roles 
    where
        user_id=?
2026-03-03 19:24:25 [] DEBUG - 
    delete 
    from
        users 
    where
        id=?
2026-03-03 19:24:25 [] DEBUG - 
    delete 
    from
        users 
    where
        id=?
2026-03-03 19:24:25 [] DEBUG - 
    delete 
    from
        users 
    where
        id=?
2026-03-03 19:24:25 [] DEBUG - 
    delete 
    from
        users 
    where
        id=?
2026-03-03 19:24:25 [] DEBUG - 
    select
        u1_0.id,
        u1_0.email,
        u1_0.first_name,
        u1_0.last_name,
        u1_0.password 
    from
        users u1_0 
    where
        u1_0.email=?
2026-03-03 19:24:25 [] INFO  - Could not detect default configuration classes for test class [com.site.webapp.controllers.RegistrationControllerTest]: RegistrationControllerTest does not declare any static, non-private, non-final, nested classes annotated with @Configuration.
2026-03-03 19:24:25 [] INFO  - Found @SpringBootConfiguration com.site.webapp.WebappApplication for test class com.site.webapp.controllers.RegistrationControllerTest
2026-03-03 19:24:25 [] DEBUG - 
    select
        u1_0.id,
        u1_0.email,
        u1_0.first_name,
        u1_0.last_name,
        u1_0.password 
    from
        users u1_0 
    where
        u1_0.email=?
2026-03-03 19:24:25 [] DEBUG - 
    select
        r1_0.id,
        r1_0.name 
    from
        roles r1_0 
    where
        r1_0.id=?
2026-03-03 19:24:25 [] DEBUG - 
    insert 
    into
        users
        (email, first_name, last_name, password) 
    values
        (?, ?, ?, ?)
2026-03-03 19:24:25 [] DEBUG - 
    select
        u1_0.id,
        u1_0.email,
        u1_0.first_name,
        u1_0.last_name,
        u1_0.password 
    from
        users u1_0 
    where
        u1_0.email=?
2026-03-03 19:24:25 [] DEBUG - 
    select
        u1_0.id,
        u1_0.email,
        u1_0.first_name,
        u1_0.last_name,
        u1_0.password 
    from
        users u1_0 
    where
        u1_0.email=?
2026-03-03 19:24:25 [] INFO  - Could not detect default configuration classes for test class [com.site.webapp.service.UserServiceTest]: UserServiceTest does not declare any static, non-private, non-final, nested classes annotated with @Configuration.
2026-03-03 19:24:25 [] INFO  - Found @SpringBootConfiguration com.site.webapp.WebappApplication for test class com.site.webapp.service.UserServiceTest
2026-03-03 19:24:25 [] DEBUG - 
    select
        u1_0.id,
        u1_0.email,
        u1_0.first_name,
        u1_0.last_name,
        u1_0.password 
    from
        users u1_0 
    where
        u1_0.email=?
2026-03-03 19:24:25 [] DEBUG - 
    select
        r1_0.id,
        r1_0.name 
    from
        roles r1_0 
    where
        r1_0.id=?
2026-03-03 19:24:25 [] DEBUG - 
    select
        u1_0.id,
        u1_0.email,
        u1_0.first_name,
        u1_0.last_name,
        u1_0.password 
    from
        users u1_0 
    where
        u1_0.email=?
2026-03-03 19:24:25 [] DEBUG - 
    select
        r1_0.id,
        r1_0.name 
    from
        roles r1_0 
    where
        r1_0.id=?
2026-03-03 19:24:25 [] DEBUG - 
    select
        u1_0.id,
        u1_0.email,
        u1_0.first_name,
        u1_0.last_name,
        u1_0.password 
    from
        users u1_0 
    where
        u1_0.email=?
2026-03-03 19:24:25 [] DEBUG - 
    select
        r1_0.id,
        r1_0.name 
    from
        roles r1_0 
    where
        r1_0.id=?
2026-03-03 19:24:25 [] DEBUG - 
    select
        u1_0.id,
        u1_0.email,
        u1_0.first_name,
        u1_0.last_name,
        u1_0.password 
    from
        users u1_0 
    where
        u1_0.email=?
2026-03-03 19:24:25 [] DEBUG - 
    select
        r1_0.id,
        r1_0.name 
    from
        roles r1_0 
    where
        r1_0.id=?
2026-03-03 19:24:25 [] DEBUG - 
    select
        u1_0.id,
        u1_0.email,
        u1_0.first_name,
        u1_0.last_name,
        u1_0.password 
    from
        users u1_0 
    where
        u1_0.email=?
2026-03-03 19:24:25 [] DEBUG - 
    select
        r1_0.id,
        r1_0.name 
    from
        roles r1_0 
    where
        r1_0.id=?
2026-03-03 19:24:25 [] INFO  - Could not detect default configuration classes for test class [com.site.webapp.controllers.TaskControllerTest]: TaskControllerTest does not declare any static, non-private, non-final, nested classes annotated with @Configuration.
2026-03-03 19:24:25 [] INFO  - Found @SpringBootConfiguration com.site.webapp.WebappApplication for test class com.site.webapp.controllers.TaskControllerTest
2026-03-03 19:24:25 [] DEBUG - 
    select
        nextval('tasks_seq')
2026-03-03 19:24:25 [] DEBUG - 
    insert 
    into
        tasks
        (artist_id, comment, deadline, priority, title, id) 
    values
        (?, ?, ?, ?, ?, ?)
2026-03-03 19:24:25 [] DEBUG - 
    select
        count(*) 
    from
        tasks t1_0
2026-03-03 19:24:25 [] DEBUG - 
    select
        u1_0.id,
        u1_0.email,
        u1_0.first_name,
        u1_0.last_name,
        u1_0.password 
    from
        users u1_0 
    where
        u1_0.email=?
2026-03-03 19:24:25 [] DEBUG - 
    select
        r1_0.id,
        r1_0.name 
    from
        roles r1_0 
    where
        r1_0.id=?
2026-03-03 19:24:25 [] DEBUG - 
    insert 
    into
        users
        (email, first_name, last_name, password) 
    values
        (?, ?, ?, ?)
2026-03-03 19:24:25 [] DEBUG - 
    insert 
    into
        tasks
        (artist_id, comment, deadline, priority, title, id) 
    values
        (?, ?, ?, ?, ?, ?)
2026-03-03 19:24:25 [] DEBUG - 
    insert 
    into
        user_roles
        (user_id, role_id) 
    values
        (?, ?)
2026-03-03 19:24:25 [] DEBUG - 
    select
        t1_0.id,
        t1_0.artist_id,
        t1_0.comment,
        t1_0.deadline,
        t1_0.priority,
        t1_0.title 
    from
        tasks t1_0 
    where
        t1_0.artist_id=?
2026-03-03 19:24:25 [] DEBUG - 
    select
        u1_0.id,
        u1_0.email,
        u1_0.first_name,
        u1_0.last_name,
        u1_0.password 
    from
        users u1_0
2026-03-03 19:24:25 [] DEBUG - 
    select
        r1_0.user_id,
        r1_1.id,
        r1_1.name 
    from
        user_roles r1_0 
    join
        roles r1_1 
            on r1_1.id=r1_0.role_id 
    where
        r1_0.user_id=?
2026-03-03 19:24:25 [] DEBUG - 
    select
        r1_0.user_id,
        r1_1.id,
        r1_1.name 
    from
        user_roles r1_0 
    join
        roles r1_1 
            on r1_1.id=r1_0.role_id 
    where
        r1_0.user_id=?
2026-03-03 19:24:25 [] DEBUG - 
    select
        r1_0.user_id,
        r1_1.id,
        r1_1.name 
    from
        user_roles r1_0 
    join
        roles r1_1 
            on r1_1.id=r1_0.role_id 
    where
        r1_0.user_id=?
2026-03-03 19:24:25 [] DEBUG - 
    select
        r1_0.user_id,
        r1_1.id,
        r1_1.name 
    from
        user_roles r1_0 
    join
        roles r1_1 
            on r1_1.id=r1_0.role_id 
    where
        r1_0.user_id=?
2026-03-03 19:24:25 [] INFO  - Could not detect default configuration classes for test class [com.site.webapp.repo.TasksRepositoryTest]: TasksRepositoryTest does not declare any static, non-private, non-final, nested classes annotated with @Configuration.
2026-03-03 19:24:25 [] INFO  - Found @SpringBootConfiguration com.site.webapp.WebappApplication for test class com.site.webapp.repo.TasksRepositoryTest
2026-03-03 19:24:25 [] DEBUG - 
    insert 
    into
        tasks
        (artist_id, comment, deadline, priority, title, id) 
    values
        (?, ?, ?, ?, ?, ?)
2026-03-03 19:24:25 [] DEBUG - 
    insert 
    into
        tasks
        (artist_id, comment, deadline, priority, title, id) 
    values
        (?, ?, ?, ?, ?, ?)
2026-03-03 19:24:26 [] DEBUG - 
    insert 
    into
        tasks
        (artist_id, comment, deadline, priority, title, id) 
    values
        (?, ?, ?, ?, ?, ?)
2026-03-03 19:24:26 [] DEBUG - 
    select
        t1_0.id,
        t1_0.artist_id,
        t1_0.comment,
        t1_0.deadline,
        t1_0.priority,
        t1_0.title 
    from
        tasks t1_0 
    order by
        t1_0.id desc
2026-03-03 19:24:26 [] DEBUG - 
    insert 
    into
        tasks
        (artist_id, comment, deadline, priority, title, id) 
    values
        (?, ?, ?, ?, ?, ?)
2026-03-03 19:24:26 [] DEBUG - 
    insert 
    into
        tasks
        (artist_id, comment, deadline, priority, title, id) 
    values
        (?, ?, ?, ?, ?, ?)
2026-03-03 19:24:26 [] DEBUG - 
    insert 
    into
        tasks
        (artist_id, comment, deadline, priority, title, id) 
    values
        (?, ?, ?, ?, ?, ?)
2026-03-03 19:24:26 [] DEBUG - 
    insert 
    into
        tasks
        (artist_id, comment, deadline, priority, title, id) 
    values
        (?, ?, ?, ?, ?, ?)
2026-03-03 19:24:26 [] DEBUG - 
    insert 
    into
        tasks
        (artist_id, comment, deadline, priority, title, id) 
    values
        (?, ?, ?, ?, ?, ?)
2026-03-03 19:24:26 [] DEBUG - 
    select
        t1_0.id,
        t1_0.artist_id,
        t1_0.comment,
        t1_0.deadline,
        t1_0.priority,
        t1_0.title 
    from
        tasks t1_0 
    order by
        t1_0.deadline desc
2026-03-03 19:24:26 [] DEBUG - 
    insert 
    into
        tasks
        (artist_id, comment, deadline, priority, title, id) 
    values
        (?, ?, ?, ?, ?, ?)
2026-03-03 19:24:26 [] DEBUG - 
    insert 
    into
        tasks
        (artist_id, comment, deadline, priority, title, id) 
    values
        (?, ?, ?, ?, ?, ?)
2026-03-03 19:24:26 [] DEBUG - 
    insert 
    into
        tasks
        (artist_id, comment, deadline, priority, title, id) 
    values
        (?, ?, ?, ?, ?, ?)
2026-03-03 19:24:26 [] DEBUG - 
    select
        t1_0.id,
        t1_0.artist_id,
        t1_0.comment,
        t1_0.deadline,
        t1_0.priority,
        t1_0.title 
    from
        tasks t1_0 
    order by
        t1_0.priority
2026-03-03 19:24:26 [] DEBUG - 
    insert 
    into
        tasks
        (artist_id, comment, deadline, priority, title, id) 
    values
        (?, ?, ?, ?, ?, ?)
2026-03-03 19:24:26 [] DEBUG - 
    insert 
    into
        tasks
        (artist_id, comment, deadline, priority, title, id) 
    values
        (?, ?, ?, ?, ?, ?)
2026-03-03 19:24:26 [] DEBUG - 
    insert 
    into
        tasks
        (artist_id, comment, deadline, priority, title, id) 
    values
        (?, ?, ?, ?, ?, ?)
2026-03-03 19:24:26 [] DEBUG - 
    select
        t1_0.id,
        t1_0.artist_id,
        t1_0.comment,
        t1_0.deadline,
        t1_0.priority,
        t1_0.title 
    from
        tasks t1_0 
    order by
        t1_0.id
2026-03-03 19:24:26 [] DEBUG - 
    insert 
    into
        tasks
        (artist_id, comment, deadline, priority, title, id) 
    values
        (?, ?, ?, ?, ?, ?)
2026-03-03 19:24:26 [] DEBUG - 
    insert 
    into
        tasks
        (artist_id, comment, deadline, priority, title, id) 
    values
        (?, ?, ?, ?, ?, ?)
2026-03-03 19:24:26 [] DEBUG - 
    insert 
    into
        tasks
        (artist_id, comment, deadline, priority, title, id) 
    values
        (?, ?, ?, ?, ?, ?)
2026-03-03 19:24:26 [] DEBUG - 
    select
        t1_0.id,
        t1_0.artist_id,
        t1_0.comment,
        t1_0.deadline,
        t1_0.priority,
        t1_0.title 
    from
        tasks t1_0 
    where
        t1_0.artist_id=?
2026-03-03 19:24:26 [] DEBUG - 
    select
        t1_0.id,
        t1_0.artist_id,
        t1_0.comment,
        t1_0.deadline,
        t1_0.priority,
        t1_0.title 
    from
        tasks t1_0 
    where
        t1_0.artist_id=?
2026-03-03 19:24:26 [] DEBUG - 
    select
        t1_0.id,
        t1_0.artist_id,
        t1_0.comment,
        t1_0.deadline,
        t1_0.priority,
        t1_0.title 
    from
        tasks t1_0 
    where
        t1_0.artist_id=?
2026-03-03 19:24:26 [] INFO  - Closing JPA EntityManagerFactory for persistence unit 'default'
2026-03-03 19:24:26 [] INFO  - HikariPool-1 - Shutdown initiated...
2026-03-03 19:24:26 [] INFO  - HikariPool-1 - Shutdown completed.
2026-03-03 19:25:58 [] INFO  - Starting WebappApplicationTests using Java 21.0.7 with PID 18468 (started by Дима in C:\Users\Дима\Downloads\webappII\webapp)
2026-03-03 19:25:58 [] DEBUG - Running with Spring Boot v4.0.0, Spring v7.0.1
2026-03-03 19:25:58 [] INFO  - No active profile set, falling back to 1 default profile: "default"
2026-03-03 19:25:59 [] INFO  - Bootstrapping Spring Data JPA repositories in DEFAULT mode.
2026-03-03 19:25:59 [] INFO  - Finished Spring Data repository scanning in 42 ms. Found 3 JPA repository interfaces.
2026-03-03 19:25:59 [] INFO  - HHH000204: Processing PersistenceUnitInfo [name: default]
2026-03-03 19:26:00 [] INFO  - HHH000412: Hibernate ORM core version 7.1.8.Final
2026-03-03 19:26:00 [] INFO  - No LoadTimeWeaver setup: ignoring JPA class transformer
2026-03-03 19:26:00 [] INFO  - HikariPool-1 - Starting...
2026-03-03 19:26:00 [] INFO  - HikariPool-1 - Added connection org.postgresql.jdbc.PgConnection@49639118
2026-03-03 19:26:00 [] INFO  - HikariPool-1 - Start completed.
2026-03-03 19:26:00 [] WARN  - HHH90000025: PostgreSQLDialect does not need to be specified explicitly using 'hibernate.dialect' (remove the property setting and it will be selected by default)
2026-03-03 19:26:00 [] INFO  - HHH10001005: Database info:
	Database JDBC URL [jdbc:postgresql://localhost:1408/tasks]
	Database driver: PostgreSQL JDBC Driver
	Database dialect: PostgreSQLDialect
	Database version: 16.2
	Default catalog/schema: tasks/public
	Autocommit mode: undefined/unknown
	Isolation level: READ_COMMITTED [default READ_COMMITTED]
	JDBC fetch size: none
	Pool: DatasourceConnectionProviderImpl
	Minimum pool size: undefined/unknown
	Maximum pool size: undefined/unknown
2026-03-03 19:26:01 [] INFO  - HHH000489: No JTA platform available (set 'hibernate.transaction.jta.platform' to enable JTA platform integration)
2026-03-03 19:26:01 [] INFO  - Initialized JPA EntityManagerFactory for persistence unit 'default'
2026-03-03 19:26:01 [] INFO  - Hibernate is in classpath; If applicable, HQL parser will be used.
2026-03-03 19:26:02 [] WARN  - spring.jpa.open-in-view is enabled by default. Therefore, database queries may be performed during view rendering. Explicitly configure spring.jpa.open-in-view to disable this warning
2026-03-03 19:26:02 [] INFO  - Global AuthenticationManager configured with AuthenticationProvider bean with name authenticationProvider
2026-03-03 19:26:02 [] WARN  - Global AuthenticationManager configured with an AuthenticationProvider bean. UserDetailsService beans will not be used by Spring Security for automatically configuring username/password login. Consider removing the AuthenticationProvider bean. Alternatively, consider using the UserDetailsService in a manually instantiated DaoAuthenticationProvider. If the current configuration is intentional, to turn off this warning, increase the logging level of 'org.springframework.security.config.annotation.authentication.configuration.InitializeUserDetailsBeanManagerConfigurer' to ERROR
2026-03-03 19:26:02 [] INFO  - Started WebappApplicationTests in 4.655 seconds (process running for 6.005)
2026-03-03 19:26:03 [] INFO  - Could not detect default configuration classes for test class [com.site.webapp.repo.UserRepositoryTest]: UserRepositoryTest does not declare any static, non-private, non-final, nested classes annotated with @Configuration.
2026-03-03 19:26:03 [] INFO  - Found @SpringBootConfiguration com.site.webapp.WebappApplication for test class com.site.webapp.repo.UserRepositoryTest
2026-03-03 19:26:03 [] DEBUG - 
    select
        u1_0.id,
        u1_0.email,
        u1_0.first_name,
        u1_0.last_name,
        u1_0.password 
    from
        users u1_0
2026-03-03 19:26:03 [] DEBUG - 
    select
        r1_0.user_id,
        r1_1.id,
        r1_1.name 
    from
        user_roles r1_0 
    join
        roles r1_1 
            on r1_1.id=r1_0.role_id 
    where
        r1_0.user_id=?
2026-03-03 19:26:03 [] DEBUG - 
    select
        r1_0.user_id,
        r1_1.id,
        r1_1.name 
    from
        user_roles r1_0 
    join
        roles r1_1 
            on r1_1.id=r1_0.role_id 
    where
        r1_0.user_id=?
2026-03-03 19:26:03 [] DEBUG - 
    select
        r1_0.user_id,
        r1_1.id,
        r1_1.name 
    from
        user_roles r1_0 
    join
        roles r1_1 
            on r1_1.id=r1_0.role_id 
    where
        r1_0.user_id=?
2026-03-03 19:26:03 [] DEBUG - 
    select
        r1_0.user_id,
        r1_1.id,
        r1_1.name 
    from
        user_roles r1_0 
    join
        roles r1_1 
            on r1_1.id=r1_0.role_id 
    where
        r1_0.user_id=?
2026-03-03 19:26:03 [] DEBUG - 
    insert 
    into
        users
        (email, first_name, last_name, password) 
    values
        (?, ?, ?, ?)
2026-03-03 19:26:04 [] DEBUG - 
    delete 
    from
        user_roles 
    where
        user_id=?
2026-03-03 19:26:04 [] DEBUG - 
    delete 
    from
        user_roles 
    where
        user_id=?
2026-03-03 19:26:04 [] DEBUG - 
    delete 
    from
        user_roles 
    where
        user_id=?
2026-03-03 19:26:04 [] DEBUG - 
    delete 
    from
        users 
    where
        id=?
2026-03-03 19:26:04 [] DEBUG - 
    delete 
    from
        users 
    where
        id=?
2026-03-03 19:26:04 [] DEBUG - 
    delete 
    from
        users 
    where
        id=?
2026-03-03 19:26:04 [] DEBUG - 
    delete 
    from
        users 
    where
        id=?
2026-03-03 19:26:04 [] DEBUG - 
    select
        u1_0.id,
        u1_0.email,
        u1_0.first_name,
        u1_0.last_name,
        u1_0.password 
    from
        users u1_0 
    where
        u1_0.email=?
2026-03-03 19:26:04 [] INFO  - Could not detect default configuration classes for test class [com.site.webapp.controllers.RegistrationControllerTest]: RegistrationControllerTest does not declare any static, non-private, non-final, nested classes annotated with @Configuration.
2026-03-03 19:26:04 [] INFO  - Found @SpringBootConfiguration com.site.webapp.WebappApplication for test class com.site.webapp.controllers.RegistrationControllerTest
2026-03-03 19:26:04 [] DEBUG - 
    select
        u1_0.id,
        u1_0.email,
        u1_0.first_name,
        u1_0.last_name,
        u1_0.password 
    from
        users u1_0 
    where
        u1_0.email=?
2026-03-03 19:26:04 [] DEBUG - 
    select
        r1_0.id,
        r1_0.name 
    from
        roles r1_0 
    where
        r1_0.id=?
2026-03-03 19:26:04 [] DEBUG - 
    insert 
    into
        users
        (email, first_name, last_name, password) 
    values
        (?, ?, ?, ?)
2026-03-03 19:26:04 [] DEBUG - 
    select
        u1_0.id,
        u1_0.email,
        u1_0.first_name,
        u1_0.last_name,
        u1_0.password 
    from
        users u1_0 
    where
        u1_0.email=?
2026-03-03 19:26:04 [] DEBUG - 
    select
        u1_0.id,
        u1_0.email,
        u1_0.first_name,
        u1_0.last_name,
        u1_0.password 
    from
        users u1_0 
    where
        u1_0.email=?
2026-03-03 19:26:04 [] INFO  - Could not detect default configuration classes for test class [com.site.webapp.service.UserServiceTest]: UserServiceTest does not declare any static, non-private, non-final, nested classes annotated with @Configuration.
2026-03-03 19:26:04 [] INFO  - Found @SpringBootConfiguration com.site.webapp.WebappApplication for test class com.site.webapp.service.UserServiceTest
2026-03-03 19:26:04 [] DEBUG - 
    select
        u1_0.id,
        u1_0.email,
        u1_0.first_name,
        u1_0.last_name,
        u1_0.password 
    from
        users u1_0 
    where
        u1_0.email=?
2026-03-03 19:26:04 [] DEBUG - 
    select
        r1_0.id,
        r1_0.name 
    from
        roles r1_0 
    where
        r1_0.id=?
2026-03-03 19:26:04 [] DEBUG - 
    select
        u1_0.id,
        u1_0.email,
        u1_0.first_name,
        u1_0.last_name,
        u1_0.password 
    from
        users u1_0 
    where
        u1_0.email=?
2026-03-03 19:26:04 [] DEBUG - 
    select
        r1_0.id,
        r1_0.name 
    from
        roles r1_0 
    where
        r1_0.id=?
2026-03-03 19:26:04 [] DEBUG - 
    select
        u1_0.id,
        u1_0.email,
        u1_0.first_name,
        u1_0.last_name,
        u1_0.password 
    from
        users u1_0 
    where
        u1_0.email=?
2026-03-03 19:26:04 [] DEBUG - 
    select
        r1_0.id,
        r1_0.name 
    from
        roles r1_0 
    where
        r1_0.id=?
2026-03-03 19:26:04 [] DEBUG - 
    select
        u1_0.id,
        u1_0.email,
        u1_0.first_name,
        u1_0.last_name,
        u1_0.password 
    from
        users u1_0 
    where
        u1_0.email=?
2026-03-03 19:26:04 [] DEBUG - 
    select
        r1_0.id,
        r1_0.name 
    from
        roles r1_0 
    where
        r1_0.id=?
2026-03-03 19:26:04 [] DEBUG - 
    select
        u1_0.id,
        u1_0.email,
        u1_0.first_name,
        u1_0.last_name,
        u1_0.password 
    from
        users u1_0 
    where
        u1_0.email=?
2026-03-03 19:26:04 [] DEBUG - 
    select
        r1_0.id,
        r1_0.name 
    from
        roles r1_0 
    where
        r1_0.id=?
2026-03-03 19:26:04 [] INFO  - Could not detect default configuration classes for test class [com.site.webapp.controllers.TaskControllerTest]: TaskControllerTest does not declare any static, non-private, non-final, nested classes annotated with @Configuration.
2026-03-03 19:26:04 [] INFO  - Found @SpringBootConfiguration com.site.webapp.WebappApplication for test class com.site.webapp.controllers.TaskControllerTest
2026-03-03 19:26:04 [] DEBUG - 
    select
        nextval('tasks_seq')
2026-03-03 19:26:04 [] DEBUG - 
    insert 
    into
        tasks
        (artist_id, comment, deadline, priority, title, id) 
    values
        (?, ?, ?, ?, ?, ?)
2026-03-03 19:26:04 [] DEBUG - 
    select
        count(*) 
    from
        tasks t1_0
2026-03-03 19:26:04 [] DEBUG - 
    select
        u1_0.id,
        u1_0.email,
        u1_0.first_name,
        u1_0.last_name,
        u1_0.password 
    from
        users u1_0 
    where
        u1_0.email=?
2026-03-03 19:26:04 [] DEBUG - 
    select
        r1_0.id,
        r1_0.name 
    from
        roles r1_0 
    where
        r1_0.id=?
2026-03-03 19:26:04 [] DEBUG - 
    insert 
    into
        users
        (email, first_name, last_name, password) 
    values
        (?, ?, ?, ?)
2026-03-03 19:26:04 [] DEBUG - 
    insert 
    into
        tasks
        (artist_id, comment, deadline, priority, title, id) 
    values
        (?, ?, ?, ?, ?, ?)
2026-03-03 19:26:04 [] DEBUG - 
    insert 
    into
        user_roles
        (user_id, role_id) 
    values
        (?, ?)
2026-03-03 19:26:04 [] DEBUG - 
    select
        t1_0.id,
        t1_0.artist_id,
        t1_0.comment,
        t1_0.deadline,
        t1_0.priority,
        t1_0.title 
    from
        tasks t1_0 
    where
        t1_0.artist_id=?
2026-03-03 19:26:04 [] DEBUG - 
    select
        u1_0.id,
        u1_0.email,
        u1_0.first_name,
        u1_0.last_name,
        u1_0.password 
    from
        users u1_0
2026-03-03 19:26:04 [] DEBUG - 
    select
        r1_0.user_id,
        r1_1.id,
        r1_1.name 
    from
        user_roles r1_0 
    join
        roles r1_1 
            on r1_1.id=r1_0.role_id 
    where
        r1_0.user_id=?
2026-03-03 19:26:04 [] DEBUG - 
    select
        r1_0.user_id,
        r1_1.id,
        r1_1.name 
    from
        user_roles r1_0 
    join
        roles r1_1 
            on r1_1.id=r1_0.role_id 
    where
        r1_0.user_id=?
2026-03-03 19:26:04 [] DEBUG - 
    select
        r1_0.user_id,
        r1_1.id,
        r1_1.name 
    from
        user_roles r1_0 
    join
        roles r1_1 
            on r1_1.id=r1_0.role_id 
    where
        r1_0.user_id=?
2026-03-03 19:26:04 [] DEBUG - 
    select
        r1_0.user_id,
        r1_1.id,
        r1_1.name 
    from
        user_roles r1_0 
    join
        roles r1_1 
            on r1_1.id=r1_0.role_id 
    where
        r1_0.user_id=?
2026-03-03 19:26:04 [] INFO  - Could not detect default configuration classes for test class [com.site.webapp.repo.TasksRepositoryTest]: TasksRepositoryTest does not declare any static, non-private, non-final, nested classes annotated with @Configuration.
2026-03-03 19:26:04 [] INFO  - Found @SpringBootConfiguration com.site.webapp.WebappApplication for test class com.site.webapp.repo.TasksRepositoryTest
2026-03-03 19:26:04 [] DEBUG - 
    insert 
    into
        tasks
        (artist_id, comment, deadline, priority, title, id) 
    values
        (?, ?, ?, ?, ?, ?)
2026-03-03 19:26:04 [] DEBUG - 
    insert 
    into
        tasks
        (artist_id, comment, deadline, priority, title, id) 
    values
        (?, ?, ?, ?, ?, ?)
2026-03-03 19:26:04 [] DEBUG - 
    insert 
    into
        tasks
        (artist_id, comment, deadline, priority, title, id) 
    values
        (?, ?, ?, ?, ?, ?)
2026-03-03 19:26:04 [] DEBUG - 
    insert 
    into
        tasks
        (artist_id, comment, deadline, priority, title, id) 
    values
        (?, ?, ?, ?, ?, ?)
2026-03-03 19:26:04 [] DEBUG - 
    select
        t1_0.id,
        t1_0.artist_id,
        t1_0.comment,
        t1_0.deadline,
        t1_0.priority,
        t1_0.title 
    from
        tasks t1_0 
    order by
        t1_0.id desc
2026-03-03 19:26:04 [] DEBUG - 
    insert 
    into
        tasks
        (artist_id, comment, deadline, priority, title, id) 
    values
        (?, ?, ?, ?, ?, ?)
2026-03-03 19:26:04 [] DEBUG - 
    insert 
    into
        tasks
        (artist_id, comment, deadline, priority, title, id) 
    values
        (?, ?, ?, ?, ?, ?)
2026-03-03 19:26:04 [] DEBUG - 
    insert 
    into
        tasks
        (artist_id, comment, deadline, priority, title, id) 
    values
        (?, ?, ?, ?, ?, ?)
2026-03-03 19:26:04 [] DEBUG - 
    insert 
    into
        tasks
        (artist_id, comment, deadline, priority, title, id) 
    values
        (?, ?, ?, ?, ?, ?)
2026-03-03 19:26:04 [] DEBUG - 
    insert 
    into
        tasks
        (artist_id, comment, deadline, priority, title, id) 
    values
        (?, ?, ?, ?, ?, ?)
2026-03-03 19:26:04 [] DEBUG - 
    insert 
    into
        tasks
        (artist_id, comment, deadline, priority, title, id) 
    values
        (?, ?, ?, ?, ?, ?)
2026-03-03 19:26:04 [] DEBUG - 
    select
        t1_0.id,
        t1_0.artist_id,
        t1_0.comment,
        t1_0.deadline,
        t1_0.priority,
        t1_0.title 
    from
        tasks t1_0 
    order by
        t1_0.deadline desc
2026-03-03 19:26:04 [] DEBUG - 
    insert 
    into
        tasks
        (artist_id, comment, deadline, priority, title, id) 
    values
        (?, ?, ?, ?, ?, ?)
2026-03-03 19:26:04 [] DEBUG - 
    insert 
    into
        tasks
        (artist_id, comment, deadline, priority, title, id) 
    values
        (?, ?, ?, ?, ?, ?)
2026-03-03 19:26:04 [] DEBUG - 
    insert 
    into
        tasks
        (artist_id, comment, deadline, priority, title, id) 
    values
        (?, ?, ?, ?, ?, ?)
2026-03-03 19:26:04 [] DEBUG - 
    insert 
    into
        tasks
        (artist_id, comment, deadline, priority, title, id) 
    values
        (?, ?, ?, ?, ?, ?)
2026-03-03 19:26:04 [] DEBUG - 
    select
        t1_0.id,
        t1_0.artist_id,
        t1_0.comment,
        t1_0.deadline,
        t1_0.priority,
        t1_0.title 
    from
        tasks t1_0 
    order by
        t1_0.priority
2026-03-03 19:26:04 [] DEBUG - 
    insert 
    into
        tasks
        (artist_id, comment, deadline, priority, title, id) 
    values
        (?, ?, ?, ?, ?, ?)
2026-03-03 19:26:04 [] DEBUG - 
    insert 
    into
        tasks
        (artist_id, comment, deadline, priority, title, id) 
    values
        (?, ?, ?, ?, ?, ?)
2026-03-03 19:26:04 [] DEBUG - 
    insert 
    into
        tasks
        (artist_id, comment, deadline, priority, title, id) 
    values
        (?, ?, ?, ?, ?, ?)
2026-03-03 19:26:04 [] DEBUG - 
    insert 
    into
        tasks
        (artist_id, comment, deadline, priority, title, id) 
    values
        (?, ?, ?, ?, ?, ?)
2026-03-03 19:26:04 [] DEBUG - 
    select
        t1_0.id,
        t1_0.artist_id,
        t1_0.comment,
        t1_0.deadline,
        t1_0.priority,
        t1_0.title 
    from
        tasks t1_0 
    order by
        t1_0.id
2026-03-03 19:26:04 [] DEBUG - 
    insert 
    into
        tasks
        (artist_id, comment, deadline, priority, title, id) 
    values
        (?, ?, ?, ?, ?, ?)
2026-03-03 19:26:04 [] DEBUG - 
    insert 
    into
        tasks
        (artist_id, comment, deadline, priority, title, id) 
    values
        (?, ?, ?, ?, ?, ?)
2026-03-03 19:26:04 [] DEBUG - 
    insert 
    into
        tasks
        (artist_id, comment, deadline, priority, title, id) 
    values
        (?, ?, ?, ?, ?, ?)
2026-03-03 19:26:04 [] DEBUG - 
    insert 
    into
        tasks
        (artist_id, comment, deadline, priority, title, id) 
    values
        (?, ?, ?, ?, ?, ?)
2026-03-03 19:26:04 [] DEBUG - 
    select
        t1_0.id,
        t1_0.artist_id,
        t1_0.comment,
        t1_0.deadline,
        t1_0.priority,
        t1_0.title 
    from
        tasks t1_0 
    where
        t1_0.artist_id=?
2026-03-03 19:26:04 [] DEBUG - 
    select
        t1_0.id,
        t1_0.artist_id,
        t1_0.comment,
        t1_0.deadline,
        t1_0.priority,
        t1_0.title 
    from
        tasks t1_0 
    where
        t1_0.artist_id=?
2026-03-03 19:26:04 [] DEBUG - 
    select
        t1_0.id,
        t1_0.artist_id,
        t1_0.comment,
        t1_0.deadline,
        t1_0.priority,
        t1_0.title 
    from
        tasks t1_0 
    where
        t1_0.artist_id=?
2026-03-03 19:26:04 [] INFO  - Closing JPA EntityManagerFactory for persistence unit 'default'
2026-03-03 19:26:04 [] INFO  - HikariPool-1 - Shutdown initiated...
2026-03-03 19:26:04 [] INFO  - HikariPool-1 - Shutdown completed.
2026-03-03 19:27:52 [] INFO  - Starting WebappApplicationTests using Java 21.0.7 with PID 5188 (started by Дима in C:\Users\Дима\Downloads\webappII\webapp)
2026-03-03 19:27:52 [] DEBUG - Running with Spring Boot v4.0.0, Spring v7.0.1
2026-03-03 19:27:52 [] INFO  - No active profile set, falling back to 1 default profile: "default"
2026-03-03 19:27:53 [] INFO  - Bootstrapping Spring Data JPA repositories in DEFAULT mode.
2026-03-03 19:27:53 [] INFO  - Finished Spring Data repository scanning in 48 ms. Found 3 JPA repository interfaces.
2026-03-03 19:27:53 [] INFO  - HHH000204: Processing PersistenceUnitInfo [name: default]
2026-03-03 19:27:53 [] INFO  - HHH000412: Hibernate ORM core version 7.1.8.Final
2026-03-03 19:27:54 [] INFO  - No LoadTimeWeaver setup: ignoring JPA class transformer
2026-03-03 19:27:54 [] INFO  - HikariPool-1 - Starting...
2026-03-03 19:27:54 [] INFO  - HikariPool-1 - Added connection org.postgresql.jdbc.PgConnection@6843fdc4
2026-03-03 19:27:54 [] INFO  - HikariPool-1 - Start completed.
2026-03-03 19:27:54 [] WARN  - HHH90000025: PostgreSQLDialect does not need to be specified explicitly using 'hibernate.dialect' (remove the property setting and it will be selected by default)
2026-03-03 19:27:54 [] INFO  - HHH10001005: Database info:
	Database JDBC URL [jdbc:postgresql://localhost:1408/tasks]
	Database driver: PostgreSQL JDBC Driver
	Database dialect: PostgreSQLDialect
	Database version: 16.2
	Default catalog/schema: tasks/public
	Autocommit mode: undefined/unknown
	Isolation level: READ_COMMITTED [default READ_COMMITTED]
	JDBC fetch size: none
	Pool: DatasourceConnectionProviderImpl
	Minimum pool size: undefined/unknown
	Maximum pool size: undefined/unknown
2026-03-03 19:27:55 [] INFO  - HHH000489: No JTA platform available (set 'hibernate.transaction.jta.platform' to enable JTA platform integration)
2026-03-03 19:27:55 [] INFO  - Initialized JPA EntityManagerFactory for persistence unit 'default'
2026-03-03 19:27:55 [] INFO  - Hibernate is in classpath; If applicable, HQL parser will be used.
2026-03-03 19:27:55 [] WARN  - spring.jpa.open-in-view is enabled by default. Therefore, database queries may be performed during view rendering. Explicitly configure spring.jpa.open-in-view to disable this warning
2026-03-03 19:27:55 [] INFO  - Global AuthenticationManager configured with AuthenticationProvider bean with name authenticationProvider
2026-03-03 19:27:55 [] WARN  - Global AuthenticationManager configured with an AuthenticationProvider bean. UserDetailsService beans will not be used by Spring Security for automatically configuring username/password login. Consider removing the AuthenticationProvider bean. Alternatively, consider using the UserDetailsService in a manually instantiated DaoAuthenticationProvider. If the current configuration is intentional, to turn off this warning, increase the logging level of 'org.springframework.security.config.annotation.authentication.configuration.InitializeUserDetailsBeanManagerConfigurer' to ERROR
2026-03-03 19:27:56 [] INFO  - Started WebappApplicationTests in 4.362 seconds (process running for 5.738)
2026-03-03 19:27:56 [] INFO  - Could not detect default configuration classes for test class [com.site.webapp.repo.UserRepositoryTest]: UserRepositoryTest does not declare any static, non-private, non-final, nested classes annotated with @Configuration.
2026-03-03 19:27:56 [] INFO  - Found @SpringBootConfiguration com.site.webapp.WebappApplication for test class com.site.webapp.repo.UserRepositoryTest
2026-03-03 19:27:56 [] DEBUG - 
    select
        u1_0.id,
        u1_0.email,
        u1_0.first_name,
        u1_0.last_name,
        u1_0.password 
    from
        users u1_0
2026-03-03 19:27:56 [] DEBUG - 
    select
        r1_0.user_id,
        r1_1.id,
        r1_1.name 
    from
        user_roles r1_0 
    join
        roles r1_1 
            on r1_1.id=r1_0.role_id 
    where
        r1_0.user_id=?
2026-03-03 19:27:56 [] DEBUG - 
    select
        r1_0.user_id,
        r1_1.id,
        r1_1.name 
    from
        user_roles r1_0 
    join
        roles r1_1 
            on r1_1.id=r1_0.role_id 
    where
        r1_0.user_id=?
2026-03-03 19:27:56 [] DEBUG - 
    select
        r1_0.user_id,
        r1_1.id,
        r1_1.name 
    from
        user_roles r1_0 
    join
        roles r1_1 
            on r1_1.id=r1_0.role_id 
    where
        r1_0.user_id=?
2026-03-03 19:27:56 [] DEBUG - 
    select
        r1_0.user_id,
        r1_1.id,
        r1_1.name 
    from
        user_roles r1_0 
    join
        roles r1_1 
            on r1_1.id=r1_0.role_id 
    where
        r1_0.user_id=?
2026-03-03 19:27:57 [] DEBUG - 
    insert 
    into
        users
        (email, first_name, last_name, password) 
    values
        (?, ?, ?, ?)
2026-03-03 19:27:57 [] DEBUG - 
    delete 
    from
        user_roles 
    where
        user_id=?
2026-03-03 19:27:57 [] DEBUG - 
    delete 
    from
        user_roles 
    where
        user_id=?
2026-03-03 19:27:57 [] DEBUG - 
    delete 
    from
        user_roles 
    where
        user_id=?
2026-03-03 19:27:57 [] DEBUG - 
    delete 
    from
        users 
    where
        id=?
2026-03-03 19:27:57 [] DEBUG - 
    delete 
    from
        users 
    where
        id=?
2026-03-03 19:27:57 [] DEBUG - 
    delete 
    from
        users 
    where
        id=?
2026-03-03 19:27:57 [] DEBUG - 
    delete 
    from
        users 
    where
        id=?
2026-03-03 19:27:57 [] DEBUG - 
    select
        u1_0.id,
        u1_0.email,
        u1_0.first_name,
        u1_0.last_name,
        u1_0.password 
    from
        users u1_0 
    where
        u1_0.email=?
2026-03-03 19:27:57 [] INFO  - Could not detect default configuration classes for test class [com.site.webapp.controllers.RegistrationControllerTest]: RegistrationControllerTest does not declare any static, non-private, non-final, nested classes annotated with @Configuration.
2026-03-03 19:27:57 [] INFO  - Found @SpringBootConfiguration com.site.webapp.WebappApplication for test class com.site.webapp.controllers.RegistrationControllerTest
2026-03-03 19:27:57 [] DEBUG - 
    select
        u1_0.id,
        u1_0.email,
        u1_0.first_name,
        u1_0.last_name,
        u1_0.password 
    from
        users u1_0 
    where
        u1_0.email=?
2026-03-03 19:27:57 [] DEBUG - 
    select
        r1_0.id,
        r1_0.name 
    from
        roles r1_0 
    where
        r1_0.id=?
2026-03-03 19:27:57 [] DEBUG - 
    insert 
    into
        users
        (email, first_name, last_name, password) 
    values
        (?, ?, ?, ?)
2026-03-03 19:27:57 [] DEBUG - 
    select
        u1_0.id,
        u1_0.email,
        u1_0.first_name,
        u1_0.last_name,
        u1_0.password 
    from
        users u1_0 
    where
        u1_0.email=?
2026-03-03 19:27:57 [] DEBUG - 
    select
        u1_0.id,
        u1_0.email,
        u1_0.first_name,
        u1_0.last_name,
        u1_0.password 
    from
        users u1_0 
    where
        u1_0.email=?
2026-03-03 19:27:57 [] INFO  - Could not detect default configuration classes for test class [com.site.webapp.service.UserServiceTest]: UserServiceTest does not declare any static, non-private, non-final, nested classes annotated with @Configuration.
2026-03-03 19:27:57 [] INFO  - Found @SpringBootConfiguration com.site.webapp.WebappApplication for test class com.site.webapp.service.UserServiceTest
2026-03-03 19:27:57 [] DEBUG - 
    select
        u1_0.id,
        u1_0.email,
        u1_0.first_name,
        u1_0.last_name,
        u1_0.password 
    from
        users u1_0 
    where
        u1_0.email=?
2026-03-03 19:27:57 [] DEBUG - 
    select
        r1_0.id,
        r1_0.name 
    from
        roles r1_0 
    where
        r1_0.id=?
2026-03-03 19:27:57 [] DEBUG - 
    insert 
    into
        users
        (email, first_name, last_name, password) 
    values
        (?, ?, ?, ?)
2026-03-03 19:27:57 [] DEBUG - 
    select
        u1_0.id,
        u1_0.email,
        u1_0.first_name,
        u1_0.last_name,
        u1_0.password 
    from
        users u1_0 
    where
        u1_0.email=?
2026-03-03 19:27:57 [] DEBUG - 
    select
        u1_0.id,
        u1_0.email,
        u1_0.first_name,
        u1_0.last_name,
        u1_0.password 
    from
        users u1_0 
    where
        u1_0.email=?
2026-03-03 19:27:57 [] DEBUG - 
    select
        r1_0.id,
        r1_0.name 
    from
        roles r1_0 
    where
        r1_0.id=?
2026-03-03 19:27:57 [] DEBUG - 
    insert 
    into
        users
        (email, first_name, last_name, password) 
    values
        (?, ?, ?, ?)
2026-03-03 19:27:57 [] DEBUG - 
    select
        u1_0.id,
        u1_0.email,
        u1_0.first_name,
        u1_0.last_name,
        u1_0.password 
    from
        users u1_0 
    where
        u1_0.email=?
2026-03-03 19:27:57 [] DEBUG - 
    select
        r1_0.id,
        r1_0.name 
    from
        roles r1_0 
    where
        r1_0.id=?
2026-03-03 19:27:57 [] DEBUG - 
    insert 
    into
        users
        (email, first_name, last_name, password) 
    values
        (?, ?, ?, ?)
2026-03-03 19:27:57 [] DEBUG - 
    select
        u1_0.id,
        u1_0.email,
        u1_0.first_name,
        u1_0.last_name,
        u1_0.password 
    from
        users u1_0 
    where
        u1_0.email=?
2026-03-03 19:27:57 [] DEBUG - 
    select
        u1_0.id,
        u1_0.email,
        u1_0.first_name,
        u1_0.last_name,
        u1_0.password 
    from
        users u1_0 
    where
        u1_0.email=?
2026-03-03 19:27:57 [] DEBUG - 
    select
        r1_0.id,
        r1_0.name 
    from
        roles r1_0 
    where
        r1_0.id=?
2026-03-03 19:27:57 [] DEBUG - 
    insert 
    into
        users
        (email, first_name, last_name, password) 
    values
        (?, ?, ?, ?)
2026-03-03 19:27:57 [] DEBUG - 
    select
        u1_0.id,
        u1_0.email,
        u1_0.first_name,
        u1_0.last_name,
        u1_0.password 
    from
        users u1_0 
    where
        u1_0.email=?
2026-03-03 19:27:57 [] DEBUG - 
    select
        u1_0.id,
        u1_0.email,
        u1_0.first_name,
        u1_0.last_name,
        u1_0.password 
    from
        users u1_0 
    where
        u1_0.email=?
2026-03-03 19:27:57 [] DEBUG - 
    select
        r1_0.id,
        r1_0.name 
    from
        roles r1_0 
    where
        r1_0.id=?
2026-03-03 19:27:57 [] DEBUG - 
    insert 
    into
        users
        (email, first_name, last_name, password) 
    values
        (?, ?, ?, ?)
2026-03-03 19:27:57 [] INFO  - Could not detect default configuration classes for test class [com.site.webapp.controllers.TaskControllerTest]: TaskControllerTest does not declare any static, non-private, non-final, nested classes annotated with @Configuration.
2026-03-03 19:27:57 [] INFO  - Found @SpringBootConfiguration com.site.webapp.WebappApplication for test class com.site.webapp.controllers.TaskControllerTest
2026-03-03 19:27:57 [] DEBUG - 
    select
        nextval('tasks_seq')
2026-03-03 19:27:57 [] DEBUG - 
    insert 
    into
        tasks
        (artist_id, comment, deadline, priority, title, id) 
    values
        (?, ?, ?, ?, ?, ?)
2026-03-03 19:27:57 [] DEBUG - 
    select
        count(*) 
    from
        tasks t1_0
2026-03-03 19:27:57 [] DEBUG - 
    select
        u1_0.id,
        u1_0.email,
        u1_0.first_name,
        u1_0.last_name,
        u1_0.password 
    from
        users u1_0 
    where
        u1_0.email=?
2026-03-03 19:27:57 [] DEBUG - 
    select
        r1_0.id,
        r1_0.name 
    from
        roles r1_0 
    where
        r1_0.id=?
2026-03-03 19:27:57 [] DEBUG - 
    insert 
    into
        users
        (email, first_name, last_name, password) 
    values
        (?, ?, ?, ?)
2026-03-03 19:27:57 [] DEBUG - 
    insert 
    into
        tasks
        (artist_id, comment, deadline, priority, title, id) 
    values
        (?, ?, ?, ?, ?, ?)
2026-03-03 19:27:57 [] DEBUG - 
    insert 
    into
        user_roles
        (user_id, role_id) 
    values
        (?, ?)
2026-03-03 19:27:57 [] DEBUG - 
    select
        t1_0.id,
        t1_0.artist_id,
        t1_0.comment,
        t1_0.deadline,
        t1_0.priority,
        t1_0.title 
    from
        tasks t1_0 
    where
        t1_0.artist_id=?
2026-03-03 19:27:58 [] DEBUG - 
    select
        u1_0.id,
        u1_0.email,
        u1_0.first_name,
        u1_0.last_name,
        u1_0.password 
    from
        users u1_0
2026-03-03 19:27:58 [] DEBUG - 
    select
        r1_0.user_id,
        r1_1.id,
        r1_1.name 
    from
        user_roles r1_0 
    join
        roles r1_1 
            on r1_1.id=r1_0.role_id 
    where
        r1_0.user_id=?
2026-03-03 19:27:58 [] DEBUG - 
    select
        r1_0.user_id,
        r1_1.id,
        r1_1.name 
    from
        user_roles r1_0 
    join
        roles r1_1 
            on r1_1.id=r1_0.role_id 
    where
        r1_0.user_id=?
2026-03-03 19:27:58 [] DEBUG - 
    select
        r1_0.user_id,
        r1_1.id,
        r1_1.name 
    from
        user_roles r1_0 
    join
        roles r1_1 
            on r1_1.id=r1_0.role_id 
    where
        r1_0.user_id=?
2026-03-03 19:27:58 [] DEBUG - 
    select
        r1_0.user_id,
        r1_1.id,
        r1_1.name 
    from
        user_roles r1_0 
    join
        roles r1_1 
            on r1_1.id=r1_0.role_id 
    where
        r1_0.user_id=?
2026-03-03 19:27:58 [] INFO  - Could not detect default configuration classes for test class [com.site.webapp.repo.TasksRepositoryTest]: TasksRepositoryTest does not declare any static, non-private, non-final, nested classes annotated with @Configuration.
2026-03-03 19:27:58 [] INFO  - Found @SpringBootConfiguration com.site.webapp.WebappApplication for test class com.site.webapp.repo.TasksRepositoryTest
2026-03-03 19:27:58 [] DEBUG - 
    insert 
    into
        tasks
        (artist_id, comment, deadline, priority, title, id) 
    values
        (?, ?, ?, ?, ?, ?)
2026-03-03 19:27:58 [] DEBUG - 
    insert 
    into
        tasks
        (artist_id, comment, deadline, priority, title, id) 
    values
        (?, ?, ?, ?, ?, ?)
2026-03-03 19:27:58 [] DEBUG - 
    insert 
    into
        tasks
        (artist_id, comment, deadline, priority, title, id) 
    values
        (?, ?, ?, ?, ?, ?)
2026-03-03 19:27:58 [] DEBUG - 
    insert 
    into
        tasks
        (artist_id, comment, deadline, priority, title, id) 
    values
        (?, ?, ?, ?, ?, ?)
2026-03-03 19:27:58 [] DEBUG - 
    select
        t1_0.id,
        t1_0.artist_id,
        t1_0.comment,
        t1_0.deadline,
        t1_0.priority,
        t1_0.title 
    from
        tasks t1_0 
    order by
        t1_0.id desc
2026-03-03 19:27:58 [] DEBUG - 
    insert 
    into
        tasks
        (artist_id, comment, deadline, priority, title, id) 
    values
        (?, ?, ?, ?, ?, ?)
2026-03-03 19:27:58 [] DEBUG - 
    insert 
    into
        tasks
        (artist_id, comment, deadline, priority, title, id) 
    values
        (?, ?, ?, ?, ?, ?)
2026-03-03 19:27:58 [] DEBUG - 
    insert 
    into
        tasks
        (artist_id, comment, deadline, priority, title, id) 
    values
        (?, ?, ?, ?, ?, ?)
2026-03-03 19:27:58 [] DEBUG - 
    insert 
    into
        tasks
        (artist_id, comment, deadline, priority, title, id) 
    values
        (?, ?, ?, ?, ?, ?)
2026-03-03 19:27:58 [] DEBUG - 
    insert 
    into
        tasks
        (artist_id, comment, deadline, priority, title, id) 
    values
        (?, ?, ?, ?, ?, ?)
2026-03-03 19:27:58 [] DEBUG - 
    insert 
    into
        tasks
        (artist_id, comment, deadline, priority, title, id) 
    values
        (?, ?, ?, ?, ?, ?)
2026-03-03 19:27:58 [] DEBUG - 
    select
        t1_0.id,
        t1_0.artist_id,
        t1_0.comment,
        t1_0.deadline,
        t1_0.priority,
        t1_0.title 
    from
        tasks t1_0 
    order by
        t1_0.deadline desc
2026-03-03 19:27:58 [] DEBUG - 
    insert 
    into
        tasks
        (artist_id, comment, deadline, priority, title, id) 
    values
        (?, ?, ?, ?, ?, ?)
2026-03-03 19:27:58 [] DEBUG - 
    insert 
    into
        tasks
        (artist_id, comment, deadline, priority, title, id) 
    values
        (?, ?, ?, ?, ?, ?)
2026-03-03 19:27:58 [] DEBUG - 
    insert 
    into
        tasks
        (artist_id, comment, deadline, priority, title, id) 
    values
        (?, ?, ?, ?, ?, ?)
2026-03-03 19:27:58 [] DEBUG - 
    insert 
    into
        tasks
        (artist_id, comment, deadline, priority, title, id) 
    values
        (?, ?, ?, ?, ?, ?)
2026-03-03 19:27:58 [] DEBUG - 
    select
        t1_0.id,
        t1_0.artist_id,
        t1_0.comment,
        t1_0.deadline,
        t1_0.priority,
        t1_0.title 
    from
        tasks t1_0 
    order by
        t1_0.priority
2026-03-03 19:27:58 [] DEBUG - 
    insert 
    into
        tasks
        (artist_id, comment, deadline, priority, title, id) 
    values
        (?, ?, ?, ?, ?, ?)
2026-03-03 19:27:58 [] DEBUG - 
    insert 
    into
        tasks
        (artist_id, comment, deadline, priority, title, id) 
    values
        (?, ?, ?, ?, ?, ?)
2026-03-03 19:27:58 [] DEBUG - 
    insert 
    into
        tasks
        (artist_id, comment, deadline, priority, title, id) 
    values
        (?, ?, ?, ?, ?, ?)
2026-03-03 19:27:58 [] DEBUG - 
    insert 
    into
        tasks
        (artist_id, comment, deadline, priority, title, id) 
    values
        (?, ?, ?, ?, ?, ?)
2026-03-03 19:27:58 [] DEBUG - 
    select
        t1_0.id,
        t1_0.artist_id,
        t1_0.comment,
        t1_0.deadline,
        t1_0.priority,
        t1_0.title 
    from
        tasks t1_0 
    order by
        t1_0.id
2026-03-03 19:27:58 [] DEBUG - 
    insert 
    into
        tasks
        (artist_id, comment, deadline, priority, title, id) 
    values
        (?, ?, ?, ?, ?, ?)
2026-03-03 19:27:58 [] DEBUG - 
    insert 
    into
        tasks
        (artist_id, comment, deadline, priority, title, id) 
    values
        (?, ?, ?, ?, ?, ?)
2026-03-03 19:27:58 [] DEBUG - 
    insert 
    into
        tasks
        (artist_id, comment, deadline, priority, title, id) 
    values
        (?, ?, ?, ?, ?, ?)
2026-03-03 19:27:58 [] DEBUG - 
    insert 
    into
        tasks
        (artist_id, comment, deadline, priority, title, id) 
    values
        (?, ?, ?, ?, ?, ?)
2026-03-03 19:27:58 [] DEBUG - 
    select
        t1_0.id,
        t1_0.artist_id,
        t1_0.comment,
        t1_0.deadline,
        t1_0.priority,
        t1_0.title 
    from
        tasks t1_0 
    where
        t1_0.artist_id=?
2026-03-03 19:27:58 [] DEBUG - 
    select
        t1_0.id,
        t1_0.artist_id,
        t1_0.comment,
        t1_0.deadline,
        t1_0.priority,
        t1_0.title 
    from
        tasks t1_0 
    where
        t1_0.artist_id=?
2026-03-03 19:27:58 [] DEBUG - 
    select
        t1_0.id,
        t1_0.artist_id,
        t1_0.comment,
        t1_0.deadline,
        t1_0.priority,
        t1_0.title 
    from
        tasks t1_0 
    where
        t1_0.artist_id=?
2026-03-03 19:27:58 [] INFO  - Closing JPA EntityManagerFactory for persistence unit 'default'
2026-03-03 19:27:58 [] INFO  - HikariPool-1 - Shutdown initiated...
2026-03-03 19:27:58 [] INFO  - HikariPool-1 - Shutdown completed.
2026-03-03 19:29:47 [] INFO  - Starting WebappApplicationTests using Java 21.0.7 with PID 18584 (started by Дима in C:\Users\Дима\Downloads\webappII\webapp)
2026-03-03 19:29:47 [] DEBUG - Running with Spring Boot v4.0.0, Spring v7.0.1
2026-03-03 19:29:47 [] INFO  - No active profile set, falling back to 1 default profile: "default"
2026-03-03 19:29:47 [] INFO  - Bootstrapping Spring Data JPA repositories in DEFAULT mode.
2026-03-03 19:29:47 [] INFO  - Finished Spring Data repository scanning in 43 ms. Found 3 JPA repository interfaces.
2026-03-03 19:29:48 [] INFO  - HHH000204: Processing PersistenceUnitInfo [name: default]
2026-03-03 19:29:48 [] INFO  - HHH000412: Hibernate ORM core version 7.1.8.Final
2026-03-03 19:29:48 [] INFO  - No LoadTimeWeaver setup: ignoring JPA class transformer
2026-03-03 19:29:48 [] INFO  - HikariPool-1 - Starting...
2026-03-03 19:29:48 [] INFO  - HikariPool-1 - Added connection org.postgresql.jdbc.PgConnection@59b1edab
2026-03-03 19:29:49 [] INFO  - HikariPool-1 - Start completed.
2026-03-03 19:29:49 [] WARN  - HHH90000025: PostgreSQLDialect does not need to be specified explicitly using 'hibernate.dialect' (remove the property setting and it will be selected by default)
2026-03-03 19:29:49 [] INFO  - HHH10001005: Database info:
	Database JDBC URL [jdbc:postgresql://localhost:1408/tasks]
	Database driver: PostgreSQL JDBC Driver
	Database dialect: PostgreSQLDialect
	Database version: 16.2
	Default catalog/schema: tasks/public
	Autocommit mode: undefined/unknown
	Isolation level: READ_COMMITTED [default READ_COMMITTED]
	JDBC fetch size: none
	Pool: DatasourceConnectionProviderImpl
	Minimum pool size: undefined/unknown
	Maximum pool size: undefined/unknown
2026-03-03 19:29:49 [] INFO  - HHH000489: No JTA platform available (set 'hibernate.transaction.jta.platform' to enable JTA platform integration)
2026-03-03 19:29:50 [] INFO  - Initialized JPA EntityManagerFactory for persistence unit 'default'
2026-03-03 19:29:50 [] INFO  - Hibernate is in classpath; If applicable, HQL parser will be used.
2026-03-03 19:29:50 [] WARN  - spring.jpa.open-in-view is enabled by default. Therefore, database queries may be performed during view rendering. Explicitly configure spring.jpa.open-in-view to disable this warning
2026-03-03 19:29:50 [] INFO  - Global AuthenticationManager configured with AuthenticationProvider bean with name authenticationProvider
2026-03-03 19:29:50 [] WARN  - Global AuthenticationManager configured with an AuthenticationProvider bean. UserDetailsService beans will not be used by Spring Security for automatically configuring username/password login. Consider removing the AuthenticationProvider bean. Alternatively, consider using the UserDetailsService in a manually instantiated DaoAuthenticationProvider. If the current configuration is intentional, to turn off this warning, increase the logging level of 'org.springframework.security.config.annotation.authentication.configuration.InitializeUserDetailsBeanManagerConfigurer' to ERROR
2026-03-03 19:29:51 [] INFO  - Started WebappApplicationTests in 4.37 seconds (process running for 5.722)
2026-03-03 19:29:51 [] INFO  - Could not detect default configuration classes for test class [com.site.webapp.repo.UserRepositoryTest]: UserRepositoryTest does not declare any static, non-private, non-final, nested classes annotated with @Configuration.
2026-03-03 19:29:51 [] INFO  - Found @SpringBootConfiguration com.site.webapp.WebappApplication for test class com.site.webapp.repo.UserRepositoryTest
2026-03-03 19:29:51 [] DEBUG - 
    select
        u1_0.id,
        u1_0.email,
        u1_0.first_name,
        u1_0.last_name,
        u1_0.password 
    from
        users u1_0
2026-03-03 19:29:51 [] DEBUG - 
    select
        r1_0.user_id,
        r1_1.id,
        r1_1.name 
    from
        user_roles r1_0 
    join
        roles r1_1 
            on r1_1.id=r1_0.role_id 
    where
        r1_0.user_id=?
2026-03-03 19:29:51 [] DEBUG - 
    select
        r1_0.user_id,
        r1_1.id,
        r1_1.name 
    from
        user_roles r1_0 
    join
        roles r1_1 
            on r1_1.id=r1_0.role_id 
    where
        r1_0.user_id=?
2026-03-03 19:29:51 [] DEBUG - 
    select
        r1_0.user_id,
        r1_1.id,
        r1_1.name 
    from
        user_roles r1_0 
    join
        roles r1_1 
            on r1_1.id=r1_0.role_id 
    where
        r1_0.user_id=?
2026-03-03 19:29:51 [] DEBUG - 
    select
        r1_0.user_id,
        r1_1.id,
        r1_1.name 
    from
        user_roles r1_0 
    join
        roles r1_1 
            on r1_1.id=r1_0.role_id 
    where
        r1_0.user_id=?
2026-03-03 19:29:51 [] DEBUG - 
    insert 
    into
        users
        (email, first_name, last_name, password) 
    values
        (?, ?, ?, ?)
2026-03-03 19:29:52 [] DEBUG - 
    delete 
    from
        user_roles 
    where
        user_id=?
2026-03-03 19:29:52 [] DEBUG - 
    delete 
    from
        user_roles 
    where
        user_id=?
2026-03-03 19:29:52 [] DEBUG - 
    delete 
    from
        user_roles 
    where
        user_id=?
2026-03-03 19:29:52 [] DEBUG - 
    delete 
    from
        users 
    where
        id=?
2026-03-03 19:29:52 [] DEBUG - 
    delete 
    from
        users 
    where
        id=?
2026-03-03 19:29:52 [] DEBUG - 
    delete 
    from
        users 
    where
        id=?
2026-03-03 19:29:52 [] DEBUG - 
    delete 
    from
        users 
    where
        id=?
2026-03-03 19:29:52 [] DEBUG - 
    select
        u1_0.id,
        u1_0.email,
        u1_0.first_name,
        u1_0.last_name,
        u1_0.password 
    from
        users u1_0 
    where
        u1_0.email=?
2026-03-03 19:29:52 [] INFO  - Could not detect default configuration classes for test class [com.site.webapp.controllers.RegistrationControllerTest]: RegistrationControllerTest does not declare any static, non-private, non-final, nested classes annotated with @Configuration.
2026-03-03 19:29:52 [] INFO  - Found @SpringBootConfiguration com.site.webapp.WebappApplication for test class com.site.webapp.controllers.RegistrationControllerTest
2026-03-03 19:29:52 [] DEBUG - 
    select
        u1_0.id,
        u1_0.email,
        u1_0.first_name,
        u1_0.last_name,
        u1_0.password 
    from
        users u1_0 
    where
        u1_0.email=?
2026-03-03 19:29:52 [] DEBUG - 
    select
        r1_0.id,
        r1_0.name 
    from
        roles r1_0 
    where
        r1_0.id=?
2026-03-03 19:29:52 [] DEBUG - 
    insert 
    into
        users
        (email, first_name, last_name, password) 
    values
        (?, ?, ?, ?)
2026-03-03 19:29:52 [] DEBUG - 
    select
        u1_0.id,
        u1_0.email,
        u1_0.first_name,
        u1_0.last_name,
        u1_0.password 
    from
        users u1_0 
    where
        u1_0.email=?
2026-03-03 19:29:52 [] DEBUG - 
    select
        u1_0.id,
        u1_0.email,
        u1_0.first_name,
        u1_0.last_name,
        u1_0.password 
    from
        users u1_0 
    where
        u1_0.email=?
2026-03-03 19:29:52 [] INFO  - Could not detect default configuration classes for test class [com.site.webapp.service.UserServiceTest]: UserServiceTest does not declare any static, non-private, non-final, nested classes annotated with @Configuration.
2026-03-03 19:29:52 [] INFO  - Found @SpringBootConfiguration com.site.webapp.WebappApplication for test class com.site.webapp.service.UserServiceTest
2026-03-03 19:29:52 [] DEBUG - 
    select
        u1_0.id,
        u1_0.email,
        u1_0.first_name,
        u1_0.last_name,
        u1_0.password 
    from
        users u1_0 
    where
        u1_0.email=?
2026-03-03 19:29:52 [] DEBUG - 
    select
        r1_0.id,
        r1_0.name 
    from
        roles r1_0 
    where
        r1_0.id=?
2026-03-03 19:29:52 [] DEBUG - 
    insert 
    into
        users
        (email, first_name, last_name, password) 
    values
        (?, ?, ?, ?)
2026-03-03 19:29:52 [] DEBUG - 
    select
        u1_0.id,
        u1_0.email,
        u1_0.first_name,
        u1_0.last_name,
        u1_0.password 
    from
        users u1_0 
    where
        u1_0.email=?
2026-03-03 19:29:52 [] DEBUG - 
    select
        u1_0.id,
        u1_0.email,
        u1_0.first_name,
        u1_0.last_name,
        u1_0.password 
    from
        users u1_0 
    where
        u1_0.email=?
2026-03-03 19:29:52 [] DEBUG - 
    select
        r1_0.id,
        r1_0.name 
    from
        roles r1_0 
    where
        r1_0.id=?
2026-03-03 19:29:52 [] DEBUG - 
    insert 
    into
        users
        (email, first_name, last_name, password) 
    values
        (?, ?, ?, ?)
2026-03-03 19:29:52 [] DEBUG - 
    select
        u1_0.id,
        u1_0.email,
        u1_0.first_name,
        u1_0.last_name,
        u1_0.password 
    from
        users u1_0 
    where
        u1_0.email=?
2026-03-03 19:29:52 [] DEBUG - 
    select
        r1_0.id,
        r1_0.name 
    from
        roles r1_0 
    where
        r1_0.id=?
2026-03-03 19:29:52 [] DEBUG - 
    insert 
    into
        users
        (email, first_name, last_name, password) 
    values
        (?, ?, ?, ?)
2026-03-03 19:29:52 [] DEBUG - 
    select
        u1_0.id,
        u1_0.email,
        u1_0.first_name,
        u1_0.last_name,
        u1_0.password 
    from
        users u1_0 
    where
        u1_0.email=?
2026-03-03 19:29:52 [] DEBUG - 
    select
        u1_0.id,
        u1_0.email,
        u1_0.first_name,
        u1_0.last_name,
        u1_0.password 
    from
        users u1_0 
    where
        u1_0.email=?
2026-03-03 19:29:52 [] DEBUG - 
    select
        r1_0.id,
        r1_0.name 
    from
        roles r1_0 
    where
        r1_0.id=?
2026-03-03 19:29:52 [] DEBUG - 
    insert 
    into
        users
        (email, first_name, last_name, password) 
    values
        (?, ?, ?, ?)
2026-03-03 19:29:52 [] DEBUG - 
    select
        u1_0.id,
        u1_0.email,
        u1_0.first_name,
        u1_0.last_name,
        u1_0.password 
    from
        users u1_0 
    where
        u1_0.email=?
2026-03-03 19:29:52 [] DEBUG - 
    select
        u1_0.id,
        u1_0.email,
        u1_0.first_name,
        u1_0.last_name,
        u1_0.password 
    from
        users u1_0 
    where
        u1_0.email=?
2026-03-03 19:29:52 [] DEBUG - 
    select
        r1_0.id,
        r1_0.name 
    from
        roles r1_0 
    where
        r1_0.id=?
2026-03-03 19:29:52 [] DEBUG - 
    insert 
    into
        users
        (email, first_name, last_name, password) 
    values
        (?, ?, ?, ?)
2026-03-03 19:29:52 [] INFO  - Could not detect default configuration classes for test class [com.site.webapp.controllers.TaskControllerTest]: TaskControllerTest does not declare any static, non-private, non-final, nested classes annotated with @Configuration.
2026-03-03 19:29:52 [] INFO  - Found @SpringBootConfiguration com.site.webapp.WebappApplication for test class com.site.webapp.controllers.TaskControllerTest
2026-03-03 19:29:52 [] DEBUG - 
    select
        nextval('tasks_seq')
2026-03-03 19:29:52 [] DEBUG - 
    insert 
    into
        tasks
        (artist_id, comment, deadline, priority, title, id) 
    values
        (?, ?, ?, ?, ?, ?)
2026-03-03 19:29:52 [] DEBUG - 
    select
        count(*) 
    from
        tasks t1_0
2026-03-03 19:29:52 [] DEBUG - 
    select
        u1_0.id,
        u1_0.email,
        u1_0.first_name,
        u1_0.last_name,
        u1_0.password 
    from
        users u1_0 
    where
        u1_0.email=?
2026-03-03 19:29:52 [] DEBUG - 
    select
        r1_0.id,
        r1_0.name 
    from
        roles r1_0 
    where
        r1_0.id=?
2026-03-03 19:29:52 [] DEBUG - 
    insert 
    into
        users
        (email, first_name, last_name, password) 
    values
        (?, ?, ?, ?)
2026-03-03 19:29:52 [] DEBUG - 
    insert 
    into
        tasks
        (artist_id, comment, deadline, priority, title, id) 
    values
        (?, ?, ?, ?, ?, ?)
2026-03-03 19:29:52 [] DEBUG - 
    insert 
    into
        user_roles
        (user_id, role_id) 
    values
        (?, ?)
2026-03-03 19:29:52 [] DEBUG - 
    select
        t1_0.id,
        t1_0.artist_id,
        t1_0.comment,
        t1_0.deadline,
        t1_0.priority,
        t1_0.title 
    from
        tasks t1_0 
    where
        t1_0.artist_id=?
2026-03-03 19:29:52 [] DEBUG - 
    select
        u1_0.id,
        u1_0.email,
        u1_0.first_name,
        u1_0.last_name,
        u1_0.password 
    from
        users u1_0
2026-03-03 19:29:52 [] DEBUG - 
    select
        r1_0.user_id,
        r1_1.id,
        r1_1.name 
    from
        user_roles r1_0 
    join
        roles r1_1 
            on r1_1.id=r1_0.role_id 
    where
        r1_0.user_id=?
2026-03-03 19:29:52 [] DEBUG - 
    select
        r1_0.user_id,
        r1_1.id,
        r1_1.name 
    from
        user_roles r1_0 
    join
        roles r1_1 
            on r1_1.id=r1_0.role_id 
    where
        r1_0.user_id=?
2026-03-03 19:29:52 [] DEBUG - 
    select
        r1_0.user_id,
        r1_1.id,
        r1_1.name 
    from
        user_roles r1_0 
    join
        roles r1_1 
            on r1_1.id=r1_0.role_id 
    where
        r1_0.user_id=?
2026-03-03 19:29:52 [] DEBUG - 
    select
        r1_0.user_id,
        r1_1.id,
        r1_1.name 
    from
        user_roles r1_0 
    join
        roles r1_1 
            on r1_1.id=r1_0.role_id 
    where
        r1_0.user_id=?
2026-03-03 19:29:52 [] INFO  - Could not detect default configuration classes for test class [com.site.webapp.repo.TasksRepositoryTest]: TasksRepositoryTest does not declare any static, non-private, non-final, nested classes annotated with @Configuration.
2026-03-03 19:29:52 [] INFO  - Found @SpringBootConfiguration com.site.webapp.WebappApplication for test class com.site.webapp.repo.TasksRepositoryTest
2026-03-03 19:29:52 [] DEBUG - 
    insert 
    into
        tasks
        (artist_id, comment, deadline, priority, title, id) 
    values
        (?, ?, ?, ?, ?, ?)
2026-03-03 19:29:52 [] DEBUG - 
    insert 
    into
        tasks
        (artist_id, comment, deadline, priority, title, id) 
    values
        (?, ?, ?, ?, ?, ?)
2026-03-03 19:29:52 [] DEBUG - 
    insert 
    into
        tasks
        (artist_id, comment, deadline, priority, title, id) 
    values
        (?, ?, ?, ?, ?, ?)
2026-03-03 19:29:52 [] DEBUG - 
    insert 
    into
        tasks
        (artist_id, comment, deadline, priority, title, id) 
    values
        (?, ?, ?, ?, ?, ?)
2026-03-03 19:29:52 [] DEBUG - 
    select
        t1_0.id,
        t1_0.artist_id,
        t1_0.comment,
        t1_0.deadline,
        t1_0.priority,
        t1_0.title 
    from
        tasks t1_0 
    order by
        t1_0.id desc
2026-03-03 19:29:52 [] DEBUG - 
    insert 
    into
        tasks
        (artist_id, comment, deadline, priority, title, id) 
    values
        (?, ?, ?, ?, ?, ?)
2026-03-03 19:29:52 [] DEBUG - 
    insert 
    into
        tasks
        (artist_id, comment, deadline, priority, title, id) 
    values
        (?, ?, ?, ?, ?, ?)
2026-03-03 19:29:52 [] DEBUG - 
    insert 
    into
        tasks
        (artist_id, comment, deadline, priority, title, id) 
    values
        (?, ?, ?, ?, ?, ?)
2026-03-03 19:29:52 [] DEBUG - 
    insert 
    into
        tasks
        (artist_id, comment, deadline, priority, title, id) 
    values
        (?, ?, ?, ?, ?, ?)
2026-03-03 19:29:52 [] DEBUG - 
    insert 
    into
        tasks
        (artist_id, comment, deadline, priority, title, id) 
    values
        (?, ?, ?, ?, ?, ?)
2026-03-03 19:29:52 [] DEBUG - 
    insert 
    into
        tasks
        (artist_id, comment, deadline, priority, title, id) 
    values
        (?, ?, ?, ?, ?, ?)
2026-03-03 19:29:52 [] DEBUG - 
    select
        t1_0.id,
        t1_0.artist_id,
        t1_0.comment,
        t1_0.deadline,
        t1_0.priority,
        t1_0.title 
    from
        tasks t1_0 
    order by
        t1_0.deadline desc
2026-03-03 19:29:52 [] DEBUG - 
    insert 
    into
        tasks
        (artist_id, comment, deadline, priority, title, id) 
    values
        (?, ?, ?, ?, ?, ?)
2026-03-03 19:29:52 [] DEBUG - 
    insert 
    into
        tasks
        (artist_id, comment, deadline, priority, title, id) 
    values
        (?, ?, ?, ?, ?, ?)
2026-03-03 19:29:52 [] DEBUG - 
    insert 
    into
        tasks
        (artist_id, comment, deadline, priority, title, id) 
    values
        (?, ?, ?, ?, ?, ?)
2026-03-03 19:29:52 [] DEBUG - 
    insert 
    into
        tasks
        (artist_id, comment, deadline, priority, title, id) 
    values
        (?, ?, ?, ?, ?, ?)
2026-03-03 19:29:52 [] DEBUG - 
    select
        t1_0.id,
        t1_0.artist_id,
        t1_0.comment,
        t1_0.deadline,
        t1_0.priority,
        t1_0.title 
    from
        tasks t1_0 
    order by
        t1_0.priority
2026-03-03 19:29:52 [] DEBUG - 
    insert 
    into
        tasks
        (artist_id, comment, deadline, priority, title, id) 
    values
        (?, ?, ?, ?, ?, ?)
2026-03-03 19:29:52 [] DEBUG - 
    insert 
    into
        tasks
        (artist_id, comment, deadline, priority, title, id) 
    values
        (?, ?, ?, ?, ?, ?)
2026-03-03 19:29:52 [] DEBUG - 
    insert 
    into
        tasks
        (artist_id, comment, deadline, priority, title, id) 
    values
        (?, ?, ?, ?, ?, ?)
2026-03-03 19:29:52 [] DEBUG - 
    insert 
    into
        tasks
        (artist_id, comment, deadline, priority, title, id) 
    values
        (?, ?, ?, ?, ?, ?)
2026-03-03 19:29:52 [] DEBUG - 
    select
        t1_0.id,
        t1_0.artist_id,
        t1_0.comment,
        t1_0.deadline,
        t1_0.priority,
        t1_0.title 
    from
        tasks t1_0 
    order by
        t1_0.id
2026-03-03 19:29:52 [] DEBUG - 
    insert 
    into
        tasks
        (artist_id, comment, deadline, priority, title, id) 
    values
        (?, ?, ?, ?, ?, ?)
2026-03-03 19:29:52 [] DEBUG - 
    insert 
    into
        tasks
        (artist_id, comment, deadline, priority, title, id) 
    values
        (?, ?, ?, ?, ?, ?)
2026-03-03 19:29:52 [] DEBUG - 
    insert 
    into
        tasks
        (artist_id, comment, deadline, priority, title, id) 
    values
        (?, ?, ?, ?, ?, ?)
2026-03-03 19:29:52 [] DEBUG - 
    insert 
    into
        tasks
        (artist_id, comment, deadline, priority, title, id) 
    values
        (?, ?, ?, ?, ?, ?)
2026-03-03 19:29:52 [] DEBUG - 
    select
        t1_0.id,
        t1_0.artist_id,
        t1_0.comment,
        t1_0.deadline,
        t1_0.priority,
        t1_0.title 
    from
        tasks t1_0 
    where
        t1_0.artist_id=?
2026-03-03 19:29:52 [] DEBUG - 
    select
        t1_0.id,
        t1_0.artist_id,
        t1_0.comment,
        t1_0.deadline,
        t1_0.priority,
        t1_0.title 
    from
        tasks t1_0 
    where
        t1_0.artist_id=?
2026-03-03 19:29:52 [] DEBUG - 
    select
        t1_0.id,
        t1_0.artist_id,
        t1_0.comment,
        t1_0.deadline,
        t1_0.priority,
        t1_0.title 
    from
        tasks t1_0 
    where
        t1_0.artist_id=?
2026-03-03 19:29:52 [] INFO  - Closing JPA EntityManagerFactory for persistence unit 'default'
2026-03-03 19:29:52 [] INFO  - HikariPool-1 - Shutdown initiated...
2026-03-03 19:29:52 [] INFO  - HikariPool-1 - Shutdown completed.
2026-03-03 19:30:15 [] INFO  - Starting WebappApplicationTests using Java 21.0.7 with PID 26544 (started by Дима in C:\Users\Дима\Downloads\webappII\webapp)
2026-03-03 19:30:15 [] DEBUG - Running with Spring Boot v4.0.0, Spring v7.0.1
2026-03-03 19:30:15 [] INFO  - No active profile set, falling back to 1 default profile: "default"
2026-03-03 19:30:15 [] INFO  - Bootstrapping Spring Data JPA repositories in DEFAULT mode.
2026-03-03 19:30:15 [] INFO  - Finished Spring Data repository scanning in 51 ms. Found 3 JPA repository interfaces.
2026-03-03 19:30:16 [] INFO  - HHH000204: Processing PersistenceUnitInfo [name: default]
2026-03-03 19:30:16 [] INFO  - HHH000412: Hibernate ORM core version 7.1.8.Final
2026-03-03 19:30:17 [] INFO  - No LoadTimeWeaver setup: ignoring JPA class transformer
2026-03-03 19:30:17 [] INFO  - HikariPool-1 - Starting...
2026-03-03 19:30:17 [] INFO  - HikariPool-1 - Added connection org.postgresql.jdbc.PgConnection@2b6ee447
2026-03-03 19:30:17 [] INFO  - HikariPool-1 - Start completed.
2026-03-03 19:30:17 [] WARN  - HHH90000025: PostgreSQLDialect does not need to be specified explicitly using 'hibernate.dialect' (remove the property setting and it will be selected by default)
2026-03-03 19:30:17 [] INFO  - HHH10001005: Database info:
	Database JDBC URL [jdbc:postgresql://localhost:1408/tasks]
	Database driver: PostgreSQL JDBC Driver
	Database dialect: PostgreSQLDialect
	Database version: 16.2
	Default catalog/schema: tasks/public
	Autocommit mode: undefined/unknown
	Isolation level: READ_COMMITTED [default READ_COMMITTED]
	JDBC fetch size: none
	Pool: DatasourceConnectionProviderImpl
	Minimum pool size: undefined/unknown
	Maximum pool size: undefined/unknown
2026-03-03 19:30:18 [] INFO  - HHH000489: No JTA platform available (set 'hibernate.transaction.jta.platform' to enable JTA platform integration)
2026-03-03 19:30:18 [] INFO  - Initialized JPA EntityManagerFactory for persistence unit 'default'
2026-03-03 19:30:18 [] INFO  - Hibernate is in classpath; If applicable, HQL parser will be used.
2026-03-03 19:30:18 [] WARN  - spring.jpa.open-in-view is enabled by default. Therefore, database queries may be performed during view rendering. Explicitly configure spring.jpa.open-in-view to disable this warning
2026-03-03 19:30:18 [] INFO  - Global AuthenticationManager configured with AuthenticationProvider bean with name authenticationProvider
2026-03-03 19:30:18 [] WARN  - Global AuthenticationManager configured with an AuthenticationProvider bean. UserDetailsService beans will not be used by Spring Security for automatically configuring username/password login. Consider removing the AuthenticationProvider bean. Alternatively, consider using the UserDetailsService in a manually instantiated DaoAuthenticationProvider. If the current configuration is intentional, to turn off this warning, increase the logging level of 'org.springframework.security.config.annotation.authentication.configuration.InitializeUserDetailsBeanManagerConfigurer' to ERROR
2026-03-03 19:30:19 [] INFO  - Started WebappApplicationTests in 4.523 seconds (process running for 5.84)
2026-03-03 19:30:19 [] INFO  - Could not detect default configuration classes for test class [com.site.webapp.repo.UserRepositoryTest]: UserRepositoryTest does not declare any static, non-private, non-final, nested classes annotated with @Configuration.
2026-03-03 19:30:19 [] INFO  - Found @SpringBootConfiguration com.site.webapp.WebappApplication for test class com.site.webapp.repo.UserRepositoryTest
2026-03-03 19:30:19 [] DEBUG - 
    select
        u1_0.id,
        u1_0.email,
        u1_0.first_name,
        u1_0.last_name,
        u1_0.password 
    from
        users u1_0
2026-03-03 19:30:19 [] DEBUG - 
    select
        r1_0.user_id,
        r1_1.id,
        r1_1.name 
    from
        user_roles r1_0 
    join
        roles r1_1 
            on r1_1.id=r1_0.role_id 
    where
        r1_0.user_id=?
2026-03-03 19:30:19 [] DEBUG - 
    select
        r1_0.user_id,
        r1_1.id,
        r1_1.name 
    from
        user_roles r1_0 
    join
        roles r1_1 
            on r1_1.id=r1_0.role_id 
    where
        r1_0.user_id=?
2026-03-03 19:30:19 [] DEBUG - 
    select
        r1_0.user_id,
        r1_1.id,
        r1_1.name 
    from
        user_roles r1_0 
    join
        roles r1_1 
            on r1_1.id=r1_0.role_id 
    where
        r1_0.user_id=?
2026-03-03 19:30:19 [] DEBUG - 
    select
        r1_0.user_id,
        r1_1.id,
        r1_1.name 
    from
        user_roles r1_0 
    join
        roles r1_1 
            on r1_1.id=r1_0.role_id 
    where
        r1_0.user_id=?
2026-03-03 19:30:20 [] DEBUG - 
    insert 
    into
        users
        (email, first_name, last_name, password) 
    values
        (?, ?, ?, ?)
2026-03-03 19:30:20 [] DEBUG - 
    delete 
    from
        user_roles 
    where
        user_id=?
2026-03-03 19:30:20 [] DEBUG - 
    delete 
    from
        user_roles 
    where
        user_id=?
2026-03-03 19:30:20 [] DEBUG - 
    delete 
    from
        user_roles 
    where
        user_id=?
2026-03-03 19:30:20 [] DEBUG - 
    delete 
    from
        users 
    where
        id=?
2026-03-03 19:30:20 [] DEBUG - 
    delete 
    from
        users 
    where
        id=?
2026-03-03 19:30:20 [] DEBUG - 
    delete 
    from
        users 
    where
        id=?
2026-03-03 19:30:20 [] DEBUG - 
    delete 
    from
        users 
    where
        id=?
2026-03-03 19:30:20 [] DEBUG - 
    select
        u1_0.id,
        u1_0.email,
        u1_0.first_name,
        u1_0.last_name,
        u1_0.password 
    from
        users u1_0 
    where
        u1_0.email=?
2026-03-03 19:30:20 [] INFO  - Could not detect default configuration classes for test class [com.site.webapp.controllers.RegistrationControllerTest]: RegistrationControllerTest does not declare any static, non-private, non-final, nested classes annotated with @Configuration.
2026-03-03 19:30:20 [] INFO  - Found @SpringBootConfiguration com.site.webapp.WebappApplication for test class com.site.webapp.controllers.RegistrationControllerTest
2026-03-03 19:30:20 [] DEBUG - 
    select
        u1_0.id,
        u1_0.email,
        u1_0.first_name,
        u1_0.last_name,
        u1_0.password 
    from
        users u1_0 
    where
        u1_0.email=?
2026-03-03 19:30:20 [] DEBUG - 
    select
        r1_0.id,
        r1_0.name 
    from
        roles r1_0 
    where
        r1_0.id=?
2026-03-03 19:30:20 [] DEBUG - 
    insert 
    into
        users
        (email, first_name, last_name, password) 
    values
        (?, ?, ?, ?)
2026-03-03 19:30:20 [] DEBUG - 
    select
        u1_0.id,
        u1_0.email,
        u1_0.first_name,
        u1_0.last_name,
        u1_0.password 
    from
        users u1_0 
    where
        u1_0.email=?
2026-03-03 19:30:20 [] DEBUG - 
    select
        u1_0.id,
        u1_0.email,
        u1_0.first_name,
        u1_0.last_name,
        u1_0.password 
    from
        users u1_0 
    where
        u1_0.email=?
2026-03-03 19:30:20 [] INFO  - Could not detect default configuration classes for test class [com.site.webapp.service.UserServiceTest]: UserServiceTest does not declare any static, non-private, non-final, nested classes annotated with @Configuration.
2026-03-03 19:30:20 [] INFO  - Found @SpringBootConfiguration com.site.webapp.WebappApplication for test class com.site.webapp.service.UserServiceTest
2026-03-03 19:30:20 [] DEBUG - 
    select
        u1_0.id,
        u1_0.email,
        u1_0.first_name,
        u1_0.last_name,
        u1_0.password 
    from
        users u1_0 
    where
        u1_0.email=?
2026-03-03 19:30:20 [] DEBUG - 
    select
        r1_0.id,
        r1_0.name 
    from
        roles r1_0 
    where
        r1_0.id=?
2026-03-03 19:30:20 [] DEBUG - 
    insert 
    into
        users
        (email, first_name, last_name, password) 
    values
        (?, ?, ?, ?)
2026-03-03 19:30:20 [] DEBUG - 
    select
        u1_0.id,
        u1_0.email,
        u1_0.first_name,
        u1_0.last_name,
        u1_0.password 
    from
        users u1_0 
    where
        u1_0.email=?
2026-03-03 19:30:20 [] DEBUG - 
    select
        u1_0.id,
        u1_0.email,
        u1_0.first_name,
        u1_0.last_name,
        u1_0.password 
    from
        users u1_0 
    where
        u1_0.email=?
2026-03-03 19:30:20 [] DEBUG - 
    select
        r1_0.id,
        r1_0.name 
    from
        roles r1_0 
    where
        r1_0.id=?
2026-03-03 19:30:20 [] DEBUG - 
    insert 
    into
        users
        (email, first_name, last_name, password) 
    values
        (?, ?, ?, ?)
2026-03-03 19:30:20 [] DEBUG - 
    select
        u1_0.id,
        u1_0.email,
        u1_0.first_name,
        u1_0.last_name,
        u1_0.password 
    from
        users u1_0 
    where
        u1_0.email=?
2026-03-03 19:30:20 [] DEBUG - 
    select
        r1_0.id,
        r1_0.name 
    from
        roles r1_0 
    where
        r1_0.id=?
2026-03-03 19:30:20 [] DEBUG - 
    insert 
    into
        users
        (email, first_name, last_name, password) 
    values
        (?, ?, ?, ?)
2026-03-03 19:30:20 [] DEBUG - 
    select
        u1_0.id,
        u1_0.email,
        u1_0.first_name,
        u1_0.last_name,
        u1_0.password 
    from
        users u1_0 
    where
        u1_0.email=?
2026-03-03 19:30:20 [] DEBUG - 
    select
        u1_0.id,
        u1_0.email,
        u1_0.first_name,
        u1_0.last_name,
        u1_0.password 
    from
        users u1_0 
    where
        u1_0.email=?
2026-03-03 19:30:20 [] DEBUG - 
    select
        r1_0.id,
        r1_0.name 
    from
        roles r1_0 
    where
        r1_0.id=?
2026-03-03 19:30:20 [] DEBUG - 
    insert 
    into
        users
        (email, first_name, last_name, password) 
    values
        (?, ?, ?, ?)
2026-03-03 19:30:20 [] DEBUG - 
    select
        u1_0.id,
        u1_0.email,
        u1_0.first_name,
        u1_0.last_name,
        u1_0.password 
    from
        users u1_0 
    where
        u1_0.email=?
2026-03-03 19:30:20 [] DEBUG - 
    select
        u1_0.id,
        u1_0.email,
        u1_0.first_name,
        u1_0.last_name,
        u1_0.password 
    from
        users u1_0 
    where
        u1_0.email=?
2026-03-03 19:30:20 [] DEBUG - 
    select
        r1_0.id,
        r1_0.name 
    from
        roles r1_0 
    where
        r1_0.id=?
2026-03-03 19:30:20 [] DEBUG - 
    insert 
    into
        users
        (email, first_name, last_name, password) 
    values
        (?, ?, ?, ?)
2026-03-03 19:30:20 [] INFO  - Could not detect default configuration classes for test class [com.site.webapp.controllers.TaskControllerTest]: TaskControllerTest does not declare any static, non-private, non-final, nested classes annotated with @Configuration.
2026-03-03 19:30:20 [] INFO  - Found @SpringBootConfiguration com.site.webapp.WebappApplication for test class com.site.webapp.controllers.TaskControllerTest
2026-03-03 19:30:20 [] DEBUG - 
    select
        nextval('tasks_seq')
2026-03-03 19:30:20 [] DEBUG - 
    insert 
    into
        tasks
        (artist_id, comment, deadline, priority, title, id) 
    values
        (?, ?, ?, ?, ?, ?)
2026-03-03 19:30:20 [] DEBUG - 
    select
        count(*) 
    from
        tasks t1_0
2026-03-03 19:30:20 [] DEBUG - 
    select
        u1_0.id,
        u1_0.email,
        u1_0.first_name,
        u1_0.last_name,
        u1_0.password 
    from
        users u1_0 
    where
        u1_0.email=?
2026-03-03 19:30:20 [] DEBUG - 
    select
        r1_0.id,
        r1_0.name 
    from
        roles r1_0 
    where
        r1_0.id=?
2026-03-03 19:30:21 [] DEBUG - 
    insert 
    into
        users
        (email, first_name, last_name, password) 
    values
        (?, ?, ?, ?)
2026-03-03 19:30:21 [] DEBUG - 
    insert 
    into
        tasks
        (artist_id, comment, deadline, priority, title, id) 
    values
        (?, ?, ?, ?, ?, ?)
2026-03-03 19:30:21 [] DEBUG - 
    insert 
    into
        user_roles
        (user_id, role_id) 
    values
        (?, ?)
2026-03-03 19:30:21 [] DEBUG - 
    select
        t1_0.id,
        t1_0.artist_id,
        t1_0.comment,
        t1_0.deadline,
        t1_0.priority,
        t1_0.title 
    from
        tasks t1_0 
    where
        t1_0.artist_id=?
2026-03-03 19:30:21 [] DEBUG - 
    select
        u1_0.id,
        u1_0.email,
        u1_0.first_name,
        u1_0.last_name,
        u1_0.password 
    from
        users u1_0
2026-03-03 19:30:21 [] DEBUG - 
    select
        r1_0.user_id,
        r1_1.id,
        r1_1.name 
    from
        user_roles r1_0 
    join
        roles r1_1 
            on r1_1.id=r1_0.role_id 
    where
        r1_0.user_id=?
2026-03-03 19:30:21 [] DEBUG - 
    select
        r1_0.user_id,
        r1_1.id,
        r1_1.name 
    from
        user_roles r1_0 
    join
        roles r1_1 
            on r1_1.id=r1_0.role_id 
    where
        r1_0.user_id=?
2026-03-03 19:30:21 [] DEBUG - 
    select
        r1_0.user_id,
        r1_1.id,
        r1_1.name 
    from
        user_roles r1_0 
    join
        roles r1_1 
            on r1_1.id=r1_0.role_id 
    where
        r1_0.user_id=?
2026-03-03 19:30:21 [] DEBUG - 
    select
        r1_0.user_id,
        r1_1.id,
        r1_1.name 
    from
        user_roles r1_0 
    join
        roles r1_1 
            on r1_1.id=r1_0.role_id 
    where
        r1_0.user_id=?
2026-03-03 19:30:21 [] INFO  - Could not detect default configuration classes for test class [com.site.webapp.repo.TasksRepositoryTest]: TasksRepositoryTest does not declare any static, non-private, non-final, nested classes annotated with @Configuration.
2026-03-03 19:30:21 [] INFO  - Found @SpringBootConfiguration com.site.webapp.WebappApplication for test class com.site.webapp.repo.TasksRepositoryTest
2026-03-03 19:30:21 [] DEBUG - 
    insert 
    into
        tasks
        (artist_id, comment, deadline, priority, title, id) 
    values
        (?, ?, ?, ?, ?, ?)
2026-03-03 19:30:21 [] DEBUG - 
    insert 
    into
        tasks
        (artist_id, comment, deadline, priority, title, id) 
    values
        (?, ?, ?, ?, ?, ?)
2026-03-03 19:30:21 [] DEBUG - 
    insert 
    into
        tasks
        (artist_id, comment, deadline, priority, title, id) 
    values
        (?, ?, ?, ?, ?, ?)
2026-03-03 19:30:21 [] DEBUG - 
    insert 
    into
        tasks
        (artist_id, comment, deadline, priority, title, id) 
    values
        (?, ?, ?, ?, ?, ?)
2026-03-03 19:30:21 [] DEBUG - 
    select
        t1_0.id,
        t1_0.artist_id,
        t1_0.comment,
        t1_0.deadline,
        t1_0.priority,
        t1_0.title 
    from
        tasks t1_0 
    order by
        t1_0.id desc
2026-03-03 19:30:21 [] DEBUG - 
    insert 
    into
        tasks
        (artist_id, comment, deadline, priority, title, id) 
    values
        (?, ?, ?, ?, ?, ?)
2026-03-03 19:30:21 [] DEBUG - 
    insert 
    into
        tasks
        (artist_id, comment, deadline, priority, title, id) 
    values
        (?, ?, ?, ?, ?, ?)
2026-03-03 19:30:21 [] DEBUG - 
    insert 
    into
        tasks
        (artist_id, comment, deadline, priority, title, id) 
    values
        (?, ?, ?, ?, ?, ?)
2026-03-03 19:30:21 [] DEBUG - 
    insert 
    into
        tasks
        (artist_id, comment, deadline, priority, title, id) 
    values
        (?, ?, ?, ?, ?, ?)
2026-03-03 19:30:21 [] DEBUG - 
    insert 
    into
        tasks
        (artist_id, comment, deadline, priority, title, id) 
    values
        (?, ?, ?, ?, ?, ?)
2026-03-03 19:30:21 [] DEBUG - 
    insert 
    into
        tasks
        (artist_id, comment, deadline, priority, title, id) 
    values
        (?, ?, ?, ?, ?, ?)
2026-03-03 19:30:21 [] DEBUG - 
    select
        t1_0.id,
        t1_0.artist_id,
        t1_0.comment,
        t1_0.deadline,
        t1_0.priority,
        t1_0.title 
    from
        tasks t1_0 
    order by
        t1_0.deadline desc
2026-03-03 19:30:21 [] DEBUG - 
    insert 
    into
        tasks
        (artist_id, comment, deadline, priority, title, id) 
    values
        (?, ?, ?, ?, ?, ?)
2026-03-03 19:30:21 [] DEBUG - 
    insert 
    into
        tasks
        (artist_id, comment, deadline, priority, title, id) 
    values
        (?, ?, ?, ?, ?, ?)
2026-03-03 19:30:21 [] DEBUG - 
    insert 
    into
        tasks
        (artist_id, comment, deadline, priority, title, id) 
    values
        (?, ?, ?, ?, ?, ?)
2026-03-03 19:30:21 [] DEBUG - 
    insert 
    into
        tasks
        (artist_id, comment, deadline, priority, title, id) 
    values
        (?, ?, ?, ?, ?, ?)
2026-03-03 19:30:21 [] DEBUG - 
    select
        t1_0.id,
        t1_0.artist_id,
        t1_0.comment,
        t1_0.deadline,
        t1_0.priority,
        t1_0.title 
    from
        tasks t1_0 
    order by
        t1_0.priority
2026-03-03 19:30:21 [] DEBUG - 
    insert 
    into
        tasks
        (artist_id, comment, deadline, priority, title, id) 
    values
        (?, ?, ?, ?, ?, ?)
2026-03-03 19:30:21 [] DEBUG - 
    insert 
    into
        tasks
        (artist_id, comment, deadline, priority, title, id) 
    values
        (?, ?, ?, ?, ?, ?)
2026-03-03 19:30:21 [] DEBUG - 
    insert 
    into
        tasks
        (artist_id, comment, deadline, priority, title, id) 
    values
        (?, ?, ?, ?, ?, ?)
2026-03-03 19:30:21 [] DEBUG - 
    insert 
    into
        tasks
        (artist_id, comment, deadline, priority, title, id) 
    values
        (?, ?, ?, ?, ?, ?)
2026-03-03 19:30:21 [] DEBUG - 
    select
        t1_0.id,
        t1_0.artist_id,
        t1_0.comment,
        t1_0.deadline,
        t1_0.priority,
        t1_0.title 
    from
        tasks t1_0 
    order by
        t1_0.id
2026-03-03 19:30:21 [] DEBUG - 
    insert 
    into
        tasks
        (artist_id, comment, deadline, priority, title, id) 
    values
        (?, ?, ?, ?, ?, ?)
2026-03-03 19:30:21 [] DEBUG - 
    insert 
    into
        tasks
        (artist_id, comment, deadline, priority, title, id) 
    values
        (?, ?, ?, ?, ?, ?)
2026-03-03 19:30:21 [] DEBUG - 
    insert 
    into
        tasks
        (artist_id, comment, deadline, priority, title, id) 
    values
        (?, ?, ?, ?, ?, ?)
2026-03-03 19:30:21 [] DEBUG - 
    insert 
    into
        tasks
        (artist_id, comment, deadline, priority, title, id) 
    values
        (?, ?, ?, ?, ?, ?)
2026-03-03 19:30:21 [] DEBUG - 
    select
        t1_0.id,
        t1_0.artist_id,
        t1_0.comment,
        t1_0.deadline,
        t1_0.priority,
        t1_0.title 
    from
        tasks t1_0 
    where
        t1_0.artist_id=?
2026-03-03 19:30:21 [] DEBUG - 
    select
        t1_0.id,
        t1_0.artist_id,
        t1_0.comment,
        t1_0.deadline,
        t1_0.priority,
        t1_0.title 
    from
        tasks t1_0 
    where
        t1_0.artist_id=?
2026-03-03 19:30:21 [] DEBUG - 
    select
        t1_0.id,
        t1_0.artist_id,
        t1_0.comment,
        t1_0.deadline,
        t1_0.priority,
        t1_0.title 
    from
        tasks t1_0 
    where
        t1_0.artist_id=?
2026-03-03 19:30:21 [] INFO  - Closing JPA EntityManagerFactory for persistence unit 'default'
2026-03-03 19:30:21 [] INFO  - HikariPool-1 - Shutdown initiated...
2026-03-03 19:30:21 [] INFO  - HikariPool-1 - Shutdown completed.
2026-03-03 19:32:37 [] INFO  - Starting WebappApplicationTests using Java 21.0.7 with PID 8944 (started by Дима in C:\Users\Дима\Downloads\webappII\webapp)
2026-03-03 19:32:37 [] DEBUG - Running with Spring Boot v4.0.0, Spring v7.0.1
2026-03-03 19:32:37 [] INFO  - No active profile set, falling back to 1 default profile: "default"
2026-03-03 19:32:37 [] INFO  - Bootstrapping Spring Data JPA repositories in DEFAULT mode.
2026-03-03 19:32:37 [] INFO  - Finished Spring Data repository scanning in 56 ms. Found 3 JPA repository interfaces.
2026-03-03 19:32:38 [] INFO  - HHH000204: Processing PersistenceUnitInfo [name: default]
2026-03-03 19:32:38 [] INFO  - HHH000412: Hibernate ORM core version 7.1.8.Final
2026-03-03 19:32:39 [] INFO  - No LoadTimeWeaver setup: ignoring JPA class transformer
2026-03-03 19:32:39 [] INFO  - HikariPool-1 - Starting...
2026-03-03 19:32:39 [] INFO  - HikariPool-1 - Added connection org.postgresql.jdbc.PgConnection@6f430ea8
2026-03-03 19:32:39 [] INFO  - HikariPool-1 - Start completed.
2026-03-03 19:32:39 [] WARN  - HHH90000025: PostgreSQLDialect does not need to be specified explicitly using 'hibernate.dialect' (remove the property setting and it will be selected by default)
2026-03-03 19:32:39 [] INFO  - HHH10001005: Database info:
	Database JDBC URL [jdbc:postgresql://localhost:1408/tasks]
	Database driver: PostgreSQL JDBC Driver
	Database dialect: PostgreSQLDialect
	Database version: 16.2
	Default catalog/schema: tasks/public
	Autocommit mode: undefined/unknown
	Isolation level: READ_COMMITTED [default READ_COMMITTED]
	JDBC fetch size: none
	Pool: DatasourceConnectionProviderImpl
	Minimum pool size: undefined/unknown
	Maximum pool size: undefined/unknown
2026-03-03 19:32:40 [] INFO  - HHH000489: No JTA platform available (set 'hibernate.transaction.jta.platform' to enable JTA platform integration)
2026-03-03 19:32:40 [] INFO  - Initialized JPA EntityManagerFactory for persistence unit 'default'
2026-03-03 19:32:40 [] INFO  - Hibernate is in classpath; If applicable, HQL parser will be used.
2026-03-03 19:32:40 [] WARN  - spring.jpa.open-in-view is enabled by default. Therefore, database queries may be performed during view rendering. Explicitly configure spring.jpa.open-in-view to disable this warning
2026-03-03 19:32:40 [] INFO  - Global AuthenticationManager configured with AuthenticationProvider bean with name authenticationProvider
2026-03-03 19:32:40 [] WARN  - Global AuthenticationManager configured with an AuthenticationProvider bean. UserDetailsService beans will not be used by Spring Security for automatically configuring username/password login. Consider removing the AuthenticationProvider bean. Alternatively, consider using the UserDetailsService in a manually instantiated DaoAuthenticationProvider. If the current configuration is intentional, to turn off this warning, increase the logging level of 'org.springframework.security.config.annotation.authentication.configuration.InitializeUserDetailsBeanManagerConfigurer' to ERROR
2026-03-03 19:32:41 [] INFO  - Started WebappApplicationTests in 4.889 seconds (process running for 6.246)
2026-03-03 19:32:42 [] INFO  - Could not detect default configuration classes for test class [com.site.webapp.repo.UserRepositoryTest]: UserRepositoryTest does not declare any static, non-private, non-final, nested classes annotated with @Configuration.
2026-03-03 19:32:42 [] INFO  - Found @SpringBootConfiguration com.site.webapp.WebappApplication for test class com.site.webapp.repo.UserRepositoryTest
2026-03-03 19:32:42 [] DEBUG - 
    select
        u1_0.id,
        u1_0.email,
        u1_0.first_name,
        u1_0.last_name,
        u1_0.password 
    from
        users u1_0
2026-03-03 19:32:42 [] DEBUG - 
    select
        r1_0.user_id,
        r1_1.id,
        r1_1.name 
    from
        user_roles r1_0 
    join
        roles r1_1 
            on r1_1.id=r1_0.role_id 
    where
        r1_0.user_id=?
2026-03-03 19:32:42 [] DEBUG - 
    select
        r1_0.user_id,
        r1_1.id,
        r1_1.name 
    from
        user_roles r1_0 
    join
        roles r1_1 
            on r1_1.id=r1_0.role_id 
    where
        r1_0.user_id=?
2026-03-03 19:32:42 [] DEBUG - 
    select
        r1_0.user_id,
        r1_1.id,
        r1_1.name 
    from
        user_roles r1_0 
    join
        roles r1_1 
            on r1_1.id=r1_0.role_id 
    where
        r1_0.user_id=?
2026-03-03 19:32:42 [] DEBUG - 
    select
        r1_0.user_id,
        r1_1.id,
        r1_1.name 
    from
        user_roles r1_0 
    join
        roles r1_1 
            on r1_1.id=r1_0.role_id 
    where
        r1_0.user_id=?
2026-03-03 19:32:42 [] DEBUG - 
    insert 
    into
        users
        (email, first_name, last_name, password) 
    values
        (?, ?, ?, ?)
2026-03-03 19:32:42 [] DEBUG - 
    delete 
    from
        user_roles 
    where
        user_id=?
2026-03-03 19:32:42 [] DEBUG - 
    delete 
    from
        user_roles 
    where
        user_id=?
2026-03-03 19:32:42 [] DEBUG - 
    delete 
    from
        user_roles 
    where
        user_id=?
2026-03-03 19:32:42 [] DEBUG - 
    delete 
    from
        users 
    where
        id=?
2026-03-03 19:32:42 [] DEBUG - 
    delete 
    from
        users 
    where
        id=?
2026-03-03 19:32:42 [] DEBUG - 
    delete 
    from
        users 
    where
        id=?
2026-03-03 19:32:42 [] DEBUG - 
    delete 
    from
        users 
    where
        id=?
2026-03-03 19:32:42 [] DEBUG - 
    select
        u1_0.id,
        u1_0.email,
        u1_0.first_name,
        u1_0.last_name,
        u1_0.password 
    from
        users u1_0 
    where
        u1_0.email=?
2026-03-03 19:32:42 [] INFO  - Could not detect default configuration classes for test class [com.site.webapp.controllers.RegistrationControllerTest]: RegistrationControllerTest does not declare any static, non-private, non-final, nested classes annotated with @Configuration.
2026-03-03 19:32:42 [] INFO  - Found @SpringBootConfiguration com.site.webapp.WebappApplication for test class com.site.webapp.controllers.RegistrationControllerTest
2026-03-03 19:32:42 [] DEBUG - 
    select
        u1_0.id,
        u1_0.email,
        u1_0.first_name,
        u1_0.last_name,
        u1_0.password 
    from
        users u1_0 
    where
        u1_0.email=?
2026-03-03 19:32:42 [] DEBUG - 
    select
        r1_0.id,
        r1_0.name 
    from
        roles r1_0 
    where
        r1_0.id=?
2026-03-03 19:32:42 [] DEBUG - 
    insert 
    into
        users
        (email, first_name, last_name, password) 
    values
        (?, ?, ?, ?)
2026-03-03 19:32:42 [] DEBUG - 
    select
        u1_0.id,
        u1_0.email,
        u1_0.first_name,
        u1_0.last_name,
        u1_0.password 
    from
        users u1_0 
    where
        u1_0.email=?
2026-03-03 19:32:42 [] DEBUG - 
    select
        u1_0.id,
        u1_0.email,
        u1_0.first_name,
        u1_0.last_name,
        u1_0.password 
    from
        users u1_0 
    where
        u1_0.email=?
2026-03-03 19:32:42 [] INFO  - Could not detect default configuration classes for test class [com.site.webapp.service.UserServiceTest]: UserServiceTest does not declare any static, non-private, non-final, nested classes annotated with @Configuration.
2026-03-03 19:32:42 [] INFO  - Found @SpringBootConfiguration com.site.webapp.WebappApplication for test class com.site.webapp.service.UserServiceTest
2026-03-03 19:32:42 [] DEBUG - 
    select
        u1_0.id,
        u1_0.email,
        u1_0.first_name,
        u1_0.last_name,
        u1_0.password 
    from
        users u1_0 
    where
        u1_0.email=?
2026-03-03 19:32:42 [] DEBUG - 
    select
        r1_0.id,
        r1_0.name 
    from
        roles r1_0 
    where
        r1_0.id=?
2026-03-03 19:32:42 [] DEBUG - 
    insert 
    into
        users
        (email, first_name, last_name, password) 
    values
        (?, ?, ?, ?)
2026-03-03 19:32:42 [] DEBUG - 
    select
        u1_0.id,
        u1_0.email,
        u1_0.first_name,
        u1_0.last_name,
        u1_0.password 
    from
        users u1_0 
    where
        u1_0.email=?
2026-03-03 19:32:42 [] DEBUG - 
    select
        u1_0.id,
        u1_0.email,
        u1_0.first_name,
        u1_0.last_name,
        u1_0.password 
    from
        users u1_0 
    where
        u1_0.email=?
2026-03-03 19:32:42 [] DEBUG - 
    select
        r1_0.id,
        r1_0.name 
    from
        roles r1_0 
    where
        r1_0.id=?
2026-03-03 19:32:42 [] DEBUG - 
    insert 
    into
        users
        (email, first_name, last_name, password) 
    values
        (?, ?, ?, ?)
2026-03-03 19:32:42 [] DEBUG - 
    select
        u1_0.id,
        u1_0.email,
        u1_0.first_name,
        u1_0.last_name,
        u1_0.password 
    from
        users u1_0 
    where
        u1_0.email=?
2026-03-03 19:32:42 [] DEBUG - 
    select
        r1_0.id,
        r1_0.name 
    from
        roles r1_0 
    where
        r1_0.id=?
2026-03-03 19:32:42 [] DEBUG - 
    insert 
    into
        users
        (email, first_name, last_name, password) 
    values
        (?, ?, ?, ?)
2026-03-03 19:32:42 [] DEBUG - 
    select
        u1_0.id,
        u1_0.email,
        u1_0.first_name,
        u1_0.last_name,
        u1_0.password 
    from
        users u1_0 
    where
        u1_0.email=?
2026-03-03 19:32:43 [] DEBUG - 
    select
        u1_0.id,
        u1_0.email,
        u1_0.first_name,
        u1_0.last_name,
        u1_0.password 
    from
        users u1_0 
    where
        u1_0.email=?
2026-03-03 19:32:43 [] DEBUG - 
    select
        r1_0.id,
        r1_0.name 
    from
        roles r1_0 
    where
        r1_0.id=?
2026-03-03 19:32:43 [] DEBUG - 
    insert 
    into
        users
        (email, first_name, last_name, password) 
    values
        (?, ?, ?, ?)
2026-03-03 19:32:43 [] DEBUG - 
    select
        u1_0.id,
        u1_0.email,
        u1_0.first_name,
        u1_0.last_name,
        u1_0.password 
    from
        users u1_0 
    where
        u1_0.email=?
2026-03-03 19:32:43 [] DEBUG - 
    select
        u1_0.id,
        u1_0.email,
        u1_0.first_name,
        u1_0.last_name,
        u1_0.password 
    from
        users u1_0 
    where
        u1_0.email=?
2026-03-03 19:32:43 [] DEBUG - 
    select
        r1_0.id,
        r1_0.name 
    from
        roles r1_0 
    where
        r1_0.id=?
2026-03-03 19:32:43 [] DEBUG - 
    insert 
    into
        users
        (email, first_name, last_name, password) 
    values
        (?, ?, ?, ?)
2026-03-03 19:32:43 [] INFO  - Could not detect default configuration classes for test class [com.site.webapp.controllers.TaskControllerTest]: TaskControllerTest does not declare any static, non-private, non-final, nested classes annotated with @Configuration.
2026-03-03 19:32:43 [] INFO  - Found @SpringBootConfiguration com.site.webapp.WebappApplication for test class com.site.webapp.controllers.TaskControllerTest
2026-03-03 19:32:43 [] DEBUG - 
    select
        nextval('tasks_seq')
2026-03-03 19:32:43 [] DEBUG - 
    insert 
    into
        tasks
        (artist_id, comment, deadline, priority, title, id) 
    values
        (?, ?, ?, ?, ?, ?)
2026-03-03 19:32:43 [] DEBUG - 
    select
        count(*) 
    from
        tasks t1_0
2026-03-03 19:32:43 [] DEBUG - 
    select
        u1_0.id,
        u1_0.email,
        u1_0.first_name,
        u1_0.last_name,
        u1_0.password 
    from
        users u1_0 
    where
        u1_0.email=?
2026-03-03 19:32:43 [] DEBUG - 
    select
        r1_0.id,
        r1_0.name 
    from
        roles r1_0 
    where
        r1_0.id=?
2026-03-03 19:32:43 [] DEBUG - 
    insert 
    into
        users
        (email, first_name, last_name, password) 
    values
        (?, ?, ?, ?)
2026-03-03 19:32:43 [] DEBUG - 
    insert 
    into
        tasks
        (artist_id, comment, deadline, priority, title, id) 
    values
        (?, ?, ?, ?, ?, ?)
2026-03-03 19:32:43 [] DEBUG - 
    insert 
    into
        user_roles
        (user_id, role_id) 
    values
        (?, ?)
2026-03-03 19:32:43 [] DEBUG - 
    select
        t1_0.id,
        t1_0.artist_id,
        t1_0.comment,
        t1_0.deadline,
        t1_0.priority,
        t1_0.title 
    from
        tasks t1_0 
    where
        t1_0.artist_id=?
2026-03-03 19:32:43 [] DEBUG - 
    select
        u1_0.id,
        u1_0.email,
        u1_0.first_name,
        u1_0.last_name,
        u1_0.password 
    from
        users u1_0
2026-03-03 19:32:43 [] DEBUG - 
    select
        r1_0.user_id,
        r1_1.id,
        r1_1.name 
    from
        user_roles r1_0 
    join
        roles r1_1 
            on r1_1.id=r1_0.role_id 
    where
        r1_0.user_id=?
2026-03-03 19:32:43 [] DEBUG - 
    select
        r1_0.user_id,
        r1_1.id,
        r1_1.name 
    from
        user_roles r1_0 
    join
        roles r1_1 
            on r1_1.id=r1_0.role_id 
    where
        r1_0.user_id=?
2026-03-03 19:32:43 [] DEBUG - 
    select
        r1_0.user_id,
        r1_1.id,
        r1_1.name 
    from
        user_roles r1_0 
    join
        roles r1_1 
            on r1_1.id=r1_0.role_id 
    where
        r1_0.user_id=?
2026-03-03 19:32:43 [] DEBUG - 
    select
        r1_0.user_id,
        r1_1.id,
        r1_1.name 
    from
        user_roles r1_0 
    join
        roles r1_1 
            on r1_1.id=r1_0.role_id 
    where
        r1_0.user_id=?
2026-03-03 19:32:43 [] INFO  - Could not detect default configuration classes for test class [com.site.webapp.repo.TasksRepositoryTest]: TasksRepositoryTest does not declare any static, non-private, non-final, nested classes annotated with @Configuration.
2026-03-03 19:32:43 [] INFO  - Found @SpringBootConfiguration com.site.webapp.WebappApplication for test class com.site.webapp.repo.TasksRepositoryTest
2026-03-03 19:32:43 [] DEBUG - 
    insert 
    into
        tasks
        (artist_id, comment, deadline, priority, title, id) 
    values
        (?, ?, ?, ?, ?, ?)
2026-03-03 19:32:43 [] DEBUG - 
    insert 
    into
        tasks
        (artist_id, comment, deadline, priority, title, id) 
    values
        (?, ?, ?, ?, ?, ?)
2026-03-03 19:32:43 [] DEBUG - 
    insert 
    into
        tasks
        (artist_id, comment, deadline, priority, title, id) 
    values
        (?, ?, ?, ?, ?, ?)
2026-03-03 19:32:43 [] DEBUG - 
    insert 
    into
        tasks
        (artist_id, comment, deadline, priority, title, id) 
    values
        (?, ?, ?, ?, ?, ?)
2026-03-03 19:32:43 [] DEBUG - 
    select
        t1_0.id,
        t1_0.artist_id,
        t1_0.comment,
        t1_0.deadline,
        t1_0.priority,
        t1_0.title 
    from
        tasks t1_0 
    order by
        t1_0.id desc
2026-03-03 19:32:43 [] DEBUG - 
    insert 
    into
        tasks
        (artist_id, comment, deadline, priority, title, id) 
    values
        (?, ?, ?, ?, ?, ?)
2026-03-03 19:32:43 [] DEBUG - 
    insert 
    into
        tasks
        (artist_id, comment, deadline, priority, title, id) 
    values
        (?, ?, ?, ?, ?, ?)
2026-03-03 19:32:43 [] DEBUG - 
    insert 
    into
        tasks
        (artist_id, comment, deadline, priority, title, id) 
    values
        (?, ?, ?, ?, ?, ?)
2026-03-03 19:32:43 [] DEBUG - 
    insert 
    into
        tasks
        (artist_id, comment, deadline, priority, title, id) 
    values
        (?, ?, ?, ?, ?, ?)
2026-03-03 19:32:43 [] DEBUG - 
    insert 
    into
        tasks
        (artist_id, comment, deadline, priority, title, id) 
    values
        (?, ?, ?, ?, ?, ?)
2026-03-03 19:32:43 [] DEBUG - 
    insert 
    into
        tasks
        (artist_id, comment, deadline, priority, title, id) 
    values
        (?, ?, ?, ?, ?, ?)
2026-03-03 19:32:43 [] DEBUG - 
    select
        t1_0.id,
        t1_0.artist_id,
        t1_0.comment,
        t1_0.deadline,
        t1_0.priority,
        t1_0.title 
    from
        tasks t1_0 
    order by
        t1_0.deadline desc
2026-03-03 19:32:43 [] DEBUG - 
    insert 
    into
        tasks
        (artist_id, comment, deadline, priority, title, id) 
    values
        (?, ?, ?, ?, ?, ?)
2026-03-03 19:32:43 [] DEBUG - 
    insert 
    into
        tasks
        (artist_id, comment, deadline, priority, title, id) 
    values
        (?, ?, ?, ?, ?, ?)
2026-03-03 19:32:43 [] DEBUG - 
    insert 
    into
        tasks
        (artist_id, comment, deadline, priority, title, id) 
    values
        (?, ?, ?, ?, ?, ?)
2026-03-03 19:32:43 [] DEBUG - 
    insert 
    into
        tasks
        (artist_id, comment, deadline, priority, title, id) 
    values
        (?, ?, ?, ?, ?, ?)
2026-03-03 19:32:43 [] DEBUG - 
    select
        t1_0.id,
        t1_0.artist_id,
        t1_0.comment,
        t1_0.deadline,
        t1_0.priority,
        t1_0.title 
    from
        tasks t1_0 
    order by
        t1_0.priority
2026-03-03 19:32:43 [] DEBUG - 
    insert 
    into
        tasks
        (artist_id, comment, deadline, priority, title, id) 
    values
        (?, ?, ?, ?, ?, ?)
2026-03-03 19:32:43 [] DEBUG - 
    insert 
    into
        tasks
        (artist_id, comment, deadline, priority, title, id) 
    values
        (?, ?, ?, ?, ?, ?)
2026-03-03 19:32:43 [] DEBUG - 
    insert 
    into
        tasks
        (artist_id, comment, deadline, priority, title, id) 
    values
        (?, ?, ?, ?, ?, ?)
2026-03-03 19:32:43 [] DEBUG - 
    insert 
    into
        tasks
        (artist_id, comment, deadline, priority, title, id) 
    values
        (?, ?, ?, ?, ?, ?)
2026-03-03 19:32:43 [] DEBUG - 
    select
        t1_0.id,
        t1_0.artist_id,
        t1_0.comment,
        t1_0.deadline,
        t1_0.priority,
        t1_0.title 
    from
        tasks t1_0 
    order by
        t1_0.id
2026-03-03 19:32:43 [] DEBUG - 
    insert 
    into
        tasks
        (artist_id, comment, deadline, priority, title, id) 
    values
        (?, ?, ?, ?, ?, ?)
2026-03-03 19:32:43 [] DEBUG - 
    insert 
    into
        tasks
        (artist_id, comment, deadline, priority, title, id) 
    values
        (?, ?, ?, ?, ?, ?)
2026-03-03 19:32:43 [] DEBUG - 
    insert 
    into
        tasks
        (artist_id, comment, deadline, priority, title, id) 
    values
        (?, ?, ?, ?, ?, ?)
2026-03-03 19:32:43 [] DEBUG - 
    insert 
    into
        tasks
        (artist_id, comment, deadline, priority, title, id) 
    values
        (?, ?, ?, ?, ?, ?)
2026-03-03 19:32:43 [] DEBUG - 
    select
        t1_0.id,
        t1_0.artist_id,
        t1_0.comment,
        t1_0.deadline,
        t1_0.priority,
        t1_0.title 
    from
        tasks t1_0 
    where
        t1_0.artist_id=?
2026-03-03 19:32:43 [] DEBUG - 
    select
        t1_0.id,
        t1_0.artist_id,
        t1_0.comment,
        t1_0.deadline,
        t1_0.priority,
        t1_0.title 
    from
        tasks t1_0 
    where
        t1_0.artist_id=?
2026-03-03 19:32:43 [] DEBUG - 
    select
        t1_0.id,
        t1_0.artist_id,
        t1_0.comment,
        t1_0.deadline,
        t1_0.priority,
        t1_0.title 
    from
        tasks t1_0 
    where
        t1_0.artist_id=?
2026-03-03 19:32:43 [] INFO  - Closing JPA EntityManagerFactory for persistence unit 'default'
2026-03-03 19:32:43 [] INFO  - HikariPool-1 - Shutdown initiated...
2026-03-03 19:32:43 [] INFO  - HikariPool-1 - Shutdown completed.
2026-03-03 19:34:35 [] INFO  - Starting WebappApplicationTests using Java 21.0.7 with PID 5176 (started by Дима in C:\Users\Дима\Downloads\webappII\webapp)
2026-03-03 19:34:35 [] DEBUG - Running with Spring Boot v4.0.0, Spring v7.0.1
2026-03-03 19:34:35 [] INFO  - No active profile set, falling back to 1 default profile: "default"
2026-03-03 19:34:36 [] INFO  - Bootstrapping Spring Data JPA repositories in DEFAULT mode.
2026-03-03 19:34:36 [] INFO  - Finished Spring Data repository scanning in 50 ms. Found 3 JPA repository interfaces.
2026-03-03 19:34:37 [] INFO  - HHH000204: Processing PersistenceUnitInfo [name: default]
2026-03-03 19:34:37 [] INFO  - HHH000412: Hibernate ORM core version 7.1.8.Final
2026-03-03 19:34:37 [] INFO  - No LoadTimeWeaver setup: ignoring JPA class transformer
2026-03-03 19:34:37 [] INFO  - HikariPool-1 - Starting...
2026-03-03 19:34:37 [] INFO  - HikariPool-1 - Added connection org.postgresql.jdbc.PgConnection@6843fdc4
2026-03-03 19:34:37 [] INFO  - HikariPool-1 - Start completed.
2026-03-03 19:34:37 [] WARN  - HHH90000025: PostgreSQLDialect does not need to be specified explicitly using 'hibernate.dialect' (remove the property setting and it will be selected by default)
2026-03-03 19:34:37 [] INFO  - HHH10001005: Database info:
	Database JDBC URL [jdbc:postgresql://localhost:1408/tasks]
	Database driver: PostgreSQL JDBC Driver
	Database dialect: PostgreSQLDialect
	Database version: 16.2
	Default catalog/schema: tasks/public
	Autocommit mode: undefined/unknown
	Isolation level: READ_COMMITTED [default READ_COMMITTED]
	JDBC fetch size: none
	Pool: DatasourceConnectionProviderImpl
	Minimum pool size: undefined/unknown
	Maximum pool size: undefined/unknown
2026-03-03 19:34:38 [] INFO  - HHH000489: No JTA platform available (set 'hibernate.transaction.jta.platform' to enable JTA platform integration)
2026-03-03 19:34:38 [] INFO  - Initialized JPA EntityManagerFactory for persistence unit 'default'
2026-03-03 19:34:39 [] INFO  - Hibernate is in classpath; If applicable, HQL parser will be used.
2026-03-03 19:34:39 [] WARN  - spring.jpa.open-in-view is enabled by default. Therefore, database queries may be performed during view rendering. Explicitly configure spring.jpa.open-in-view to disable this warning
2026-03-03 19:34:39 [] INFO  - Global AuthenticationManager configured with AuthenticationProvider bean with name authenticationProvider
2026-03-03 19:34:39 [] WARN  - Global AuthenticationManager configured with an AuthenticationProvider bean. UserDetailsService beans will not be used by Spring Security for automatically configuring username/password login. Consider removing the AuthenticationProvider bean. Alternatively, consider using the UserDetailsService in a manually instantiated DaoAuthenticationProvider. If the current configuration is intentional, to turn off this warning, increase the logging level of 'org.springframework.security.config.annotation.authentication.configuration.InitializeUserDetailsBeanManagerConfigurer' to ERROR
2026-03-03 19:34:40 [] INFO  - Started WebappApplicationTests in 4.903 seconds (process running for 6.394)
2026-03-03 19:34:40 [] INFO  - Could not detect default configuration classes for test class [com.site.webapp.repo.UserRepositoryTest]: UserRepositoryTest does not declare any static, non-private, non-final, nested classes annotated with @Configuration.
2026-03-03 19:34:40 [] INFO  - Found @SpringBootConfiguration com.site.webapp.WebappApplication for test class com.site.webapp.repo.UserRepositoryTest
2026-03-03 19:34:40 [] DEBUG - 
    select
        u1_0.id,
        u1_0.email,
        u1_0.first_name,
        u1_0.last_name,
        u1_0.password 
    from
        users u1_0
2026-03-03 19:34:40 [] DEBUG - 
    select
        r1_0.user_id,
        r1_1.id,
        r1_1.name 
    from
        user_roles r1_0 
    join
        roles r1_1 
            on r1_1.id=r1_0.role_id 
    where
        r1_0.user_id=?
2026-03-03 19:34:40 [] DEBUG - 
    select
        r1_0.user_id,
        r1_1.id,
        r1_1.name 
    from
        user_roles r1_0 
    join
        roles r1_1 
            on r1_1.id=r1_0.role_id 
    where
        r1_0.user_id=?
2026-03-03 19:34:40 [] DEBUG - 
    select
        r1_0.user_id,
        r1_1.id,
        r1_1.name 
    from
        user_roles r1_0 
    join
        roles r1_1 
            on r1_1.id=r1_0.role_id 
    where
        r1_0.user_id=?
2026-03-03 19:34:40 [] DEBUG - 
    select
        r1_0.user_id,
        r1_1.id,
        r1_1.name 
    from
        user_roles r1_0 
    join
        roles r1_1 
            on r1_1.id=r1_0.role_id 
    where
        r1_0.user_id=?
2026-03-03 19:34:41 [] DEBUG - 
    insert 
    into
        users
        (email, first_name, last_name, password) 
    values
        (?, ?, ?, ?)
2026-03-03 19:34:41 [] DEBUG - 
    delete 
    from
        user_roles 
    where
        user_id=?
2026-03-03 19:34:41 [] DEBUG - 
    delete 
    from
        user_roles 
    where
        user_id=?
2026-03-03 19:34:41 [] DEBUG - 
    delete 
    from
        user_roles 
    where
        user_id=?
2026-03-03 19:34:41 [] DEBUG - 
    delete 
    from
        users 
    where
        id=?
2026-03-03 19:34:41 [] DEBUG - 
    delete 
    from
        users 
    where
        id=?
2026-03-03 19:34:41 [] DEBUG - 
    delete 
    from
        users 
    where
        id=?
2026-03-03 19:34:41 [] DEBUG - 
    delete 
    from
        users 
    where
        id=?
2026-03-03 19:34:41 [] DEBUG - 
    select
        u1_0.id,
        u1_0.email,
        u1_0.first_name,
        u1_0.last_name,
        u1_0.password 
    from
        users u1_0 
    where
        u1_0.email=?
2026-03-03 19:34:41 [] INFO  - Could not detect default configuration classes for test class [com.site.webapp.controllers.RegistrationControllerTest]: RegistrationControllerTest does not declare any static, non-private, non-final, nested classes annotated with @Configuration.
2026-03-03 19:34:41 [] INFO  - Found @SpringBootConfiguration com.site.webapp.WebappApplication for test class com.site.webapp.controllers.RegistrationControllerTest
2026-03-03 19:34:41 [] DEBUG - 
    select
        u1_0.id,
        u1_0.email,
        u1_0.first_name,
        u1_0.last_name,
        u1_0.password 
    from
        users u1_0 
    where
        u1_0.email=?
2026-03-03 19:34:41 [] DEBUG - 
    select
        r1_0.id,
        r1_0.name 
    from
        roles r1_0 
    where
        r1_0.id=?
2026-03-03 19:34:41 [] DEBUG - 
    insert 
    into
        users
        (email, first_name, last_name, password) 
    values
        (?, ?, ?, ?)
2026-03-03 19:34:41 [] DEBUG - 
    select
        u1_0.id,
        u1_0.email,
        u1_0.first_name,
        u1_0.last_name,
        u1_0.password 
    from
        users u1_0 
    where
        u1_0.email=?
2026-03-03 19:34:41 [] DEBUG - 
    select
        u1_0.id,
        u1_0.email,
        u1_0.first_name,
        u1_0.last_name,
        u1_0.password 
    from
        users u1_0 
    where
        u1_0.email=?
2026-03-03 19:34:41 [] INFO  - Could not detect default configuration classes for test class [com.site.webapp.service.UserServiceTest]: UserServiceTest does not declare any static, non-private, non-final, nested classes annotated with @Configuration.
2026-03-03 19:34:41 [] INFO  - Found @SpringBootConfiguration com.site.webapp.WebappApplication for test class com.site.webapp.service.UserServiceTest
2026-03-03 19:34:41 [] DEBUG - 
    select
        u1_0.id,
        u1_0.email,
        u1_0.first_name,
        u1_0.last_name,
        u1_0.password 
    from
        users u1_0 
    where
        u1_0.email=?
2026-03-03 19:34:41 [] DEBUG - 
    select
        r1_0.id,
        r1_0.name 
    from
        roles r1_0 
    where
        r1_0.id=?
2026-03-03 19:34:41 [] DEBUG - 
    insert 
    into
        users
        (email, first_name, last_name, password) 
    values
        (?, ?, ?, ?)
2026-03-03 19:34:41 [] DEBUG - 
    select
        u1_0.id,
        u1_0.email,
        u1_0.first_name,
        u1_0.last_name,
        u1_0.password 
    from
        users u1_0 
    where
        u1_0.email=?
2026-03-03 19:34:41 [] DEBUG - 
    select
        u1_0.id,
        u1_0.email,
        u1_0.first_name,
        u1_0.last_name,
        u1_0.password 
    from
        users u1_0 
    where
        u1_0.email=?
2026-03-03 19:34:41 [] DEBUG - 
    select
        r1_0.id,
        r1_0.name 
    from
        roles r1_0 
    where
        r1_0.id=?
2026-03-03 19:34:41 [] DEBUG - 
    insert 
    into
        users
        (email, first_name, last_name, password) 
    values
        (?, ?, ?, ?)
2026-03-03 19:34:41 [] DEBUG - 
    select
        u1_0.id,
        u1_0.email,
        u1_0.first_name,
        u1_0.last_name,
        u1_0.password 
    from
        users u1_0 
    where
        u1_0.email=?
2026-03-03 19:34:41 [] DEBUG - 
    select
        r1_0.id,
        r1_0.name 
    from
        roles r1_0 
    where
        r1_0.id=?
2026-03-03 19:34:41 [] DEBUG - 
    insert 
    into
        users
        (email, first_name, last_name, password) 
    values
        (?, ?, ?, ?)
2026-03-03 19:34:41 [] DEBUG - 
    select
        u1_0.id,
        u1_0.email,
        u1_0.first_name,
        u1_0.last_name,
        u1_0.password 
    from
        users u1_0 
    where
        u1_0.email=?
2026-03-03 19:34:41 [] DEBUG - 
    select
        u1_0.id,
        u1_0.email,
        u1_0.first_name,
        u1_0.last_name,
        u1_0.password 
    from
        users u1_0 
    where
        u1_0.email=?
2026-03-03 19:34:41 [] DEBUG - 
    select
        r1_0.id,
        r1_0.name 
    from
        roles r1_0 
    where
        r1_0.id=?
2026-03-03 19:34:41 [] DEBUG - 
    insert 
    into
        users
        (email, first_name, last_name, password) 
    values
        (?, ?, ?, ?)
2026-03-03 19:34:41 [] DEBUG - 
    select
        u1_0.id,
        u1_0.email,
        u1_0.first_name,
        u1_0.last_name,
        u1_0.password 
    from
        users u1_0 
    where
        u1_0.email=?
2026-03-03 19:34:41 [] DEBUG - 
    select
        u1_0.id,
        u1_0.email,
        u1_0.first_name,
        u1_0.last_name,
        u1_0.password 
    from
        users u1_0 
    where
        u1_0.email=?
2026-03-03 19:34:41 [] DEBUG - 
    select
        r1_0.id,
        r1_0.name 
    from
        roles r1_0 
    where
        r1_0.id=?
2026-03-03 19:34:41 [] DEBUG - 
    insert 
    into
        users
        (email, first_name, last_name, password) 
    values
        (?, ?, ?, ?)
2026-03-03 19:34:41 [] INFO  - Could not detect default configuration classes for test class [com.site.webapp.controllers.TaskControllerTest]: TaskControllerTest does not declare any static, non-private, non-final, nested classes annotated with @Configuration.
2026-03-03 19:34:41 [] INFO  - Found @SpringBootConfiguration com.site.webapp.WebappApplication for test class com.site.webapp.controllers.TaskControllerTest
2026-03-03 19:34:41 [] DEBUG - 
    select
        nextval('tasks_seq')
2026-03-03 19:34:41 [] DEBUG - 
    insert 
    into
        tasks
        (artist_id, comment, deadline, priority, title, id) 
    values
        (?, ?, ?, ?, ?, ?)
2026-03-03 19:34:41 [] DEBUG - 
    select
        count(*) 
    from
        tasks t1_0
2026-03-03 19:34:41 [] DEBUG - 
    select
        u1_0.id,
        u1_0.email,
        u1_0.first_name,
        u1_0.last_name,
        u1_0.password 
    from
        users u1_0 
    where
        u1_0.email=?
2026-03-03 19:34:41 [] DEBUG - 
    select
        r1_0.id,
        r1_0.name 
    from
        roles r1_0 
    where
        r1_0.id=?
2026-03-03 19:34:41 [] DEBUG - 
    insert 
    into
        users
        (email, first_name, last_name, password) 
    values
        (?, ?, ?, ?)
2026-03-03 19:34:42 [] DEBUG - 
    insert 
    into
        tasks
        (artist_id, comment, deadline, priority, title, id) 
    values
        (?, ?, ?, ?, ?, ?)
2026-03-03 19:34:42 [] DEBUG - 
    insert 
    into
        user_roles
        (user_id, role_id) 
    values
        (?, ?)
2026-03-03 19:34:42 [] DEBUG - 
    select
        t1_0.id,
        t1_0.artist_id,
        t1_0.comment,
        t1_0.deadline,
        t1_0.priority,
        t1_0.title 
    from
        tasks t1_0 
    where
        t1_0.artist_id=?
2026-03-03 19:34:42 [] DEBUG - 
    select
        u1_0.id,
        u1_0.email,
        u1_0.first_name,
        u1_0.last_name,
        u1_0.password 
    from
        users u1_0
2026-03-03 19:34:42 [] DEBUG - 
    select
        r1_0.user_id,
        r1_1.id,
        r1_1.name 
    from
        user_roles r1_0 
    join
        roles r1_1 
            on r1_1.id=r1_0.role_id 
    where
        r1_0.user_id=?
2026-03-03 19:34:42 [] DEBUG - 
    select
        r1_0.user_id,
        r1_1.id,
        r1_1.name 
    from
        user_roles r1_0 
    join
        roles r1_1 
            on r1_1.id=r1_0.role_id 
    where
        r1_0.user_id=?
2026-03-03 19:34:42 [] DEBUG - 
    select
        r1_0.user_id,
        r1_1.id,
        r1_1.name 
    from
        user_roles r1_0 
    join
        roles r1_1 
            on r1_1.id=r1_0.role_id 
    where
        r1_0.user_id=?
2026-03-03 19:34:42 [] DEBUG - 
    select
        r1_0.user_id,
        r1_1.id,
        r1_1.name 
    from
        user_roles r1_0 
    join
        roles r1_1 
            on r1_1.id=r1_0.role_id 
    where
        r1_0.user_id=?
2026-03-03 19:34:42 [] INFO  - Could not detect default configuration classes for test class [com.site.webapp.repo.TasksRepositoryTest]: TasksRepositoryTest does not declare any static, non-private, non-final, nested classes annotated with @Configuration.
2026-03-03 19:34:42 [] INFO  - Found @SpringBootConfiguration com.site.webapp.WebappApplication for test class com.site.webapp.repo.TasksRepositoryTest
2026-03-03 19:34:42 [] DEBUG - 
    insert 
    into
        tasks
        (artist_id, comment, deadline, priority, title, id) 
    values
        (?, ?, ?, ?, ?, ?)
2026-03-03 19:34:42 [] DEBUG - 
    insert 
    into
        tasks
        (artist_id, comment, deadline, priority, title, id) 
    values
        (?, ?, ?, ?, ?, ?)
2026-03-03 19:34:42 [] DEBUG - 
    insert 
    into
        tasks
        (artist_id, comment, deadline, priority, title, id) 
    values
        (?, ?, ?, ?, ?, ?)
2026-03-03 19:34:42 [] DEBUG - 
    insert 
    into
        tasks
        (artist_id, comment, deadline, priority, title, id) 
    values
        (?, ?, ?, ?, ?, ?)
2026-03-03 19:34:42 [] DEBUG - 
    select
        t1_0.id,
        t1_0.artist_id,
        t1_0.comment,
        t1_0.deadline,
        t1_0.priority,
        t1_0.title 
    from
        tasks t1_0 
    order by
        t1_0.id desc
2026-03-03 19:34:42 [] DEBUG - 
    insert 
    into
        tasks
        (artist_id, comment, deadline, priority, title, id) 
    values
        (?, ?, ?, ?, ?, ?)
2026-03-03 19:34:42 [] DEBUG - 
    insert 
    into
        tasks
        (artist_id, comment, deadline, priority, title, id) 
    values
        (?, ?, ?, ?, ?, ?)
2026-03-03 19:34:42 [] DEBUG - 
    insert 
    into
        tasks
        (artist_id, comment, deadline, priority, title, id) 
    values
        (?, ?, ?, ?, ?, ?)
2026-03-03 19:34:42 [] DEBUG - 
    insert 
    into
        tasks
        (artist_id, comment, deadline, priority, title, id) 
    values
        (?, ?, ?, ?, ?, ?)
2026-03-03 19:34:42 [] DEBUG - 
    insert 
    into
        tasks
        (artist_id, comment, deadline, priority, title, id) 
    values
        (?, ?, ?, ?, ?, ?)
2026-03-03 19:34:42 [] DEBUG - 
    insert 
    into
        tasks
        (artist_id, comment, deadline, priority, title, id) 
    values
        (?, ?, ?, ?, ?, ?)
2026-03-03 19:34:42 [] DEBUG - 
    select
        t1_0.id,
        t1_0.artist_id,
        t1_0.comment,
        t1_0.deadline,
        t1_0.priority,
        t1_0.title 
    from
        tasks t1_0 
    order by
        t1_0.deadline desc
2026-03-03 19:34:42 [] DEBUG - 
    insert 
    into
        tasks
        (artist_id, comment, deadline, priority, title, id) 
    values
        (?, ?, ?, ?, ?, ?)
2026-03-03 19:34:42 [] DEBUG - 
    insert 
    into
        tasks
        (artist_id, comment, deadline, priority, title, id) 
    values
        (?, ?, ?, ?, ?, ?)
2026-03-03 19:34:42 [] DEBUG - 
    insert 
    into
        tasks
        (artist_id, comment, deadline, priority, title, id) 
    values
        (?, ?, ?, ?, ?, ?)
2026-03-03 19:34:42 [] DEBUG - 
    insert 
    into
        tasks
        (artist_id, comment, deadline, priority, title, id) 
    values
        (?, ?, ?, ?, ?, ?)
2026-03-03 19:34:42 [] DEBUG - 
    select
        t1_0.id,
        t1_0.artist_id,
        t1_0.comment,
        t1_0.deadline,
        t1_0.priority,
        t1_0.title 
    from
        tasks t1_0 
    order by
        t1_0.priority
2026-03-03 19:34:42 [] DEBUG - 
    insert 
    into
        tasks
        (artist_id, comment, deadline, priority, title, id) 
    values
        (?, ?, ?, ?, ?, ?)
2026-03-03 19:34:42 [] DEBUG - 
    insert 
    into
        tasks
        (artist_id, comment, deadline, priority, title, id) 
    values
        (?, ?, ?, ?, ?, ?)
2026-03-03 19:34:42 [] DEBUG - 
    insert 
    into
        tasks
        (artist_id, comment, deadline, priority, title, id) 
    values
        (?, ?, ?, ?, ?, ?)
2026-03-03 19:34:42 [] DEBUG - 
    insert 
    into
        tasks
        (artist_id, comment, deadline, priority, title, id) 
    values
        (?, ?, ?, ?, ?, ?)
2026-03-03 19:34:42 [] DEBUG - 
    select
        t1_0.id,
        t1_0.artist_id,
        t1_0.comment,
        t1_0.deadline,
        t1_0.priority,
        t1_0.title 
    from
        tasks t1_0 
    order by
        t1_0.id
2026-03-03 19:34:42 [] DEBUG - 
    insert 
    into
        tasks
        (artist_id, comment, deadline, priority, title, id) 
    values
        (?, ?, ?, ?, ?, ?)
2026-03-03 19:34:42 [] DEBUG - 
    insert 
    into
        tasks
        (artist_id, comment, deadline, priority, title, id) 
    values
        (?, ?, ?, ?, ?, ?)
2026-03-03 19:34:42 [] DEBUG - 
    insert 
    into
        tasks
        (artist_id, comment, deadline, priority, title, id) 
    values
        (?, ?, ?, ?, ?, ?)
2026-03-03 19:34:42 [] DEBUG - 
    insert 
    into
        tasks
        (artist_id, comment, deadline, priority, title, id) 
    values
        (?, ?, ?, ?, ?, ?)
2026-03-03 19:34:42 [] DEBUG - 
    select
        t1_0.id,
        t1_0.artist_id,
        t1_0.comment,
        t1_0.deadline,
        t1_0.priority,
        t1_0.title 
    from
        tasks t1_0 
    where
        t1_0.artist_id=?
2026-03-03 19:34:42 [] DEBUG - 
    select
        t1_0.id,
        t1_0.artist_id,
        t1_0.comment,
        t1_0.deadline,
        t1_0.priority,
        t1_0.title 
    from
        tasks t1_0 
    where
        t1_0.artist_id=?
2026-03-03 19:34:42 [] DEBUG - 
    select
        t1_0.id,
        t1_0.artist_id,
        t1_0.comment,
        t1_0.deadline,
        t1_0.priority,
        t1_0.title 
    from
        tasks t1_0 
    where
        t1_0.artist_id=?
2026-03-03 19:34:42 [] INFO  - Closing JPA EntityManagerFactory for persistence unit 'default'
2026-03-03 19:34:42 [] INFO  - HikariPool-1 - Shutdown initiated...
2026-03-03 19:34:42 [] INFO  - HikariPool-1 - Shutdown completed.
2026-03-03 19:36:44 [] INFO  - Starting TasksRepositoryTest using Java 21.0.7 with PID 18792 (started by Дима in C:\Users\Дима\Downloads\webappII\webapp)
2026-03-03 19:36:44 [] DEBUG - Running with Spring Boot v4.0.0, Spring v7.0.1
2026-03-03 19:36:44 [] INFO  - No active profile set, falling back to 1 default profile: "default"
2026-03-03 19:36:45 [] INFO  - Bootstrapping Spring Data JPA repositories in DEFAULT mode.
2026-03-03 19:36:45 [] INFO  - Finished Spring Data repository scanning in 66 ms. Found 3 JPA repository interfaces.
2026-03-03 19:36:45 [] INFO  - HHH000204: Processing PersistenceUnitInfo [name: default]
2026-03-03 19:36:46 [] INFO  - HHH000412: Hibernate ORM core version 7.1.8.Final
2026-03-03 19:36:46 [] INFO  - No LoadTimeWeaver setup: ignoring JPA class transformer
2026-03-03 19:36:46 [] INFO  - HikariPool-1 - Starting...
2026-03-03 19:36:46 [] INFO  - HikariPool-1 - Added connection org.postgresql.jdbc.PgConnection@10d49900
2026-03-03 19:36:46 [] INFO  - HikariPool-1 - Start completed.
2026-03-03 19:36:46 [] WARN  - HHH90000025: PostgreSQLDialect does not need to be specified explicitly using 'hibernate.dialect' (remove the property setting and it will be selected by default)
2026-03-03 19:36:46 [] INFO  - HHH10001005: Database info:
	Database JDBC URL [jdbc:postgresql://localhost:1408/tasks]
	Database driver: PostgreSQL JDBC Driver
	Database dialect: PostgreSQLDialect
	Database version: 16.2
	Default catalog/schema: tasks/public
	Autocommit mode: undefined/unknown
	Isolation level: READ_COMMITTED [default READ_COMMITTED]
	JDBC fetch size: none
	Pool: DatasourceConnectionProviderImpl
	Minimum pool size: undefined/unknown
	Maximum pool size: undefined/unknown
2026-03-03 19:36:47 [] INFO  - HHH000489: No JTA platform available (set 'hibernate.transaction.jta.platform' to enable JTA platform integration)
2026-03-03 19:36:47 [] INFO  - Initialized JPA EntityManagerFactory for persistence unit 'default'
2026-03-03 19:36:47 [] INFO  - Hibernate is in classpath; If applicable, HQL parser will be used.
2026-03-03 19:36:48 [] WARN  - spring.jpa.open-in-view is enabled by default. Therefore, database queries may be performed during view rendering. Explicitly configure spring.jpa.open-in-view to disable this warning
2026-03-03 19:36:48 [] INFO  - Global AuthenticationManager configured with AuthenticationProvider bean with name authenticationProvider
2026-03-03 19:36:48 [] WARN  - Global AuthenticationManager configured with an AuthenticationProvider bean. UserDetailsService beans will not be used by Spring Security for automatically configuring username/password login. Consider removing the AuthenticationProvider bean. Alternatively, consider using the UserDetailsService in a manually instantiated DaoAuthenticationProvider. If the current configuration is intentional, to turn off this warning, increase the logging level of 'org.springframework.security.config.annotation.authentication.configuration.InitializeUserDetailsBeanManagerConfigurer' to ERROR
2026-03-03 19:36:48 [] INFO  - Started TasksRepositoryTest in 4.568 seconds (process running for 5.854)
2026-03-03 19:36:49 [] DEBUG - 
    select
        nextval('tasks_seq')
2026-03-03 19:36:49 [] DEBUG - 
    insert 
    into
        tasks
        (artist_id, comment, deadline, priority, title, id) 
    values
        (?, ?, ?, ?, ?, ?)
2026-03-03 19:36:49 [] DEBUG - 
    insert 
    into
        tasks
        (artist_id, comment, deadline, priority, title, id) 
    values
        (?, ?, ?, ?, ?, ?)
2026-03-03 19:36:49 [] DEBUG - 
    insert 
    into
        tasks
        (artist_id, comment, deadline, priority, title, id) 
    values
        (?, ?, ?, ?, ?, ?)
2026-03-03 19:36:49 [] DEBUG - 
    insert 
    into
        tasks
        (artist_id, comment, deadline, priority, title, id) 
    values
        (?, ?, ?, ?, ?, ?)
2026-03-03 19:36:49 [] DEBUG - 
    select
        t1_0.id,
        t1_0.artist_id,
        t1_0.comment,
        t1_0.deadline,
        t1_0.priority,
        t1_0.title 
    from
        tasks t1_0 
    order by
        t1_0.id desc
2026-03-03 19:36:49 [] DEBUG - 
    insert 
    into
        tasks
        (artist_id, comment, deadline, priority, title, id) 
    values
        (?, ?, ?, ?, ?, ?)
2026-03-03 19:36:49 [] DEBUG - 
    insert 
    into
        tasks
        (artist_id, comment, deadline, priority, title, id) 
    values
        (?, ?, ?, ?, ?, ?)
2026-03-03 19:36:49 [] DEBUG - 
    insert 
    into
        tasks
        (artist_id, comment, deadline, priority, title, id) 
    values
        (?, ?, ?, ?, ?, ?)
2026-03-03 19:36:49 [] DEBUG - 
    insert 
    into
        tasks
        (artist_id, comment, deadline, priority, title, id) 
    values
        (?, ?, ?, ?, ?, ?)
2026-03-03 19:36:49 [] DEBUG - 
    insert 
    into
        tasks
        (artist_id, comment, deadline, priority, title, id) 
    values
        (?, ?, ?, ?, ?, ?)
2026-03-03 19:36:49 [] DEBUG - 
    insert 
    into
        tasks
        (artist_id, comment, deadline, priority, title, id) 
    values
        (?, ?, ?, ?, ?, ?)
2026-03-03 19:36:49 [] DEBUG - 
    select
        t1_0.id,
        t1_0.artist_id,
        t1_0.comment,
        t1_0.deadline,
        t1_0.priority,
        t1_0.title 
    from
        tasks t1_0 
    order by
        t1_0.deadline desc
2026-03-03 19:36:49 [] DEBUG - 
    insert 
    into
        tasks
        (artist_id, comment, deadline, priority, title, id) 
    values
        (?, ?, ?, ?, ?, ?)
2026-03-03 19:36:49 [] DEBUG - 
    insert 
    into
        tasks
        (artist_id, comment, deadline, priority, title, id) 
    values
        (?, ?, ?, ?, ?, ?)
2026-03-03 19:36:49 [] DEBUG - 
    insert 
    into
        tasks
        (artist_id, comment, deadline, priority, title, id) 
    values
        (?, ?, ?, ?, ?, ?)
2026-03-03 19:36:49 [] DEBUG - 
    insert 
    into
        tasks
        (artist_id, comment, deadline, priority, title, id) 
    values
        (?, ?, ?, ?, ?, ?)
2026-03-03 19:36:49 [] DEBUG - 
    select
        t1_0.id,
        t1_0.artist_id,
        t1_0.comment,
        t1_0.deadline,
        t1_0.priority,
        t1_0.title 
    from
        tasks t1_0 
    order by
        t1_0.priority
2026-03-03 19:36:49 [] DEBUG - 
    insert 
    into
        tasks
        (artist_id, comment, deadline, priority, title, id) 
    values
        (?, ?, ?, ?, ?, ?)
2026-03-03 19:36:49 [] DEBUG - 
    insert 
    into
        tasks
        (artist_id, comment, deadline, priority, title, id) 
    values
        (?, ?, ?, ?, ?, ?)
2026-03-03 19:36:49 [] DEBUG - 
    insert 
    into
        tasks
        (artist_id, comment, deadline, priority, title, id) 
    values
        (?, ?, ?, ?, ?, ?)
2026-03-03 19:36:49 [] DEBUG - 
    insert 
    into
        tasks
        (artist_id, comment, deadline, priority, title, id) 
    values
        (?, ?, ?, ?, ?, ?)
2026-03-03 19:36:49 [] DEBUG - 
    select
        t1_0.id,
        t1_0.artist_id,
        t1_0.comment,
        t1_0.deadline,
        t1_0.priority,
        t1_0.title 
    from
        tasks t1_0 
    order by
        t1_0.id
2026-03-03 19:36:49 [] DEBUG - 
    insert 
    into
        tasks
        (artist_id, comment, deadline, priority, title, id) 
    values
        (?, ?, ?, ?, ?, ?)
2026-03-03 19:36:49 [] DEBUG - 
    insert 
    into
        tasks
        (artist_id, comment, deadline, priority, title, id) 
    values
        (?, ?, ?, ?, ?, ?)
2026-03-03 19:36:49 [] DEBUG - 
    insert 
    into
        tasks
        (artist_id, comment, deadline, priority, title, id) 
    values
        (?, ?, ?, ?, ?, ?)
2026-03-03 19:36:49 [] DEBUG - 
    insert 
    into
        tasks
        (artist_id, comment, deadline, priority, title, id) 
    values
        (?, ?, ?, ?, ?, ?)
2026-03-03 19:36:49 [] DEBUG - 
    select
        t1_0.id,
        t1_0.artist_id,
        t1_0.comment,
        t1_0.deadline,
        t1_0.priority,
        t1_0.title 
    from
        tasks t1_0 
    where
        t1_0.artist_id=?
2026-03-03 19:36:49 [] DEBUG - 
    select
        t1_0.id,
        t1_0.artist_id,
        t1_0.comment,
        t1_0.deadline,
        t1_0.priority,
        t1_0.title 
    from
        tasks t1_0 
    where
        t1_0.artist_id=?
2026-03-03 19:36:49 [] DEBUG - 
    select
        t1_0.id,
        t1_0.artist_id,
        t1_0.comment,
        t1_0.deadline,
        t1_0.priority,
        t1_0.title 
    from
        tasks t1_0 
    where
        t1_0.artist_id=?
2026-03-03 19:36:49 [] INFO  - Closing JPA EntityManagerFactory for persistence unit 'default'
2026-03-03 19:36:49 [] INFO  - HikariPool-1 - Shutdown initiated...
2026-03-03 19:36:49 [] INFO  - HikariPool-1 - Shutdown completed.
2026-03-03 19:37:35 [] INFO  - Starting TasksRepositoryTest using Java 21.0.7 with PID 16644 (started by Дима in C:\Users\Дима\Downloads\webappII\webapp)
2026-03-03 19:37:35 [] DEBUG - Running with Spring Boot v4.0.0, Spring v7.0.1
2026-03-03 19:37:35 [] INFO  - No active profile set, falling back to 1 default profile: "default"
2026-03-03 19:37:36 [] INFO  - Bootstrapping Spring Data JPA repositories in DEFAULT mode.
2026-03-03 19:37:36 [] INFO  - Finished Spring Data repository scanning in 56 ms. Found 3 JPA repository interfaces.
2026-03-03 19:37:36 [] INFO  - HHH000204: Processing PersistenceUnitInfo [name: default]
2026-03-03 19:37:37 [] INFO  - HHH000412: Hibernate ORM core version 7.1.8.Final
2026-03-03 19:37:37 [] INFO  - No LoadTimeWeaver setup: ignoring JPA class transformer
2026-03-03 19:37:37 [] INFO  - HikariPool-1 - Starting...
2026-03-03 19:37:37 [] INFO  - HikariPool-1 - Added connection org.postgresql.jdbc.PgConnection@37d81587
2026-03-03 19:37:37 [] INFO  - HikariPool-1 - Start completed.
2026-03-03 19:37:37 [] WARN  - HHH90000025: PostgreSQLDialect does not need to be specified explicitly using 'hibernate.dialect' (remove the property setting and it will be selected by default)
2026-03-03 19:37:37 [] INFO  - HHH10001005: Database info:
	Database JDBC URL [jdbc:postgresql://localhost:1408/tasks]
	Database driver: PostgreSQL JDBC Driver
	Database dialect: PostgreSQLDialect
	Database version: 16.2
	Default catalog/schema: tasks/public
	Autocommit mode: undefined/unknown
	Isolation level: READ_COMMITTED [default READ_COMMITTED]
	JDBC fetch size: none
	Pool: DatasourceConnectionProviderImpl
	Minimum pool size: undefined/unknown
	Maximum pool size: undefined/unknown
2026-03-03 19:37:38 [] INFO  - HHH000489: No JTA platform available (set 'hibernate.transaction.jta.platform' to enable JTA platform integration)
2026-03-03 19:37:38 [] INFO  - Initialized JPA EntityManagerFactory for persistence unit 'default'
2026-03-03 19:37:38 [] INFO  - Hibernate is in classpath; If applicable, HQL parser will be used.
2026-03-03 19:37:39 [] WARN  - spring.jpa.open-in-view is enabled by default. Therefore, database queries may be performed during view rendering. Explicitly configure spring.jpa.open-in-view to disable this warning
2026-03-03 19:37:39 [] INFO  - Global AuthenticationManager configured with AuthenticationProvider bean with name authenticationProvider
2026-03-03 19:37:39 [] WARN  - Global AuthenticationManager configured with an AuthenticationProvider bean. UserDetailsService beans will not be used by Spring Security for automatically configuring username/password login. Consider removing the AuthenticationProvider bean. Alternatively, consider using the UserDetailsService in a manually instantiated DaoAuthenticationProvider. If the current configuration is intentional, to turn off this warning, increase the logging level of 'org.springframework.security.config.annotation.authentication.configuration.InitializeUserDetailsBeanManagerConfigurer' to ERROR
2026-03-03 19:37:39 [] INFO  - Started TasksRepositoryTest in 4.557 seconds (process running for 5.829)
2026-03-03 19:37:40 [] DEBUG - 
    select
        nextval('tasks_seq')
2026-03-03 19:37:40 [] DEBUG - 
    insert 
    into
        tasks
        (artist_id, comment, deadline, priority, title, id) 
    values
        (?, ?, ?, ?, ?, ?)
2026-03-03 19:37:40 [] DEBUG - 
    insert 
    into
        tasks
        (artist_id, comment, deadline, priority, title, id) 
    values
        (?, ?, ?, ?, ?, ?)
2026-03-03 19:37:40 [] DEBUG - 
    insert 
    into
        tasks
        (artist_id, comment, deadline, priority, title, id) 
    values
        (?, ?, ?, ?, ?, ?)
2026-03-03 19:37:40 [] DEBUG - 
    insert 
    into
        tasks
        (artist_id, comment, deadline, priority, title, id) 
    values
        (?, ?, ?, ?, ?, ?)
2026-03-03 19:37:40 [] DEBUG - 
    select
        t1_0.id,
        t1_0.artist_id,
        t1_0.comment,
        t1_0.deadline,
        t1_0.priority,
        t1_0.title 
    from
        tasks t1_0 
    order by
        t1_0.id desc
2026-03-03 19:37:40 [] DEBUG - 
    insert 
    into
        tasks
        (artist_id, comment, deadline, priority, title, id) 
    values
        (?, ?, ?, ?, ?, ?)
2026-03-03 19:37:40 [] DEBUG - 
    insert 
    into
        tasks
        (artist_id, comment, deadline, priority, title, id) 
    values
        (?, ?, ?, ?, ?, ?)
2026-03-03 19:37:40 [] DEBUG - 
    insert 
    into
        tasks
        (artist_id, comment, deadline, priority, title, id) 
    values
        (?, ?, ?, ?, ?, ?)
2026-03-03 19:37:40 [] DEBUG - 
    insert 
    into
        tasks
        (artist_id, comment, deadline, priority, title, id) 
    values
        (?, ?, ?, ?, ?, ?)
2026-03-03 19:37:40 [] DEBUG - 
    insert 
    into
        tasks
        (artist_id, comment, deadline, priority, title, id) 
    values
        (?, ?, ?, ?, ?, ?)
2026-03-03 19:37:40 [] DEBUG - 
    insert 
    into
        tasks
        (artist_id, comment, deadline, priority, title, id) 
    values
        (?, ?, ?, ?, ?, ?)
2026-03-03 19:37:40 [] DEBUG - 
    select
        t1_0.id,
        t1_0.artist_id,
        t1_0.comment,
        t1_0.deadline,
        t1_0.priority,
        t1_0.title 
    from
        tasks t1_0 
    order by
        t1_0.deadline desc
2026-03-03 19:37:40 [] DEBUG - 
    insert 
    into
        tasks
        (artist_id, comment, deadline, priority, title, id) 
    values
        (?, ?, ?, ?, ?, ?)
2026-03-03 19:37:40 [] DEBUG - 
    insert 
    into
        tasks
        (artist_id, comment, deadline, priority, title, id) 
    values
        (?, ?, ?, ?, ?, ?)
2026-03-03 19:37:40 [] DEBUG - 
    insert 
    into
        tasks
        (artist_id, comment, deadline, priority, title, id) 
    values
        (?, ?, ?, ?, ?, ?)
2026-03-03 19:37:40 [] DEBUG - 
    insert 
    into
        tasks
        (artist_id, comment, deadline, priority, title, id) 
    values
        (?, ?, ?, ?, ?, ?)
2026-03-03 19:37:40 [] DEBUG - 
    select
        t1_0.id,
        t1_0.artist_id,
        t1_0.comment,
        t1_0.deadline,
        t1_0.priority,
        t1_0.title 
    from
        tasks t1_0 
    order by
        t1_0.priority
2026-03-03 19:37:40 [] DEBUG - 
    insert 
    into
        tasks
        (artist_id, comment, deadline, priority, title, id) 
    values
        (?, ?, ?, ?, ?, ?)
2026-03-03 19:37:40 [] DEBUG - 
    insert 
    into
        tasks
        (artist_id, comment, deadline, priority, title, id) 
    values
        (?, ?, ?, ?, ?, ?)
2026-03-03 19:37:40 [] DEBUG - 
    insert 
    into
        tasks
        (artist_id, comment, deadline, priority, title, id) 
    values
        (?, ?, ?, ?, ?, ?)
2026-03-03 19:37:40 [] DEBUG - 
    insert 
    into
        tasks
        (artist_id, comment, deadline, priority, title, id) 
    values
        (?, ?, ?, ?, ?, ?)
2026-03-03 19:37:40 [] DEBUG - 
    select
        t1_0.id,
        t1_0.artist_id,
        t1_0.comment,
        t1_0.deadline,
        t1_0.priority,
        t1_0.title 
    from
        tasks t1_0 
    order by
        t1_0.id
2026-03-03 19:37:40 [] DEBUG - 
    insert 
    into
        tasks
        (artist_id, comment, deadline, priority, title, id) 
    values
        (?, ?, ?, ?, ?, ?)
2026-03-03 19:37:40 [] DEBUG - 
    insert 
    into
        tasks
        (artist_id, comment, deadline, priority, title, id) 
    values
        (?, ?, ?, ?, ?, ?)
2026-03-03 19:37:40 [] DEBUG - 
    insert 
    into
        tasks
        (artist_id, comment, deadline, priority, title, id) 
    values
        (?, ?, ?, ?, ?, ?)
2026-03-03 19:37:40 [] DEBUG - 
    insert 
    into
        tasks
        (artist_id, comment, deadline, priority, title, id) 
    values
        (?, ?, ?, ?, ?, ?)
2026-03-03 19:37:40 [] DEBUG - 
    select
        t1_0.id,
        t1_0.artist_id,
        t1_0.comment,
        t1_0.deadline,
        t1_0.priority,
        t1_0.title 
    from
        tasks t1_0 
    where
        t1_0.artist_id=?
2026-03-03 19:37:40 [] DEBUG - 
    select
        t1_0.id,
        t1_0.artist_id,
        t1_0.comment,
        t1_0.deadline,
        t1_0.priority,
        t1_0.title 
    from
        tasks t1_0 
    where
        t1_0.artist_id=?
2026-03-03 19:37:40 [] DEBUG - 
    select
        t1_0.id,
        t1_0.artist_id,
        t1_0.comment,
        t1_0.deadline,
        t1_0.priority,
        t1_0.title 
    from
        tasks t1_0 
    where
        t1_0.artist_id=?
2026-03-03 19:37:40 [] INFO  - Closing JPA EntityManagerFactory for persistence unit 'default'
2026-03-03 19:37:40 [] INFO  - HikariPool-1 - Shutdown initiated...
2026-03-03 19:37:40 [] INFO  - HikariPool-1 - Shutdown completed.
2026-03-03 19:39:28 [] INFO  - Starting WebappApplicationTests using Java 21.0.7 with PID 19684 (started by Дима in C:\Users\Дима\Downloads\webappII\webapp)
2026-03-03 19:39:28 [] DEBUG - Running with Spring Boot v4.0.0, Spring v7.0.1
2026-03-03 19:39:28 [] INFO  - No active profile set, falling back to 1 default profile: "default"
2026-03-03 19:39:29 [] INFO  - Bootstrapping Spring Data JPA repositories in DEFAULT mode.
2026-03-03 19:39:29 [] INFO  - Finished Spring Data repository scanning in 49 ms. Found 3 JPA repository interfaces.
2026-03-03 19:39:29 [] INFO  - HHH000204: Processing PersistenceUnitInfo [name: default]
2026-03-03 19:39:29 [] INFO  - HHH000412: Hibernate ORM core version 7.1.8.Final
2026-03-03 19:39:30 [] INFO  - No LoadTimeWeaver setup: ignoring JPA class transformer
2026-03-03 19:39:30 [] INFO  - HikariPool-1 - Starting...
2026-03-03 19:39:30 [] INFO  - HikariPool-1 - Added connection org.postgresql.jdbc.PgConnection@66456506
2026-03-03 19:39:30 [] INFO  - HikariPool-1 - Start completed.
2026-03-03 19:39:30 [] WARN  - HHH90000025: PostgreSQLDialect does not need to be specified explicitly using 'hibernate.dialect' (remove the property setting and it will be selected by default)
2026-03-03 19:39:30 [] INFO  - HHH10001005: Database info:
	Database JDBC URL [jdbc:postgresql://localhost:1408/tasks]
	Database driver: PostgreSQL JDBC Driver
	Database dialect: PostgreSQLDialect
	Database version: 16.2
	Default catalog/schema: tasks/public
	Autocommit mode: undefined/unknown
	Isolation level: READ_COMMITTED [default READ_COMMITTED]
	JDBC fetch size: none
	Pool: DatasourceConnectionProviderImpl
	Minimum pool size: undefined/unknown
	Maximum pool size: undefined/unknown
2026-03-03 19:39:31 [] INFO  - HHH000489: No JTA platform available (set 'hibernate.transaction.jta.platform' to enable JTA platform integration)
2026-03-03 19:39:31 [] INFO  - Initialized JPA EntityManagerFactory for persistence unit 'default'
2026-03-03 19:39:31 [] INFO  - Hibernate is in classpath; If applicable, HQL parser will be used.
2026-03-03 19:39:31 [] WARN  - spring.jpa.open-in-view is enabled by default. Therefore, database queries may be performed during view rendering. Explicitly configure spring.jpa.open-in-view to disable this warning
2026-03-03 19:39:32 [] INFO  - Global AuthenticationManager configured with AuthenticationProvider bean with name authenticationProvider
2026-03-03 19:39:32 [] WARN  - Global AuthenticationManager configured with an AuthenticationProvider bean. UserDetailsService beans will not be used by Spring Security for automatically configuring username/password login. Consider removing the AuthenticationProvider bean. Alternatively, consider using the UserDetailsService in a manually instantiated DaoAuthenticationProvider. If the current configuration is intentional, to turn off this warning, increase the logging level of 'org.springframework.security.config.annotation.authentication.configuration.InitializeUserDetailsBeanManagerConfigurer' to ERROR
2026-03-03 19:39:32 [] INFO  - Started WebappApplicationTests in 4.586 seconds (process running for 5.907)
2026-03-03 19:39:33 [] INFO  - Could not detect default configuration classes for test class [com.site.webapp.repo.UserRepositoryTest]: UserRepositoryTest does not declare any static, non-private, non-final, nested classes annotated with @Configuration.
2026-03-03 19:39:33 [] INFO  - Found @SpringBootConfiguration com.site.webapp.WebappApplication for test class com.site.webapp.repo.UserRepositoryTest
2026-03-03 19:39:33 [] DEBUG - 
    select
        u1_0.id,
        u1_0.email,
        u1_0.first_name,
        u1_0.last_name,
        u1_0.password 
    from
        users u1_0
2026-03-03 19:39:33 [] DEBUG - 
    select
        r1_0.user_id,
        r1_1.id,
        r1_1.name 
    from
        user_roles r1_0 
    join
        roles r1_1 
            on r1_1.id=r1_0.role_id 
    where
        r1_0.user_id=?
2026-03-03 19:39:33 [] DEBUG - 
    select
        r1_0.user_id,
        r1_1.id,
        r1_1.name 
    from
        user_roles r1_0 
    join
        roles r1_1 
            on r1_1.id=r1_0.role_id 
    where
        r1_0.user_id=?
2026-03-03 19:39:33 [] DEBUG - 
    select
        r1_0.user_id,
        r1_1.id,
        r1_1.name 
    from
        user_roles r1_0 
    join
        roles r1_1 
            on r1_1.id=r1_0.role_id 
    where
        r1_0.user_id=?
2026-03-03 19:39:33 [] DEBUG - 
    select
        r1_0.user_id,
        r1_1.id,
        r1_1.name 
    from
        user_roles r1_0 
    join
        roles r1_1 
            on r1_1.id=r1_0.role_id 
    where
        r1_0.user_id=?
2026-03-03 19:39:33 [] DEBUG - 
    insert 
    into
        users
        (email, first_name, last_name, password) 
    values
        (?, ?, ?, ?)
2026-03-03 19:39:33 [] DEBUG - 
    delete 
    from
        user_roles 
    where
        user_id=?
2026-03-03 19:39:33 [] DEBUG - 
    delete 
    from
        user_roles 
    where
        user_id=?
2026-03-03 19:39:33 [] DEBUG - 
    delete 
    from
        user_roles 
    where
        user_id=?
2026-03-03 19:39:33 [] DEBUG - 
    delete 
    from
        users 
    where
        id=?
2026-03-03 19:39:33 [] DEBUG - 
    delete 
    from
        users 
    where
        id=?
2026-03-03 19:39:33 [] DEBUG - 
    delete 
    from
        users 
    where
        id=?
2026-03-03 19:39:33 [] DEBUG - 
    delete 
    from
        users 
    where
        id=?
2026-03-03 19:39:33 [] DEBUG - 
    select
        u1_0.id,
        u1_0.email,
        u1_0.first_name,
        u1_0.last_name,
        u1_0.password 
    from
        users u1_0 
    where
        u1_0.email=?
2026-03-03 19:39:33 [] INFO  - Could not detect default configuration classes for test class [com.site.webapp.controllers.RegistrationControllerTest]: RegistrationControllerTest does not declare any static, non-private, non-final, nested classes annotated with @Configuration.
2026-03-03 19:39:33 [] INFO  - Found @SpringBootConfiguration com.site.webapp.WebappApplication for test class com.site.webapp.controllers.RegistrationControllerTest
2026-03-03 19:39:33 [] DEBUG - 
    select
        u1_0.id,
        u1_0.email,
        u1_0.first_name,
        u1_0.last_name,
        u1_0.password 
    from
        users u1_0 
    where
        u1_0.email=?
2026-03-03 19:39:33 [] DEBUG - 
    select
        r1_0.id,
        r1_0.name 
    from
        roles r1_0 
    where
        r1_0.id=?
2026-03-03 19:39:33 [] DEBUG - 
    insert 
    into
        users
        (email, first_name, last_name, password) 
    values
        (?, ?, ?, ?)
2026-03-03 19:39:33 [] DEBUG - 
    select
        u1_0.id,
        u1_0.email,
        u1_0.first_name,
        u1_0.last_name,
        u1_0.password 
    from
        users u1_0 
    where
        u1_0.email=?
2026-03-03 19:39:33 [] DEBUG - 
    select
        u1_0.id,
        u1_0.email,
        u1_0.first_name,
        u1_0.last_name,
        u1_0.password 
    from
        users u1_0 
    where
        u1_0.email=?
2026-03-03 19:39:33 [] INFO  - Could not detect default configuration classes for test class [com.site.webapp.service.UserServiceTest]: UserServiceTest does not declare any static, non-private, non-final, nested classes annotated with @Configuration.
2026-03-03 19:39:33 [] INFO  - Found @SpringBootConfiguration com.site.webapp.WebappApplication for test class com.site.webapp.service.UserServiceTest
2026-03-03 19:39:33 [] DEBUG - 
    select
        u1_0.id,
        u1_0.email,
        u1_0.first_name,
        u1_0.last_name,
        u1_0.password 
    from
        users u1_0 
    where
        u1_0.email=?
2026-03-03 19:39:33 [] DEBUG - 
    select
        r1_0.id,
        r1_0.name 
    from
        roles r1_0 
    where
        r1_0.id=?
2026-03-03 19:39:33 [] DEBUG - 
    insert 
    into
        users
        (email, first_name, last_name, password) 
    values
        (?, ?, ?, ?)
2026-03-03 19:39:33 [] DEBUG - 
    select
        u1_0.id,
        u1_0.email,
        u1_0.first_name,
        u1_0.last_name,
        u1_0.password 
    from
        users u1_0 
    where
        u1_0.email=?
2026-03-03 19:39:33 [] DEBUG - 
    select
        u1_0.id,
        u1_0.email,
        u1_0.first_name,
        u1_0.last_name,
        u1_0.password 
    from
        users u1_0 
    where
        u1_0.email=?
2026-03-03 19:39:33 [] DEBUG - 
    select
        r1_0.id,
        r1_0.name 
    from
        roles r1_0 
    where
        r1_0.id=?
2026-03-03 19:39:33 [] DEBUG - 
    insert 
    into
        users
        (email, first_name, last_name, password) 
    values
        (?, ?, ?, ?)
2026-03-03 19:39:33 [] DEBUG - 
    select
        u1_0.id,
        u1_0.email,
        u1_0.first_name,
        u1_0.last_name,
        u1_0.password 
    from
        users u1_0 
    where
        u1_0.email=?
2026-03-03 19:39:33 [] DEBUG - 
    select
        r1_0.id,
        r1_0.name 
    from
        roles r1_0 
    where
        r1_0.id=?
2026-03-03 19:39:33 [] DEBUG - 
    insert 
    into
        users
        (email, first_name, last_name, password) 
    values
        (?, ?, ?, ?)
2026-03-03 19:39:33 [] DEBUG - 
    select
        u1_0.id,
        u1_0.email,
        u1_0.first_name,
        u1_0.last_name,
        u1_0.password 
    from
        users u1_0 
    where
        u1_0.email=?
2026-03-03 19:39:33 [] DEBUG - 
    select
        u1_0.id,
        u1_0.email,
        u1_0.first_name,
        u1_0.last_name,
        u1_0.password 
    from
        users u1_0 
    where
        u1_0.email=?
2026-03-03 19:39:33 [] DEBUG - 
    select
        r1_0.id,
        r1_0.name 
    from
        roles r1_0 
    where
        r1_0.id=?
2026-03-03 19:39:34 [] DEBUG - 
    insert 
    into
        users
        (email, first_name, last_name, password) 
    values
        (?, ?, ?, ?)
2026-03-03 19:39:34 [] DEBUG - 
    select
        u1_0.id,
        u1_0.email,
        u1_0.first_name,
        u1_0.last_name,
        u1_0.password 
    from
        users u1_0 
    where
        u1_0.email=?
2026-03-03 19:39:34 [] DEBUG - 
    select
        u1_0.id,
        u1_0.email,
        u1_0.first_name,
        u1_0.last_name,
        u1_0.password 
    from
        users u1_0 
    where
        u1_0.email=?
2026-03-03 19:39:34 [] DEBUG - 
    select
        r1_0.id,
        r1_0.name 
    from
        roles r1_0 
    where
        r1_0.id=?
2026-03-03 19:39:34 [] DEBUG - 
    insert 
    into
        users
        (email, first_name, last_name, password) 
    values
        (?, ?, ?, ?)
2026-03-03 19:39:34 [] INFO  - Could not detect default configuration classes for test class [com.site.webapp.controllers.TaskControllerTest]: TaskControllerTest does not declare any static, non-private, non-final, nested classes annotated with @Configuration.
2026-03-03 19:39:34 [] INFO  - Found @SpringBootConfiguration com.site.webapp.WebappApplication for test class com.site.webapp.controllers.TaskControllerTest
2026-03-03 19:39:34 [] DEBUG - 
    select
        nextval('tasks_seq')
2026-03-03 19:39:34 [] DEBUG - 
    insert 
    into
        tasks
        (artist_id, comment, deadline, priority, title, id) 
    values
        (?, ?, ?, ?, ?, ?)
2026-03-03 19:39:34 [] DEBUG - 
    select
        count(*) 
    from
        tasks t1_0
2026-03-03 19:39:34 [] DEBUG - 
    select
        u1_0.id,
        u1_0.email,
        u1_0.first_name,
        u1_0.last_name,
        u1_0.password 
    from
        users u1_0 
    where
        u1_0.email=?
2026-03-03 19:39:34 [] DEBUG - 
    select
        r1_0.id,
        r1_0.name 
    from
        roles r1_0 
    where
        r1_0.id=?
2026-03-03 19:39:34 [] DEBUG - 
    insert 
    into
        users
        (email, first_name, last_name, password) 
    values
        (?, ?, ?, ?)
2026-03-03 19:39:34 [] DEBUG - 
    insert 
    into
        tasks
        (artist_id, comment, deadline, priority, title, id) 
    values
        (?, ?, ?, ?, ?, ?)
2026-03-03 19:39:34 [] DEBUG - 
    insert 
    into
        user_roles
        (user_id, role_id) 
    values
        (?, ?)
2026-03-03 19:39:34 [] DEBUG - 
    select
        t1_0.id,
        t1_0.artist_id,
        t1_0.comment,
        t1_0.deadline,
        t1_0.priority,
        t1_0.title 
    from
        tasks t1_0 
    where
        t1_0.artist_id=?
2026-03-03 19:39:34 [] DEBUG - 
    select
        u1_0.id,
        u1_0.email,
        u1_0.first_name,
        u1_0.last_name,
        u1_0.password 
    from
        users u1_0
2026-03-03 19:39:34 [] DEBUG - 
    select
        r1_0.user_id,
        r1_1.id,
        r1_1.name 
    from
        user_roles r1_0 
    join
        roles r1_1 
            on r1_1.id=r1_0.role_id 
    where
        r1_0.user_id=?
2026-03-03 19:39:34 [] DEBUG - 
    select
        r1_0.user_id,
        r1_1.id,
        r1_1.name 
    from
        user_roles r1_0 
    join
        roles r1_1 
            on r1_1.id=r1_0.role_id 
    where
        r1_0.user_id=?
2026-03-03 19:39:34 [] DEBUG - 
    select
        r1_0.user_id,
        r1_1.id,
        r1_1.name 
    from
        user_roles r1_0 
    join
        roles r1_1 
            on r1_1.id=r1_0.role_id 
    where
        r1_0.user_id=?
2026-03-03 19:39:34 [] DEBUG - 
    select
        r1_0.user_id,
        r1_1.id,
        r1_1.name 
    from
        user_roles r1_0 
    join
        roles r1_1 
            on r1_1.id=r1_0.role_id 
    where
        r1_0.user_id=?
2026-03-03 19:39:34 [] INFO  - Could not detect default configuration classes for test class [com.site.webapp.repo.TasksRepositoryTest]: TasksRepositoryTest does not declare any static, non-private, non-final, nested classes annotated with @Configuration.
2026-03-03 19:39:34 [] INFO  - Found @SpringBootConfiguration com.site.webapp.WebappApplication for test class com.site.webapp.repo.TasksRepositoryTest
2026-03-03 19:39:34 [] DEBUG - 
    select
        t1_0.id,
        t1_0.artist_id,
        t1_0.comment,
        t1_0.deadline,
        t1_0.priority,
        t1_0.title 
    from
        tasks t1_0
2026-03-03 19:39:34 [] DEBUG - 
    insert 
    into
        tasks
        (artist_id, comment, deadline, priority, title, id) 
    values
        (?, ?, ?, ?, ?, ?)
2026-03-03 19:39:34 [] DEBUG - 
    insert 
    into
        tasks
        (artist_id, comment, deadline, priority, title, id) 
    values
        (?, ?, ?, ?, ?, ?)
2026-03-03 19:39:34 [] DEBUG - 
    insert 
    into
        tasks
        (artist_id, comment, deadline, priority, title, id) 
    values
        (?, ?, ?, ?, ?, ?)
2026-03-03 19:39:34 [] DEBUG - 
    insert 
    into
        tasks
        (artist_id, comment, deadline, priority, title, id) 
    values
        (?, ?, ?, ?, ?, ?)
2026-03-03 19:39:34 [] DEBUG - 
    delete 
    from
        tasks 
    where
        id=?
2026-03-03 19:39:34 [] DEBUG - 
    delete 
    from
        tasks 
    where
        id=?
2026-03-03 19:39:34 [] DEBUG - 
    delete 
    from
        tasks 
    where
        id=?
2026-03-03 19:39:34 [] DEBUG - 
    delete 
    from
        tasks 
    where
        id=?
2026-03-03 19:39:34 [] DEBUG - 
    select
        t1_0.id,
        t1_0.artist_id,
        t1_0.comment,
        t1_0.deadline,
        t1_0.priority,
        t1_0.title 
    from
        tasks t1_0 
    order by
        t1_0.id desc
2026-03-03 19:39:34 [] DEBUG - 
    select
        t1_0.id,
        t1_0.artist_id,
        t1_0.comment,
        t1_0.deadline,
        t1_0.priority,
        t1_0.title 
    from
        tasks t1_0
2026-03-03 19:39:34 [] DEBUG - 
    insert 
    into
        tasks
        (artist_id, comment, deadline, priority, title, id) 
    values
        (?, ?, ?, ?, ?, ?)
2026-03-03 19:39:34 [] DEBUG - 
    insert 
    into
        tasks
        (artist_id, comment, deadline, priority, title, id) 
    values
        (?, ?, ?, ?, ?, ?)
2026-03-03 19:39:34 [] DEBUG - 
    insert 
    into
        tasks
        (artist_id, comment, deadline, priority, title, id) 
    values
        (?, ?, ?, ?, ?, ?)
2026-03-03 19:39:34 [] DEBUG - 
    insert 
    into
        tasks
        (artist_id, comment, deadline, priority, title, id) 
    values
        (?, ?, ?, ?, ?, ?)
2026-03-03 19:39:34 [] DEBUG - 
    insert 
    into
        tasks
        (artist_id, comment, deadline, priority, title, id) 
    values
        (?, ?, ?, ?, ?, ?)
2026-03-03 19:39:34 [] DEBUG - 
    insert 
    into
        tasks
        (artist_id, comment, deadline, priority, title, id) 
    values
        (?, ?, ?, ?, ?, ?)
2026-03-03 19:39:34 [] DEBUG - 
    delete 
    from
        tasks 
    where
        id=?
2026-03-03 19:39:34 [] DEBUG - 
    delete 
    from
        tasks 
    where
        id=?
2026-03-03 19:39:34 [] DEBUG - 
    delete 
    from
        tasks 
    where
        id=?
2026-03-03 19:39:34 [] DEBUG - 
    delete 
    from
        tasks 
    where
        id=?
2026-03-03 19:39:34 [] DEBUG - 
    select
        t1_0.id,
        t1_0.artist_id,
        t1_0.comment,
        t1_0.deadline,
        t1_0.priority,
        t1_0.title 
    from
        tasks t1_0 
    order by
        t1_0.deadline desc
2026-03-03 19:39:34 [] DEBUG - 
    select
        t1_0.id,
        t1_0.artist_id,
        t1_0.comment,
        t1_0.deadline,
        t1_0.priority,
        t1_0.title 
    from
        tasks t1_0
2026-03-03 19:39:34 [] DEBUG - 
    insert 
    into
        tasks
        (artist_id, comment, deadline, priority, title, id) 
    values
        (?, ?, ?, ?, ?, ?)
2026-03-03 19:39:34 [] DEBUG - 
    insert 
    into
        tasks
        (artist_id, comment, deadline, priority, title, id) 
    values
        (?, ?, ?, ?, ?, ?)
2026-03-03 19:39:34 [] DEBUG - 
    insert 
    into
        tasks
        (artist_id, comment, deadline, priority, title, id) 
    values
        (?, ?, ?, ?, ?, ?)
2026-03-03 19:39:34 [] DEBUG - 
    insert 
    into
        tasks
        (artist_id, comment, deadline, priority, title, id) 
    values
        (?, ?, ?, ?, ?, ?)
2026-03-03 19:39:34 [] DEBUG - 
    delete 
    from
        tasks 
    where
        id=?
2026-03-03 19:39:34 [] DEBUG - 
    delete 
    from
        tasks 
    where
        id=?
2026-03-03 19:39:34 [] DEBUG - 
    delete 
    from
        tasks 
    where
        id=?
2026-03-03 19:39:34 [] DEBUG - 
    delete 
    from
        tasks 
    where
        id=?
2026-03-03 19:39:34 [] DEBUG - 
    select
        t1_0.id,
        t1_0.artist_id,
        t1_0.comment,
        t1_0.deadline,
        t1_0.priority,
        t1_0.title 
    from
        tasks t1_0 
    order by
        t1_0.priority
2026-03-03 19:39:34 [] DEBUG - 
    select
        t1_0.id,
        t1_0.artist_id,
        t1_0.comment,
        t1_0.deadline,
        t1_0.priority,
        t1_0.title 
    from
        tasks t1_0
2026-03-03 19:39:34 [] DEBUG - 
    insert 
    into
        tasks
        (artist_id, comment, deadline, priority, title, id) 
    values
        (?, ?, ?, ?, ?, ?)
2026-03-03 19:39:34 [] DEBUG - 
    insert 
    into
        tasks
        (artist_id, comment, deadline, priority, title, id) 
    values
        (?, ?, ?, ?, ?, ?)
2026-03-03 19:39:34 [] DEBUG - 
    insert 
    into
        tasks
        (artist_id, comment, deadline, priority, title, id) 
    values
        (?, ?, ?, ?, ?, ?)
2026-03-03 19:39:34 [] DEBUG - 
    insert 
    into
        tasks
        (artist_id, comment, deadline, priority, title, id) 
    values
        (?, ?, ?, ?, ?, ?)
2026-03-03 19:39:34 [] DEBUG - 
    delete 
    from
        tasks 
    where
        id=?
2026-03-03 19:39:34 [] DEBUG - 
    delete 
    from
        tasks 
    where
        id=?
2026-03-03 19:39:34 [] DEBUG - 
    delete 
    from
        tasks 
    where
        id=?
2026-03-03 19:39:34 [] DEBUG - 
    delete 
    from
        tasks 
    where
        id=?
2026-03-03 19:39:34 [] DEBUG - 
    select
        t1_0.id,
        t1_0.artist_id,
        t1_0.comment,
        t1_0.deadline,
        t1_0.priority,
        t1_0.title 
    from
        tasks t1_0 
    order by
        t1_0.id
2026-03-03 19:39:34 [] DEBUG - 
    select
        t1_0.id,
        t1_0.artist_id,
        t1_0.comment,
        t1_0.deadline,
        t1_0.priority,
        t1_0.title 
    from
        tasks t1_0
2026-03-03 19:39:34 [] DEBUG - 
    insert 
    into
        tasks
        (artist_id, comment, deadline, priority, title, id) 
    values
        (?, ?, ?, ?, ?, ?)
2026-03-03 19:39:34 [] DEBUG - 
    insert 
    into
        tasks
        (artist_id, comment, deadline, priority, title, id) 
    values
        (?, ?, ?, ?, ?, ?)
2026-03-03 19:39:34 [] DEBUG - 
    insert 
    into
        tasks
        (artist_id, comment, deadline, priority, title, id) 
    values
        (?, ?, ?, ?, ?, ?)
2026-03-03 19:39:34 [] DEBUG - 
    insert 
    into
        tasks
        (artist_id, comment, deadline, priority, title, id) 
    values
        (?, ?, ?, ?, ?, ?)
2026-03-03 19:39:34 [] DEBUG - 
    delete 
    from
        tasks 
    where
        id=?
2026-03-03 19:39:34 [] DEBUG - 
    delete 
    from
        tasks 
    where
        id=?
2026-03-03 19:39:34 [] DEBUG - 
    delete 
    from
        tasks 
    where
        id=?
2026-03-03 19:39:34 [] DEBUG - 
    delete 
    from
        tasks 
    where
        id=?
2026-03-03 19:39:34 [] DEBUG - 
    select
        t1_0.id,
        t1_0.artist_id,
        t1_0.comment,
        t1_0.deadline,
        t1_0.priority,
        t1_0.title 
    from
        tasks t1_0 
    where
        t1_0.artist_id=?
2026-03-03 19:39:34 [] DEBUG - 
    select
        t1_0.id,
        t1_0.artist_id,
        t1_0.comment,
        t1_0.deadline,
        t1_0.priority,
        t1_0.title 
    from
        tasks t1_0 
    where
        t1_0.artist_id=?
2026-03-03 19:39:34 [] DEBUG - 
    select
        t1_0.id,
        t1_0.artist_id,
        t1_0.comment,
        t1_0.deadline,
        t1_0.priority,
        t1_0.title 
    from
        tasks t1_0 
    where
        t1_0.artist_id=?
2026-03-03 19:39:34 [] INFO  - Closing JPA EntityManagerFactory for persistence unit 'default'
2026-03-03 19:39:34 [] INFO  - HikariPool-1 - Shutdown initiated...
2026-03-03 19:39:34 [] INFO  - HikariPool-1 - Shutdown completed.
2026-03-03 19:51:29 [] INFO  - Starting WebappApplicationTests using Java 21.0.7 with PID 25500 (started by Дима in C:\Users\Дима\Downloads\webappII\webapp)
2026-03-03 19:51:29 [] DEBUG - Running with Spring Boot v4.0.0, Spring v7.0.1
2026-03-03 19:51:29 [] INFO  - No active profile set, falling back to 1 default profile: "default"
2026-03-03 19:51:29 [] INFO  - Bootstrapping Spring Data JPA repositories in DEFAULT mode.
2026-03-03 19:51:29 [] INFO  - Finished Spring Data repository scanning in 73 ms. Found 3 JPA repository interfaces.
2026-03-03 19:51:30 [] INFO  - HHH000204: Processing PersistenceUnitInfo [name: default]
2026-03-03 19:51:30 [] INFO  - HHH000412: Hibernate ORM core version 7.1.8.Final
2026-03-03 19:51:31 [] INFO  - No LoadTimeWeaver setup: ignoring JPA class transformer
2026-03-03 19:51:31 [] INFO  - HikariPool-1 - Starting...
2026-03-03 19:51:31 [] INFO  - HikariPool-1 - Added connection org.postgresql.jdbc.PgConnection@5fd4e67f
2026-03-03 19:51:31 [] INFO  - HikariPool-1 - Start completed.
2026-03-03 19:51:31 [] WARN  - HHH90000025: PostgreSQLDialect does not need to be specified explicitly using 'hibernate.dialect' (remove the property setting and it will be selected by default)
2026-03-03 19:51:31 [] INFO  - HHH10001005: Database info:
	Database JDBC URL [jdbc:postgresql://localhost:1408/tasks]
	Database driver: PostgreSQL JDBC Driver
	Database dialect: PostgreSQLDialect
	Database version: 16.2
	Default catalog/schema: tasks/public
	Autocommit mode: undefined/unknown
	Isolation level: READ_COMMITTED [default READ_COMMITTED]
	JDBC fetch size: none
	Pool: DatasourceConnectionProviderImpl
	Minimum pool size: undefined/unknown
	Maximum pool size: undefined/unknown
2026-03-03 19:51:32 [] INFO  - HHH000489: No JTA platform available (set 'hibernate.transaction.jta.platform' to enable JTA platform integration)
2026-03-03 19:51:32 [] INFO  - Initialized JPA EntityManagerFactory for persistence unit 'default'
2026-03-03 19:51:32 [] INFO  - Hibernate is in classpath; If applicable, HQL parser will be used.
2026-03-03 19:51:32 [] WARN  - spring.jpa.open-in-view is enabled by default. Therefore, database queries may be performed during view rendering. Explicitly configure spring.jpa.open-in-view to disable this warning
2026-03-03 19:51:32 [] INFO  - Global AuthenticationManager configured with AuthenticationProvider bean with name authenticationProvider
2026-03-03 19:51:32 [] WARN  - Global AuthenticationManager configured with an AuthenticationProvider bean. UserDetailsService beans will not be used by Spring Security for automatically configuring username/password login. Consider removing the AuthenticationProvider bean. Alternatively, consider using the UserDetailsService in a manually instantiated DaoAuthenticationProvider. If the current configuration is intentional, to turn off this warning, increase the logging level of 'org.springframework.security.config.annotation.authentication.configuration.InitializeUserDetailsBeanManagerConfigurer' to ERROR
2026-03-03 19:51:33 [] INFO  - Started WebappApplicationTests in 4.856 seconds (process running for 6.265)
2026-03-03 19:51:33 [] INFO  - Could not detect default configuration classes for test class [com.site.webapp.repo.UserRepositoryTest]: UserRepositoryTest does not declare any static, non-private, non-final, nested classes annotated with @Configuration.
2026-03-03 19:51:34 [] INFO  - Found @SpringBootConfiguration com.site.webapp.WebappApplication for test class com.site.webapp.repo.UserRepositoryTest
2026-03-03 19:51:34 [] DEBUG - 
    select
        u1_0.id,
        u1_0.email,
        u1_0.first_name,
        u1_0.last_name,
        u1_0.password 
    from
        users u1_0
2026-03-03 19:51:34 [] DEBUG - 
    select
        r1_0.user_id,
        r1_1.id,
        r1_1.name 
    from
        user_roles r1_0 
    join
        roles r1_1 
            on r1_1.id=r1_0.role_id 
    where
        r1_0.user_id=?
2026-03-03 19:51:34 [] DEBUG - 
    select
        r1_0.user_id,
        r1_1.id,
        r1_1.name 
    from
        user_roles r1_0 
    join
        roles r1_1 
            on r1_1.id=r1_0.role_id 
    where
        r1_0.user_id=?
2026-03-03 19:51:34 [] DEBUG - 
    select
        r1_0.user_id,
        r1_1.id,
        r1_1.name 
    from
        user_roles r1_0 
    join
        roles r1_1 
            on r1_1.id=r1_0.role_id 
    where
        r1_0.user_id=?
2026-03-03 19:51:34 [] DEBUG - 
    select
        r1_0.user_id,
        r1_1.id,
        r1_1.name 
    from
        user_roles r1_0 
    join
        roles r1_1 
            on r1_1.id=r1_0.role_id 
    where
        r1_0.user_id=?
2026-03-03 19:51:34 [] DEBUG - 
    insert 
    into
        users
        (email, first_name, last_name, password) 
    values
        (?, ?, ?, ?)
2026-03-03 19:51:34 [] DEBUG - 
    delete 
    from
        user_roles 
    where
        user_id=?
2026-03-03 19:51:34 [] DEBUG - 
    delete 
    from
        user_roles 
    where
        user_id=?
2026-03-03 19:51:34 [] DEBUG - 
    delete 
    from
        user_roles 
    where
        user_id=?
2026-03-03 19:51:34 [] DEBUG - 
    delete 
    from
        users 
    where
        id=?
2026-03-03 19:51:34 [] DEBUG - 
    delete 
    from
        users 
    where
        id=?
2026-03-03 19:51:34 [] DEBUG - 
    delete 
    from
        users 
    where
        id=?
2026-03-03 19:51:34 [] DEBUG - 
    delete 
    from
        users 
    where
        id=?
2026-03-03 19:51:34 [] DEBUG - 
    select
        u1_0.id,
        u1_0.email,
        u1_0.first_name,
        u1_0.last_name,
        u1_0.password 
    from
        users u1_0 
    where
        u1_0.email=?
2026-03-03 19:51:34 [] INFO  - Could not detect default configuration classes for test class [com.site.webapp.controllers.RegistrationControllerTest]: RegistrationControllerTest does not declare any static, non-private, non-final, nested classes annotated with @Configuration.
2026-03-03 19:51:34 [] INFO  - Found @SpringBootConfiguration com.site.webapp.WebappApplication for test class com.site.webapp.controllers.RegistrationControllerTest
2026-03-03 19:51:34 [] DEBUG - 
    select
        u1_0.id,
        u1_0.email,
        u1_0.first_name,
        u1_0.last_name,
        u1_0.password 
    from
        users u1_0 
    where
        u1_0.email=?
2026-03-03 19:51:34 [] DEBUG - 
    select
        r1_0.id,
        r1_0.name 
    from
        roles r1_0 
    where
        r1_0.id=?
2026-03-03 19:51:34 [] DEBUG - 
    insert 
    into
        users
        (email, first_name, last_name, password) 
    values
        (?, ?, ?, ?)
2026-03-03 19:51:34 [] DEBUG - 
    select
        u1_0.id,
        u1_0.email,
        u1_0.first_name,
        u1_0.last_name,
        u1_0.password 
    from
        users u1_0 
    where
        u1_0.email=?
2026-03-03 19:51:34 [] DEBUG - 
    select
        u1_0.id,
        u1_0.email,
        u1_0.first_name,
        u1_0.last_name,
        u1_0.password 
    from
        users u1_0 
    where
        u1_0.email=?
2026-03-03 19:51:34 [] INFO  - Could not detect default configuration classes for test class [com.site.webapp.service.UserServiceTest]: UserServiceTest does not declare any static, non-private, non-final, nested classes annotated with @Configuration.
2026-03-03 19:51:34 [] INFO  - Found @SpringBootConfiguration com.site.webapp.WebappApplication for test class com.site.webapp.service.UserServiceTest
2026-03-03 19:51:34 [] DEBUG - 
    select
        u1_0.id,
        u1_0.email,
        u1_0.first_name,
        u1_0.last_name,
        u1_0.password 
    from
        users u1_0 
    where
        u1_0.email=?
2026-03-03 19:51:34 [] DEBUG - 
    select
        r1_0.id,
        r1_0.name 
    from
        roles r1_0 
    where
        r1_0.id=?
2026-03-03 19:51:34 [] DEBUG - 
    insert 
    into
        users
        (email, first_name, last_name, password) 
    values
        (?, ?, ?, ?)
2026-03-03 19:51:34 [] DEBUG - 
    select
        u1_0.id,
        u1_0.email,
        u1_0.first_name,
        u1_0.last_name,
        u1_0.password 
    from
        users u1_0 
    where
        u1_0.email=?
2026-03-03 19:51:34 [] DEBUG - 
    select
        u1_0.id,
        u1_0.email,
        u1_0.first_name,
        u1_0.last_name,
        u1_0.password 
    from
        users u1_0 
    where
        u1_0.email=?
2026-03-03 19:51:34 [] DEBUG - 
    select
        r1_0.id,
        r1_0.name 
    from
        roles r1_0 
    where
        r1_0.id=?
2026-03-03 19:51:34 [] DEBUG - 
    insert 
    into
        users
        (email, first_name, last_name, password) 
    values
        (?, ?, ?, ?)
2026-03-03 19:51:34 [] DEBUG - 
    select
        u1_0.id,
        u1_0.email,
        u1_0.first_name,
        u1_0.last_name,
        u1_0.password 
    from
        users u1_0 
    where
        u1_0.email=?
2026-03-03 19:51:34 [] DEBUG - 
    select
        r1_0.id,
        r1_0.name 
    from
        roles r1_0 
    where
        r1_0.id=?
2026-03-03 19:51:34 [] DEBUG - 
    insert 
    into
        users
        (email, first_name, last_name, password) 
    values
        (?, ?, ?, ?)
2026-03-03 19:51:34 [] DEBUG - 
    select
        u1_0.id,
        u1_0.email,
        u1_0.first_name,
        u1_0.last_name,
        u1_0.password 
    from
        users u1_0 
    where
        u1_0.email=?
2026-03-03 19:51:34 [] DEBUG - 
    select
        u1_0.id,
        u1_0.email,
        u1_0.first_name,
        u1_0.last_name,
        u1_0.password 
    from
        users u1_0 
    where
        u1_0.email=?
2026-03-03 19:51:34 [] DEBUG - 
    select
        r1_0.id,
        r1_0.name 
    from
        roles r1_0 
    where
        r1_0.id=?
2026-03-03 19:51:34 [] DEBUG - 
    insert 
    into
        users
        (email, first_name, last_name, password) 
    values
        (?, ?, ?, ?)
2026-03-03 19:51:34 [] DEBUG - 
    select
        u1_0.id,
        u1_0.email,
        u1_0.first_name,
        u1_0.last_name,
        u1_0.password 
    from
        users u1_0 
    where
        u1_0.email=?
2026-03-03 19:51:34 [] DEBUG - 
    select
        u1_0.id,
        u1_0.email,
        u1_0.first_name,
        u1_0.last_name,
        u1_0.password 
    from
        users u1_0 
    where
        u1_0.email=?
2026-03-03 19:51:34 [] DEBUG - 
    select
        r1_0.id,
        r1_0.name 
    from
        roles r1_0 
    where
        r1_0.id=?
2026-03-03 19:51:35 [] DEBUG - 
    insert 
    into
        users
        (email, first_name, last_name, password) 
    values
        (?, ?, ?, ?)
2026-03-03 19:51:35 [] INFO  - Could not detect default configuration classes for test class [com.site.webapp.controllers.TaskControllerTest]: TaskControllerTest does not declare any static, non-private, non-final, nested classes annotated with @Configuration.
2026-03-03 19:51:35 [] INFO  - Found @SpringBootConfiguration com.site.webapp.WebappApplication for test class com.site.webapp.controllers.TaskControllerTest
2026-03-03 19:51:35 [] DEBUG - 
    select
        nextval('tasks_seq')
2026-03-03 19:51:35 [] DEBUG - 
    insert 
    into
        tasks
        (artist_id, comment, deadline, priority, title, id) 
    values
        (?, ?, ?, ?, ?, ?)
2026-03-03 19:51:35 [] DEBUG - 
    select
        count(*) 
    from
        tasks t1_0
2026-03-03 19:51:35 [] DEBUG - 
    select
        u1_0.id,
        u1_0.email,
        u1_0.first_name,
        u1_0.last_name,
        u1_0.password 
    from
        users u1_0 
    where
        u1_0.email=?
2026-03-03 19:51:35 [] DEBUG - 
    select
        r1_0.id,
        r1_0.name 
    from
        roles r1_0 
    where
        r1_0.id=?
2026-03-03 19:51:35 [] DEBUG - 
    insert 
    into
        users
        (email, first_name, last_name, password) 
    values
        (?, ?, ?, ?)
2026-03-03 19:51:35 [] DEBUG - 
    insert 
    into
        tasks
        (artist_id, comment, deadline, priority, title, id) 
    values
        (?, ?, ?, ?, ?, ?)
2026-03-03 19:51:35 [] DEBUG - 
    insert 
    into
        user_roles
        (user_id, role_id) 
    values
        (?, ?)
2026-03-03 19:51:35 [] DEBUG - 
    select
        t1_0.id,
        t1_0.artist_id,
        t1_0.comment,
        t1_0.deadline,
        t1_0.priority,
        t1_0.title 
    from
        tasks t1_0 
    where
        t1_0.artist_id=?
2026-03-03 19:51:35 [] DEBUG - 
    select
        u1_0.id,
        u1_0.email,
        u1_0.first_name,
        u1_0.last_name,
        u1_0.password 
    from
        users u1_0
2026-03-03 19:51:35 [] DEBUG - 
    select
        r1_0.user_id,
        r1_1.id,
        r1_1.name 
    from
        user_roles r1_0 
    join
        roles r1_1 
            on r1_1.id=r1_0.role_id 
    where
        r1_0.user_id=?
2026-03-03 19:51:35 [] DEBUG - 
    select
        r1_0.user_id,
        r1_1.id,
        r1_1.name 
    from
        user_roles r1_0 
    join
        roles r1_1 
            on r1_1.id=r1_0.role_id 
    where
        r1_0.user_id=?
2026-03-03 19:51:35 [] DEBUG - 
    select
        r1_0.user_id,
        r1_1.id,
        r1_1.name 
    from
        user_roles r1_0 
    join
        roles r1_1 
            on r1_1.id=r1_0.role_id 
    where
        r1_0.user_id=?
2026-03-03 19:51:35 [] DEBUG - 
    select
        r1_0.user_id,
        r1_1.id,
        r1_1.name 
    from
        user_roles r1_0 
    join
        roles r1_1 
            on r1_1.id=r1_0.role_id 
    where
        r1_0.user_id=?
2026-03-03 19:51:35 [] INFO  - Could not detect default configuration classes for test class [com.site.webapp.repo.TasksRepositoryTest]: TasksRepositoryTest does not declare any static, non-private, non-final, nested classes annotated with @Configuration.
2026-03-03 19:51:35 [] INFO  - Found @SpringBootConfiguration com.site.webapp.WebappApplication for test class com.site.webapp.repo.TasksRepositoryTest
2026-03-03 19:51:35 [] DEBUG - 
    select
        t1_0.id,
        t1_0.artist_id,
        t1_0.comment,
        t1_0.deadline,
        t1_0.priority,
        t1_0.title 
    from
        tasks t1_0
2026-03-03 19:51:35 [] DEBUG - 
    insert 
    into
        tasks
        (artist_id, comment, deadline, priority, title, id) 
    values
        (?, ?, ?, ?, ?, ?)
2026-03-03 19:51:35 [] DEBUG - 
    insert 
    into
        tasks
        (artist_id, comment, deadline, priority, title, id) 
    values
        (?, ?, ?, ?, ?, ?)
2026-03-03 19:51:35 [] DEBUG - 
    insert 
    into
        tasks
        (artist_id, comment, deadline, priority, title, id) 
    values
        (?, ?, ?, ?, ?, ?)
2026-03-03 19:51:35 [] DEBUG - 
    insert 
    into
        tasks
        (artist_id, comment, deadline, priority, title, id) 
    values
        (?, ?, ?, ?, ?, ?)
2026-03-03 19:51:35 [] DEBUG - 
    delete 
    from
        tasks 
    where
        id=?
2026-03-03 19:51:35 [] DEBUG - 
    delete 
    from
        tasks 
    where
        id=?
2026-03-03 19:51:35 [] DEBUG - 
    delete 
    from
        tasks 
    where
        id=?
2026-03-03 19:51:35 [] DEBUG - 
    delete 
    from
        tasks 
    where
        id=?
2026-03-03 19:51:35 [] DEBUG - 
    select
        t1_0.id,
        t1_0.artist_id,
        t1_0.comment,
        t1_0.deadline,
        t1_0.priority,
        t1_0.title 
    from
        tasks t1_0 
    order by
        t1_0.id desc
2026-03-03 19:51:35 [] DEBUG - 
    select
        t1_0.id,
        t1_0.artist_id,
        t1_0.comment,
        t1_0.deadline,
        t1_0.priority,
        t1_0.title 
    from
        tasks t1_0
2026-03-03 19:51:35 [] DEBUG - 
    insert 
    into
        tasks
        (artist_id, comment, deadline, priority, title, id) 
    values
        (?, ?, ?, ?, ?, ?)
2026-03-03 19:51:35 [] DEBUG - 
    insert 
    into
        tasks
        (artist_id, comment, deadline, priority, title, id) 
    values
        (?, ?, ?, ?, ?, ?)
2026-03-03 19:51:35 [] DEBUG - 
    insert 
    into
        tasks
        (artist_id, comment, deadline, priority, title, id) 
    values
        (?, ?, ?, ?, ?, ?)
2026-03-03 19:51:35 [] DEBUG - 
    insert 
    into
        tasks
        (artist_id, comment, deadline, priority, title, id) 
    values
        (?, ?, ?, ?, ?, ?)
2026-03-03 19:51:35 [] DEBUG - 
    insert 
    into
        tasks
        (artist_id, comment, deadline, priority, title, id) 
    values
        (?, ?, ?, ?, ?, ?)
2026-03-03 19:51:35 [] DEBUG - 
    insert 
    into
        tasks
        (artist_id, comment, deadline, priority, title, id) 
    values
        (?, ?, ?, ?, ?, ?)
2026-03-03 19:51:35 [] DEBUG - 
    delete 
    from
        tasks 
    where
        id=?
2026-03-03 19:51:35 [] DEBUG - 
    delete 
    from
        tasks 
    where
        id=?
2026-03-03 19:51:35 [] DEBUG - 
    delete 
    from
        tasks 
    where
        id=?
2026-03-03 19:51:35 [] DEBUG - 
    delete 
    from
        tasks 
    where
        id=?
2026-03-03 19:51:35 [] DEBUG - 
    select
        t1_0.id,
        t1_0.artist_id,
        t1_0.comment,
        t1_0.deadline,
        t1_0.priority,
        t1_0.title 
    from
        tasks t1_0 
    order by
        t1_0.deadline desc
2026-03-03 19:51:35 [] DEBUG - 
    select
        t1_0.id,
        t1_0.artist_id,
        t1_0.comment,
        t1_0.deadline,
        t1_0.priority,
        t1_0.title 
    from
        tasks t1_0
2026-03-03 19:51:35 [] DEBUG - 
    insert 
    into
        tasks
        (artist_id, comment, deadline, priority, title, id) 
    values
        (?, ?, ?, ?, ?, ?)
2026-03-03 19:51:35 [] DEBUG - 
    insert 
    into
        tasks
        (artist_id, comment, deadline, priority, title, id) 
    values
        (?, ?, ?, ?, ?, ?)
2026-03-03 19:51:35 [] DEBUG - 
    insert 
    into
        tasks
        (artist_id, comment, deadline, priority, title, id) 
    values
        (?, ?, ?, ?, ?, ?)
2026-03-03 19:51:35 [] DEBUG - 
    insert 
    into
        tasks
        (artist_id, comment, deadline, priority, title, id) 
    values
        (?, ?, ?, ?, ?, ?)
2026-03-03 19:51:35 [] DEBUG - 
    delete 
    from
        tasks 
    where
        id=?
2026-03-03 19:51:35 [] DEBUG - 
    delete 
    from
        tasks 
    where
        id=?
2026-03-03 19:51:35 [] DEBUG - 
    delete 
    from
        tasks 
    where
        id=?
2026-03-03 19:51:35 [] DEBUG - 
    delete 
    from
        tasks 
    where
        id=?
2026-03-03 19:51:35 [] DEBUG - 
    select
        t1_0.id,
        t1_0.artist_id,
        t1_0.comment,
        t1_0.deadline,
        t1_0.priority,
        t1_0.title 
    from
        tasks t1_0 
    order by
        t1_0.priority
2026-03-03 19:51:35 [] DEBUG - 
    select
        t1_0.id,
        t1_0.artist_id,
        t1_0.comment,
        t1_0.deadline,
        t1_0.priority,
        t1_0.title 
    from
        tasks t1_0
2026-03-03 19:51:35 [] DEBUG - 
    insert 
    into
        tasks
        (artist_id, comment, deadline, priority, title, id) 
    values
        (?, ?, ?, ?, ?, ?)
2026-03-03 19:51:35 [] DEBUG - 
    insert 
    into
        tasks
        (artist_id, comment, deadline, priority, title, id) 
    values
        (?, ?, ?, ?, ?, ?)
2026-03-03 19:51:35 [] DEBUG - 
    insert 
    into
        tasks
        (artist_id, comment, deadline, priority, title, id) 
    values
        (?, ?, ?, ?, ?, ?)
2026-03-03 19:51:35 [] DEBUG - 
    insert 
    into
        tasks
        (artist_id, comment, deadline, priority, title, id) 
    values
        (?, ?, ?, ?, ?, ?)
2026-03-03 19:51:35 [] DEBUG - 
    delete 
    from
        tasks 
    where
        id=?
2026-03-03 19:51:35 [] DEBUG - 
    delete 
    from
        tasks 
    where
        id=?
2026-03-03 19:51:35 [] DEBUG - 
    delete 
    from
        tasks 
    where
        id=?
2026-03-03 19:51:35 [] DEBUG - 
    delete 
    from
        tasks 
    where
        id=?
2026-03-03 19:51:35 [] DEBUG - 
    select
        t1_0.id,
        t1_0.artist_id,
        t1_0.comment,
        t1_0.deadline,
        t1_0.priority,
        t1_0.title 
    from
        tasks t1_0 
    order by
        t1_0.id
2026-03-03 19:51:35 [] DEBUG - 
    select
        t1_0.id,
        t1_0.artist_id,
        t1_0.comment,
        t1_0.deadline,
        t1_0.priority,
        t1_0.title 
    from
        tasks t1_0
2026-03-03 19:51:35 [] DEBUG - 
    insert 
    into
        tasks
        (artist_id, comment, deadline, priority, title, id) 
    values
        (?, ?, ?, ?, ?, ?)
2026-03-03 19:51:35 [] DEBUG - 
    insert 
    into
        tasks
        (artist_id, comment, deadline, priority, title, id) 
    values
        (?, ?, ?, ?, ?, ?)
2026-03-03 19:51:35 [] DEBUG - 
    insert 
    into
        tasks
        (artist_id, comment, deadline, priority, title, id) 
    values
        (?, ?, ?, ?, ?, ?)
2026-03-03 19:51:35 [] DEBUG - 
    insert 
    into
        tasks
        (artist_id, comment, deadline, priority, title, id) 
    values
        (?, ?, ?, ?, ?, ?)
2026-03-03 19:51:35 [] DEBUG - 
    delete 
    from
        tasks 
    where
        id=?
2026-03-03 19:51:35 [] DEBUG - 
    delete 
    from
        tasks 
    where
        id=?
2026-03-03 19:51:35 [] DEBUG - 
    delete 
    from
        tasks 
    where
        id=?
2026-03-03 19:51:35 [] DEBUG - 
    delete 
    from
        tasks 
    where
        id=?
2026-03-03 19:51:35 [] DEBUG - 
    select
        t1_0.id,
        t1_0.artist_id,
        t1_0.comment,
        t1_0.deadline,
        t1_0.priority,
        t1_0.title 
    from
        tasks t1_0 
    where
        t1_0.artist_id=?
2026-03-03 19:51:35 [] DEBUG - 
    select
        t1_0.id,
        t1_0.artist_id,
        t1_0.comment,
        t1_0.deadline,
        t1_0.priority,
        t1_0.title 
    from
        tasks t1_0 
    where
        t1_0.artist_id=?
2026-03-03 19:51:35 [] DEBUG - 
    select
        t1_0.id,
        t1_0.artist_id,
        t1_0.comment,
        t1_0.deadline,
        t1_0.priority,
        t1_0.title 
    from
        tasks t1_0 
    where
        t1_0.artist_id=?
2026-03-03 19:51:35 [] INFO  - Closing JPA EntityManagerFactory for persistence unit 'default'
2026-03-03 19:51:35 [] INFO  - HikariPool-1 - Shutdown initiated...
2026-03-03 19:51:35 [] INFO  - HikariPool-1 - Shutdown completed.
